Unity Editor version:    2022.3.62f3 (96770f904ca7)
Branch:                  2022.3/respin/2022.3.62f2-4af31df585-v2
Build type:              Release
Batch mode:              YES
System name:             Linux
Distro version:          #111~22.04.1-Ubuntu SMP PREEMPT_DYNAMIC Tue Apr 14 17:13:45 UTC 
Kernel version:          6.8.0-111-generic
Architecture:            x86_64
Available memory:        31502 MB
[Licensing::Module] Trying to connect to existing licensing client channel...
[Licensing::IpcConnector] Successfully connected to: "LicenseClient-luis" at "2026-05-12T21:34:04.817047Z"
[SignatureVerifier] Application signature verification not supported on this platform.
[Licensing::Client] Handshaking with LicensingClient:
  Version:                 1.17.4+4293ba1
  Session Id:              4ccf0b0ac8494d12a3e61bad96cc420d
  Correlation Id:          9cbdd892b6ea944b80d6bdc40a3a7011
  External correlation Id: 4397933644763903575
  Machine Id:              NuXp6ozx6usb7N+3DgLD2HAX2bE=
[Licensing::Module] Successfully connected to LicensingClient on channel: "LicenseClient-luis" (connect: 0.00s, validation: 0.01s, handshake: 0.00s)
[Licensing::IpcConnector] Successfully connected to: "LicenseClient-luis-notifications" at "2026-05-12T21:34:04.827721Z"
[Licensing::Module] Error: Access token is unavailable; failed to update
[Licensing::Client] Successfully updated license
[Licensing::Client] Successfully resolved entitlement details
[Licensing::Module] Serial number assigned to: "6872844096294-UnityPersXXXX"
Pro License: NO
Desktop is 4096 x 2560 @ 60 Hz
Initialize udev device monitor.
[Licensing::Client] Successfully resolved entitlement details

COMMAND LINE ARGUMENTS:
/home/luis/Unity/Hub/Editor/2022.3.62f3/Editor/Unity
-batchmode
-quit
-projectPath
/home/luis/palingenesys/asimovbm/unity_mujoco_slam
-executeMethod
Asimov.UnityMujoco.Editor.MjcfEpisodeSceneGenerator.BootstrapProject
-logFile
/home/luis/palingenesys/asimovbm/unity-bootstrap.log
Successfully changed project path to: /home/luis/palingenesys/asimovbm/unity_mujoco_slam
/home/luis/palingenesys/asimovbm/unity_mujoco_slam
[UnityMemory] Configuration Parameters - Can be set up in boot.config
    "memorysetup-bucket-allocator-granularity=16"
    "memorysetup-bucket-allocator-bucket-count=8"
    "memorysetup-bucket-allocator-block-size=33554432"
    "memorysetup-bucket-allocator-block-count=8"
    "memorysetup-main-allocator-block-size=16777216"
    "memorysetup-thread-allocator-block-size=16777216"
    "memorysetup-gfx-main-allocator-block-size=16777216"
    "memorysetup-gfx-thread-allocator-block-size=16777216"
    "memorysetup-cache-allocator-block-size=4194304"
    "memorysetup-typetree-allocator-block-size=2097152"
    "memorysetup-profiler-bucket-allocator-granularity=16"
    "memorysetup-profiler-bucket-allocator-bucket-count=8"
    "memorysetup-profiler-bucket-allocator-block-size=33554432"
    "memorysetup-profiler-bucket-allocator-block-count=8"
    "memorysetup-profiler-allocator-block-size=16777216"
    "memorysetup-profiler-editor-allocator-block-size=1048576"
    "memorysetup-temp-allocator-size-main=16777216"
    "memorysetup-job-temp-allocator-block-size=2097152"
    "memorysetup-job-temp-allocator-block-size-background=1048576"
    "memorysetup-job-temp-allocator-reduction-small-platforms=262144"
    "memorysetup-allocator-temp-initial-block-size-main=262144"
    "memorysetup-allocator-temp-initial-block-size-worker=262144"
    "memorysetup-temp-allocator-size-background-worker=32768"
    "memorysetup-temp-allocator-size-job-worker=262144"
    "memorysetup-temp-allocator-size-preload-manager=33554432"
    "memorysetup-temp-allocator-size-nav-mesh-worker=65536"
    "memorysetup-temp-allocator-size-audio-worker=65536"
    "memorysetup-temp-allocator-size-cloud-worker=32768"
    "memorysetup-temp-allocator-size-gi-baking-worker=262144"
    "memorysetup-temp-allocator-size-gfx=262144"
Player connection [125117579547584]  Target information:

Player connection [125117579547584]  * "[IP] 172.20.10.2 [Port] 55504 [Flags] 2 [Guid] 4166656847 [EditorId] 4166656847 [Version] 1048832 [Id] LinuxEditor(16,172.20.10.2) [Debug] 1 [PackageName] LinuxEditor [ProjectName] Editor" 

Player connection [125117579547584]  * "[IP] 172.18.0.1 [Port] 55504 [Flags] 2 [Guid] 4166656847 [EditorId] 4166656847 [Version] 1048832 [Id] LinuxEditor(16,172.20.10.2) [Debug] 1 [PackageName] LinuxEditor [ProjectName] Editor" 

Player connection [125117579547584]  * "[IP] 172.17.0.1 [Port] 55504 [Flags] 2 [Guid] 4166656847 [EditorId] 4166656847 [Version] 1048832 [Id] LinuxEditor(16,172.20.10.2) [Debug] 1 [PackageName] LinuxEditor [ProjectName] Editor" 

Player connection [125117579547584] Host joined multi-casting on [225.0.0.222:54997]...
Player connection [125117579547584] Host joined alternative multi-casting on [225.0.0.222:34997]...
Input System module state changed to: Initialized.
[PhysX] Initialized MultithreadedTaskDispatcher with 22 workers.
Error opening a HTTP REST server port between 38000 and 38100
[Package Manager] UpmClient::Connect -- Connected to IPC stream "Upm-43513" after 0.1 seconds.
[Package Manager] Restoring resolved packages state from cache
[Licensing::Client] Successfully resolved entitlement details
[Package Manager] Registered 10 packages:
  Packages from [https://packages.unity.com]:
    com.unity.test-framework@1.4.5 (location: /home/luis/palingenesys/asimovbm/unity_mujoco_slam/Library/PackageCache/com.unity.test-framework@1.4.5)
    com.unity.ext.nunit@2.0.3 (location: /home/luis/palingenesys/asimovbm/unity_mujoco_slam/Library/PackageCache/com.unity.ext.nunit@2.0.3)
  Built-in packages:
    com.unity.ugui@1.0.0 (location: /home/luis/palingenesys/asimovbm/unity_mujoco_slam/Library/PackageCache/com.unity.ugui@1.0.0)
    com.unity.modules.imageconversion@1.0.0 (location: /home/luis/palingenesys/asimovbm/unity_mujoco_slam/Library/PackageCache/com.unity.modules.imageconversion@1.0.0)
    com.unity.modules.physics@1.0.0 (location: /home/luis/palingenesys/asimovbm/unity_mujoco_slam/Library/PackageCache/com.unity.modules.physics@1.0.0)
    com.unity.modules.terrain@1.0.0 (location: /home/luis/palingenesys/asimovbm/unity_mujoco_slam/Library/PackageCache/com.unity.modules.terrain@1.0.0)
    com.unity.modules.ui@1.0.0 (location: /home/luis/palingenesys/asimovbm/unity_mujoco_slam/Library/PackageCache/com.unity.modules.ui@1.0.0)
    com.unity.modules.imgui@1.0.0 (location: /home/luis/palingenesys/asimovbm/unity_mujoco_slam/Library/PackageCache/com.unity.modules.imgui@1.0.0)
    com.unity.modules.jsonserialize@1.0.0 (location: /home/luis/palingenesys/asimovbm/unity_mujoco_slam/Library/PackageCache/com.unity.modules.jsonserialize@1.0.0)
  Git packages:
    org.mujoco@https://github.com/google-deepmind/mujoco.git?path=/unity#3.7.0 (location: /home/luis/palingenesys/asimovbm/unity_mujoco_slam/Library/PackageCache/org.mujoco@72cb2b210d)
[Subsystems] No new subsystems found in resolved package list.
Package Manager log level set to [2]
[Package Manager] Done registering packages in 0.10 seconds
Artifact Garbage Collection - Removed 3 unused hashed content files
Refreshing native plugins compatible for Editor in 0.13 ms, found 0 plugins.
Preloading 0 native plugins for Editor in 0.00 ms.
Initialize engine version: 2022.3.62f3 (96770f904ca7)
[Subsystems] Discovering subsystems at path /home/luis/Unity/Hub/Editor/2022.3.62f3/Editor/Data/Resources/UnitySubsystems
[Subsystems] Discovering subsystems at path /home/luis/palingenesys/asimovbm/unity_mujoco_slam/Assets
GLX Extensions: GLX_ARB_context_flush_control GLX_ARB_create_context GLX_ARB_create_context_no_error GLX_ARB_create_context_profile GLX_ARB_create_context_robustness GLX_ARB_fbconfig_float GLX_ARB_framebuffer_sRGB GLX_ARB_get_proc_address GLX_ARB_multisample GLX_EXT_buffer_age GLX_EXT_create_context_es2_profile GLX_EXT_create_context_es_profile GLX_EXT_fbconfig_packed_float GLX_EXT_framebuffer_sRGB GLX_EXT_no_config_context GLX_EXT_swap_control GLX_EXT_swap_control_tear GLX_EXT_texture_from_pixmap GLX_EXT_visual_info GLX_EXT_visual_rating GLX_INTEL_swap_event GLX_MESA_copy_sub_buffer GLX_MESA_query_renderer GLX_MESA_swap_control GLX_OML_swap_method GLX_OML_sync_control GLX_SGIS_multisample GLX_SGIX_fbconfig GLX_SGIX_pbuffer GLX_SGIX_visual_select_group GLX_SGI_make_current_read GLX_SGI_swap_control GLX_SGI_video_sync 
Renderer: Mesa Intel(R) Arc(tm) Graphics (MTL)
Vendor:   Intel
Version:  4.6 (Core Profile) Mesa 23.2.1-1ubuntu3.1~22.04.3
GLES:     0
 GL_AMD_conservative_depth GL_AMD_depth_clamp_separate GL_AMD_draw_buffers_blend GL_AMD_gpu_shader_int64 GL_AMD_multi_draw_indirect GL_AMD_performance_monitor GL_AMD_query_buffer_object GL_AMD_seamless_cubemap_per_texture GL_AMD_shader_stencil_export GL_AMD_shader_trinary_minmax GL_AMD_texture_texture4 GL_AMD_vertex_shader_layer GL_AMD_vertex_shader_viewport_index GL_ANGLE_texture_compression_dxt3 GL_ANGLE_texture_compression_dxt5 GL_ARB_ES2_compatibility GL_ARB_ES3_1_compatibility GL_ARB_ES3_2_compatibility GL_ARB_ES3_compatibility GL_ARB_arrays_of_arrays GL_ARB_base_instance GL_ARB_blend_func_extended GL_ARB_buffer_storage GL_ARB_clear_buffer_object GL_ARB_clear_texture GL_ARB_clip_control GL_ARB_compressed_texture_pixel_storage GL_ARB_compute_shader GL_ARB_compute_variable_group_size GL_ARB_conditional_render_inverted GL_ARB_conservative_depth GL_ARB_copy_buffer GL_ARB_copy_image GL_ARB_cull_distance GL_ARB_debug_output GL_ARB_depth_buffer_float GL_ARB_depth_clamp GL_ARB_derivative_control GL_ARB_direct_s
tate_access GL_ARB_draw_buffers GL_ARB_draw_buffers_blend GL_ARB_draw_elements_base_vertex GL_ARB_draw_indirect GL_ARB_draw_instanced GL_ARB_enhanced_layouts GL_ARB_explicit_attrib_location GL_ARB_explicit_uniform_location GL_ARB_fragment_coord_conventions GL_ARB_fragment_layer_viewport GL_ARB_fragment_shader GL_ARB_fragment_shader_interlock GL_ARB_framebuffer_no_attachments GL_ARB_framebuffer_object GL_ARB_framebuffer_sRGB GL_ARB_get_program_binary GL_ARB_get_texture_sub_image GL_ARB_gl_spirv GL_ARB_gpu_shader5 GL_ARB_gpu_shader_fp64 GL_ARB_gpu_shader_int64 GL_ARB_half_float_pixel GL_ARB_half_float_vertex GL_ARB_indirect_parameters GL_ARB_instanced_arrays GL_ARB_internalformat_query GL_ARB_internalformat_query2 GL_ARB_invalidate_subdata GL_ARB_map_buffer_alignment GL_ARB_map_buffer_range GL_ARB_multi_bind GL_ARB_multi_draw_indirect GL_ARB_occlusion_query2 GL_ARB_parallel_shader_compile GL_ARB_pipeline_statistics_query GL_ARB_pixel_buffer_object GL_ARB_point_sprite GL_ARB_polygon_offset_clamp GL_ARB_post_dep
th_coverage GL_ARB_program_interface_query GL_ARB_provoking_vertex GL_ARB_query_buffer_object GL_ARB_robust_buffer_access_behavior GL_ARB_robustness GL_ARB_sample_shading GL_ARB_sampler_objects GL_ARB_seamless_cube_map GL_ARB_seamless_cubemap_per_texture GL_ARB_separate_shader_objects GL_ARB_shader_atomic_counter_ops GL_ARB_shader_atomic_counters GL_ARB_shader_ballot GL_ARB_shader_bit_encoding GL_ARB_shader_clock GL_ARB_shader_draw_parameters GL_ARB_shader_group_vote GL_ARB_shader_image_load_store GL_ARB_shader_image_size GL_ARB_shader_objects GL_ARB_shader_precision GL_ARB_shader_stencil_export GL_ARB_shader_storage_buffer_object GL_ARB_shader_subroutine GL_ARB_shader_texture_image_samples GL_ARB_shader_texture_lod GL_ARB_shader_viewport_layer_array GL_ARB_shading_language_420pack GL_ARB_shading_language_include GL_ARB_shading_language_packing GL_ARB_spirv_extensions GL_ARB_stencil_texturing GL_ARB_sync GL_ARB_tessellation_shader GL_ARB_texture_barrier GL_ARB_texture_buffer_object GL_ARB_texture_buffer_obje
ct_rgb32 GL_ARB_texture_buffer_range GL_ARB_texture_compression_bptc GL_ARB_texture_compression_rgtc GL_ARB_texture_cube_map_array GL_ARB_texture_filter_anisotropic GL_ARB_texture_float GL_ARB_texture_gather GL_ARB_texture_mirror_clamp_to_edge GL_ARB_texture_multisample GL_ARB_texture_non_power_of_two GL_ARB_texture_query_levels GL_ARB_texture_query_lod GL_ARB_texture_rectangle GL_ARB_texture_rg GL_ARB_texture_rgb10_a2ui GL_ARB_texture_stencil8 GL_ARB_texture_storage GL_ARB_texture_storage_multisample GL_ARB_texture_swizzle GL_ARB_texture_view GL_ARB_timer_query GL_ARB_transform_feedback2 GL_ARB_transform_feedback3 GL_ARB_transform_feedback_instanced GL_ARB_transform_feedback_overflow_query GL_ARB_uniform_buffer_object GL_ARB_vertex_array_bgra GL_ARB_vertex_array_object GL_ARB_vertex_attrib_64bit GL_ARB_vertex_attrib_binding GL_ARB_vertex_buffer_object GL_ARB_vertex_shader GL_ARB_vertex_type_10f_11f_11f_rev GL_ARB_vertex_type_2_10_10_10_rev GL_ARB_viewport_array GL_ATI_blend_equation_separate GL_ATI_texture_
float GL_EXT_EGL_image_storage GL_EXT_EGL_sync GL_EXT_abgr GL_EXT_blend_equation_separate GL_EXT_debug_label GL_EXT_demote_to_helper_invocation GL_EXT_depth_bounds_test GL_EXT_draw_buffers2 GL_EXT_draw_instanced GL_EXT_framebuffer_blit GL_EXT_framebuffer_multisample GL_EXT_framebuffer_multisample_blit_scaled GL_EXT_framebuffer_object GL_EXT_framebuffer_sRGB GL_EXT_memory_object GL_EXT_memory_object_fd GL_EXT_packed_depth_stencil GL_EXT_packed_float GL_EXT_pixel_buffer_object GL_EXT_polygon_offset_clamp GL_EXT_provoking_vertex GL_EXT_semaphore GL_EXT_semaphore_fd GL_EXT_shader_framebuffer_fetch GL_EXT_shader_framebuffer_fetch_non_coherent GL_EXT_shader_integer_mix GL_EXT_shader_samples_identical GL_EXT_texture_array GL_EXT_texture_compression_dxt1 GL_EXT_texture_compression_rgtc GL_EXT_texture_compression_s3tc GL_EXT_texture_filter_anisotropic GL_EXT_texture_integer GL_EXT_texture_sRGB GL_EXT_texture_sRGB_R8 GL_EXT_texture_sRGB_decode GL_EXT_texture_shadow_lod GL_EXT_texture_shared_exponent GL_EXT_texture_sno
rm GL_EXT_texture_swizzle GL_EXT_timer_query GL_EXT_transform_feedback GL_EXT_vertex_array_bgra GL_EXT_vertex_attrib_64bit GL_IBM_multimode_draw_arrays GL_INTEL_blackhole_render GL_INTEL_conservative_rasterization GL_INTEL_performance_query GL_INTEL_shader_atomic_float_minmax GL_INTEL_shader_integer_functions2 GL_KHR_blend_equation_advanced GL_KHR_blend_equation_advanced_coherent GL_KHR_context_flush_control GL_KHR_debug GL_KHR_no_error GL_KHR_parallel_shader_compile GL_KHR_robust_buffer_access_behavior GL_KHR_robustness GL_KHR_texture_compression_astc_ldr GL_KHR_texture_compression_astc_sliced_3d GL_MESA_framebuffer_flip_y GL_MESA_pack_invert GL_MESA_shader_integer_functions GL_MESA_texture_signed_rgba GL_NV_alpha_to_coverage_dither_control GL_NV_compute_shader_derivatives GL_NV_conditional_render GL_NV_copy_image GL_NV_depth_clamp GL_NV_fragment_shader_interlock GL_NV_packed_depth_stencil GL_NV_texture_barrier GL_OES_EGL_image GL_S3_s3tc
OPENGL LOG: Creating OpenGL 4.6 graphics device ; Context level  <OpenGL 4.5> ; Context handle 285111296
[Licensing::Client] Successfully resolved entitlement details
Initialize mono
Mono path[0] = '/home/luis/Unity/Hub/Editor/2022.3.62f3/Editor/Data/Managed'
Mono path[1] = '/home/luis/Unity/Hub/Editor/2022.3.62f3/Editor/Data/MonoBleedingEdge/lib/mono/unityjit-linux'
Mono config path = '/home/luis/Unity/Hub/Editor/2022.3.62f3/Editor/Data/MonoBleedingEdge/etc'
Using monoOptions --debugger-agent=transport=dt_socket,embedding=1,server=y,suspend=n,address=127.0.0.1:56513
Using cacheserver namespaces - metadata:defaultmetadata, artifacts:defaultartifacts
Using cacheserver namespaces - metadata:defaultmetadata, artifacts:defaultartifacts
ImportWorker Server TCP listen port: 0
Begin MonoManager ReloadAssembly
Registering precompiled unity dll's ...
Register platform support module: /home/luis/Unity/Hub/Editor/2022.3.62f3/Editor/Data/PlaybackEngines/LinuxStandaloneSupport/UnityEditor.LinuxStandalone.Extensions.dll
Registered in 0.003006 seconds.
- Loaded All Assemblies, in  0.200 seconds
Native extension for LinuxStandalone target not found
Mono: successfully reloaded assembly
- Finished resetting the current domain, in  0.172 seconds
Domain Reload Profiling: 371ms
	BeginReloadAssembly (53ms)
		ExecutionOrderSort (0ms)
		DisableScriptedObjects (0ms)
		BackupInstance (0ms)
		ReleaseScriptingObjects (0ms)
		CreateAndSetChildDomain (1ms)
	RebuildCommonClasses (21ms)
	RebuildNativeTypeToScriptingClass (4ms)
	initialDomainReloadingComplete (40ms)
	LoadAllAssembliesAndSetupDomain (82ms)
		LoadAssemblies (52ms)
		RebuildTransferFunctionScriptingTraits (0ms)
		AnalyzeDomain (81ms)
			TypeCache.Refresh (80ms)
				TypeCache.ScanAssembly (71ms)
			ScanForSourceGeneratedMonoScriptInfo (0ms)
			ResolveRequiredComponents (0ms)
	FinalizeReload (172ms)
		ReleaseScriptCaches (0ms)
		RebuildScriptCaches (0ms)
		SetupLoadedEditorAssemblies (140ms)
			LogAssemblyErrors (0ms)
			InitializePlatformSupportModulesInManaged (6ms)
			SetLoadedEditorAssemblies (5ms)
			RefreshPlugins (0ms)
			BeforeProcessingInitializeOnLoad (1ms)
			ProcessInitializeOnLoadAttributes (96ms)
			ProcessInitializeOnLoadMethodAttributes (30ms)
			AfterProcessingInitializeOnLoad (0ms)
			EditorAssembliesLoaded (0ms)
		ExecutionOrderSort2 (0ms)
		AwakeInstancesAfterBackupRestoration (0ms)
[Licensing::Client] Successfully resolved entitlement details
Application.AssetDatabase Initial Refresh Start
[ScriptCompilation] Requested script compilation because: Assetdatabase observed changes in script compilation related files
[40m[32minfo[39m[22m[49m: Microsoft.Hosting.Lifetime[14]
      Now listening on: http://unix:/tmp/ilpp.sock-ebeb9cbb8340cae22d45cf61d9afa83a
[40m[32minfo[39m[22m[49m: Microsoft.Hosting.Lifetime[0]
      Application started. Press Ctrl+C to shut down.
[40m[32minfo[39m[22m[49m: Microsoft.Hosting.Lifetime[0]
      Hosting environment: Production
[40m[32minfo[39m[22m[49m: Microsoft.Hosting.Lifetime[0]
      Content root path: /home/luis/palingenesys/asimovbm/unity_mujoco_slam/
[40m[32minfo[39m[22m[49m: Microsoft.AspNetCore.Hosting.Diagnostics[1]
      Request starting HTTP/2 POST http://ilpp/UnityILPP.PostProcessing/Ping application/grpc -
[40m[32minfo[39m[22m[49m: Microsoft.AspNetCore.Routing.EndpointMiddleware[0]
      Executing endpoint 'gRPC - /UnityILPP.PostProcessing/Ping'
[40m[32minfo[39m[22m[49m: Microsoft.AspNetCore.Routing.EndpointMiddleware[1]
      Executed endpoint 'gRPC - /UnityILPP.PostProcessing/Ping'
[40m[32minfo[39m[22m[49m: Microsoft.AspNetCore.Hosting.Diagnostics[2]
      Request finished HTTP/2 POST http://ilpp/UnityILPP.PostProcessing/Ping application/grpc - - 200 - application/grpc 30.0030ms
Starting: /home/luis/Unity/Hub/Editor/2022.3.62f3/Editor/Data/bee_backend --ipc --defer-dag-verification --dagfile="Library/Bee/2400b0aE.dag" --continue-on-failure --profile="Library/Bee/backend1.traceevents" ScriptAssemblies
WorkingDir: /home/luis/palingenesys/asimovbm/unity_mujoco_slam
DisplayProgressbar: Compiling Scripts
ExitCode: 0 Duration: 1s68ms
[152/155    1s] Csc Library/Bee/artifacts/2400b0aE.dag/Assembly-CSharp-Editor.dll (+2 others)
[153/155    0s] CopyFiles Library/ScriptAssemblies/Assembly-CSharp-Editor.pdb
[154/155    0s] CopyFiles Library/ScriptAssemblies/Assembly-CSharp-Editor.dll
*** Tundra build success (1.05 seconds), 3 items updated, 155 evaluated
Total cache size 28197620
Total cache size after purge 28197620
AssetDatabase: script compilation time: 1.418508s
Begin MonoManager ReloadAssembly
- Loaded All Assemblies, in  0.216 seconds
Refreshing native plugins compatible for Editor in 0.09 ms, found 0 plugins.
Preloading 0 native plugins for Editor in 0.00 ms.
Start importing Assets/AsimovMujoco/Editor/MjcfEpisodeSceneGenerator.cs using Guid(1d0b59ad2c82ee104a306b05dbbe5816) Importer(-1,00000000000000000000000000000000) [PhysX] Initialized MultithreadedTaskDispatcher with 22 workers.
 -> (artifact id: '51562287d0ec78b3df6b318c181ea63f') in 0.008494 seconds
Refreshing native plugins compatible for Editor in 0.06 ms, found 0 plugins.
Native extension for LinuxStandalone target not found
Mono: successfully reloaded assembly
- Finished resetting the current domain, in  0.186 seconds
Domain Reload Profiling: 402ms
	BeginReloadAssembly (96ms)
		ExecutionOrderSort (0ms)
		DisableScriptedObjects (3ms)
		BackupInstance (0ms)
		ReleaseScriptingObjects (0ms)
		CreateAndSetChildDomain (28ms)
	RebuildCommonClasses (19ms)
	RebuildNativeTypeToScriptingClass (4ms)
	initialDomainReloadingComplete (18ms)
	LoadAllAssembliesAndSetupDomain (79ms)
		LoadAssemblies (103ms)
		RebuildTransferFunctionScriptingTraits (0ms)
		AnalyzeDomain (15ms)
			TypeCache.Refresh (11ms)
				TypeCache.ScanAssembly (8ms)
			ScanForSourceGeneratedMonoScriptInfo (2ms)
			ResolveRequiredComponents (1ms)
	FinalizeReload (186ms)
		ReleaseScriptCaches (0ms)
		RebuildScriptCaches (0ms)
		SetupLoadedEditorAssemblies (122ms)
			LogAssemblyErrors (0ms)
			InitializePlatformSupportModulesInManaged (3ms)
			SetLoadedEditorAssemblies (1ms)
			RefreshPlugins (0ms)
			BeforeProcessingInitializeOnLoad (20ms)
			ProcessInitializeOnLoadAttributes (80ms)
			ProcessInitializeOnLoadMethodAttributes (15ms)
			AfterProcessingInitializeOnLoad (2ms)
			EditorAssembliesLoaded (0ms)
		ExecutionOrderSort2 (0ms)
		AwakeInstancesAfterBackupRestoration (3ms)
Refreshing native plugins compatible for Editor in 0.09 ms, found 0 plugins.
Preloading 0 native plugins for Editor in 0.00 ms.
Asset Pipeline Refresh (id=eaa076a614b7bb707b394d65d7e942eb): Total: 2.024 seconds - Initiated by InitialRefreshV2(ForceSynchronousImport)
	Summary:
		Imports: total=1 (actual=1, local cache=0, cache server=0)
		Asset DB Process Time: managed=2 ms, native=156 ms
		Asset DB Callback time: managed=27 ms, native=1 ms
		Scripting: domain reloads=1, domain reload time=410 ms, compile time=1420 ms, other=5 ms
		Project Asset Count: scripts=922, non-scripts=329
		Asset File Changes: new=0, changed=1, moved=0, deleted=0
		Scan Filter Count: 1
	InvokeBeforeRefreshCallbacks: 0.059ms
	ApplyChangesToAssetFolders: 0.012ms
	Scan: 41.430ms
	OnSourceAssetsModified: 1.395ms
	GetAllGuidsForCategorization: 0.071ms
	CategorizeAssets: 9.999ms
	ImportOutOfDateAssets: 199.504ms (-1232.598ms without children)
		ImportManagerImport: 9.642ms (1.040ms without children)
			ImportInProcess: 8.594ms
			UpdateCategorizedAssets: 0.007ms
		CompileScripts: 1419.767ms
		ReloadNativeAssets: 0.001ms
		UnloadImportedAssets: 2.172ms
		ReloadImportedAssets: 0.079ms
		EnsureUptoDateAssetsAreRegisteredWithGuidPM: 0.175ms
		InitializingProgressBar: 0.000ms
		PostProcessAllAssetNotificationsAddChangedAssets: 0.000ms
		OnDemandSchedulerStart: 0.266ms
	PostProcessAllAssets: 26.387ms
	Hotreload: 0.476ms
	GatherAllCurrentPrimaryArtifactRevisions: 0.001ms
	UnloadStreamsBegin: 0.120ms
	PersistCurrentRevisions: 0.065ms
	UnloadStreamsEnd: 0.003ms
	GenerateScriptTypeHashes: 0.002ms
	Untracked: 1744.012ms
Application.AssetDatabase Initial Refresh End
Launched and connected shader compiler UnityShaderCompiler after 0.01 seconds
Scanning for USB devices : 1.609ms
Initializing Unity extensions:
[Licensing::Client] Successfully resolved entitlement details
UpdateMenuTitleForLanguage: 10
[MODES] ModeService[none].Initialize
[MODES] ModeService[none].LoadModes
[MODES] Loading mode Default (0) for mode-current-id-unity_mujoco_slam
[PhysX] Initialized MultithreadedTaskDispatcher with 22 workers.
ProgressiveSceneManager::Cancel()
Unloading 3 Unused Serialized files (Serialized files now loaded: 0)
Unloading 20 unused Assets / (311.3 KB). Loaded Objects now: 1250.
Memory consumption went from 75.7 MB to 75.4 MB.
Total: 3.154191 ms (FindLiveObjects: 0.060184 ms CreateObjectMapping: 0.012002 ms MarkObjects: 2.799753 ms  DeleteObjects: 0.281680 ms)

Generated Assets/AsimovMujoco/GeneratedMjcf/g1_approach_user.xml
UnityEngine.StackTraceUtility:ExtractStackTrace () (at /home/bokken/build/output/unity/unity/Runtime/Export/Scripting/StackTrace.cs:37)
UnityEngine.DebugLogHandler:LogFormat (UnityEngine.LogType,UnityEngine.Object,string,object[])
UnityEngine.Logger:Log (UnityEngine.LogType,object)
UnityEngine.Debug:Log (object)
Asimov.UnityMujoco.Editor.MjcfEpisodeSceneGenerator:GenerateAll () (at Assets/AsimovMujoco/Editor/MjcfEpisodeSceneGenerator.cs:43)
Asimov.UnityMujoco.Editor.MjcfEpisodeSceneGenerator:BootstrapProject () (at Assets/AsimovMujoco/Editor/MjcfEpisodeSceneGenerator.cs:28)

(Filename: Assets/AsimovMujoco/Editor/MjcfEpisodeSceneGenerator.cs Line: 43)

Generated Assets/AsimovMujoco/GeneratedMjcf/g1_lateral_open.xml
UnityEngine.StackTraceUtility:ExtractStackTrace () (at /home/bokken/build/output/unity/unity/Runtime/Export/Scripting/StackTrace.cs:37)
UnityEngine.DebugLogHandler:LogFormat (UnityEngine.LogType,UnityEngine.Object,string,object[])
UnityEngine.Logger:Log (UnityEngine.LogType,object)
UnityEngine.Debug:Log (object)
Asimov.UnityMujoco.Editor.MjcfEpisodeSceneGenerator:GenerateAll () (at Assets/AsimovMujoco/Editor/MjcfEpisodeSceneGenerator.cs:43)
Asimov.UnityMujoco.Editor.MjcfEpisodeSceneGenerator:BootstrapProject () (at Assets/AsimovMujoco/Editor/MjcfEpisodeSceneGenerator.cs:28)

(Filename: Assets/AsimovMujoco/Editor/MjcfEpisodeSceneGenerator.cs Line: 43)

Generated Assets/AsimovMujoco/GeneratedMjcf/g1_lateral_static_dynamic_obstacles.xml
UnityEngine.StackTraceUtility:ExtractStackTrace () (at /home/bokken/build/output/unity/unity/Runtime/Export/Scripting/StackTrace.cs:37)
UnityEngine.DebugLogHandler:LogFormat (UnityEngine.LogType,UnityEngine.Object,string,object[])
UnityEngine.Logger:Log (UnityEngine.LogType,object)
UnityEngine.Debug:Log (object)
Asimov.UnityMujoco.Editor.MjcfEpisodeSceneGenerator:GenerateAll () (at Assets/AsimovMujoco/Editor/MjcfEpisodeSceneGenerator.cs:43)
Asimov.UnityMujoco.Editor.MjcfEpisodeSceneGenerator:BootstrapProject () (at Assets/AsimovMujoco/Editor/MjcfEpisodeSceneGenerator.cs:28)

(Filename: Assets/AsimovMujoco/Editor/MjcfEpisodeSceneGenerator.cs Line: 43)

Generated Assets/AsimovMujoco/GeneratedMjcf/go2_approach_user.xml
UnityEngine.StackTraceUtility:ExtractStackTrace () (at /home/bokken/build/output/unity/unity/Runtime/Export/Scripting/StackTrace.cs:37)
UnityEngine.DebugLogHandler:LogFormat (UnityEngine.LogType,UnityEngine.Object,string,object[])
UnityEngine.Logger:Log (UnityEngine.LogType,object)
UnityEngine.Debug:Log (object)
Asimov.UnityMujoco.Editor.MjcfEpisodeSceneGenerator:GenerateAll () (at Assets/AsimovMujoco/Editor/MjcfEpisodeSceneGenerator.cs:43)
Asimov.UnityMujoco.Editor.MjcfEpisodeSceneGenerator:BootstrapProject () (at Assets/AsimovMujoco/Editor/MjcfEpisodeSceneGenerator.cs:28)

(Filename: Assets/AsimovMujoco/Editor/MjcfEpisodeSceneGenerator.cs Line: 43)

Generated Assets/AsimovMujoco/GeneratedMjcf/go2_lateral_open.xml
UnityEngine.StackTraceUtility:ExtractStackTrace () (at /home/bokken/build/output/unity/unity/Runtime/Export/Scripting/StackTrace.cs:37)
UnityEngine.DebugLogHandler:LogFormat (UnityEngine.LogType,UnityEngine.Object,string,object[])
UnityEngine.Logger:Log (UnityEngine.LogType,object)
UnityEngine.Debug:Log (object)
Asimov.UnityMujoco.Editor.MjcfEpisodeSceneGenerator:GenerateAll () (at Assets/AsimovMujoco/Editor/MjcfEpisodeSceneGenerator.cs:43)
Asimov.UnityMujoco.Editor.MjcfEpisodeSceneGenerator:BootstrapProject () (at Assets/AsimovMujoco/Editor/MjcfEpisodeSceneGenerator.cs:28)

(Filename: Assets/AsimovMujoco/Editor/MjcfEpisodeSceneGenerator.cs Line: 43)

Generated Assets/AsimovMujoco/GeneratedMjcf/go2_lateral_static_dynamic_obstacles.xml
UnityEngine.StackTraceUtility:ExtractStackTrace () (at /home/bokken/build/output/unity/unity/Runtime/Export/Scripting/StackTrace.cs:37)
UnityEngine.DebugLogHandler:LogFormat (UnityEngine.LogType,UnityEngine.Object,string,object[])
UnityEngine.Logger:Log (UnityEngine.LogType,object)
UnityEngine.Debug:Log (object)
Asimov.UnityMujoco.Editor.MjcfEpisodeSceneGenerator:GenerateAll () (at Assets/AsimovMujoco/Editor/MjcfEpisodeSceneGenerator.cs:43)
Asimov.UnityMujoco.Editor.MjcfEpisodeSceneGenerator:BootstrapProject () (at Assets/AsimovMujoco/Editor/MjcfEpisodeSceneGenerator.cs:28)

(Filename: Assets/AsimovMujoco/Editor/MjcfEpisodeSceneGenerator.cs Line: 43)

Asset Pipeline Refresh (id=e3b00162c99091d6d9c5cbe3021aa1a1): Total: 0.023 seconds - Initiated by RefreshV2(NoUpdateAssetOptions)
[PhysX] Initialized MultithreadedTaskDispatcher with 22 workers.
Unloading 0 Unused Serialized files (Serialized files now loaded: 0)
Unloading 7 unused Assets / (4.0 KB). Loaded Objects now: 1250.
Memory consumption went from 74.3 MB to 74.3 MB.
Total: 3.559834 ms (FindLiveObjects: 0.055990 ms CreateObjectMapping: 0.016197 ms MarkObjects: 3.457503 ms  DeleteObjects: 0.029501 ms)

Refreshing native plugins compatible for Editor in 0.08 ms, found 0 plugins.
Preloading 0 native plugins for Editor in 0.00 ms.
Asset Pipeline Refresh (id=32b30307db2a1495f8c1e1e320f341cb): Total: 0.006 seconds - Initiated by StopAssetImportingV2(NoUpdateAssetOptions)
Meshes locations: source = /home/luis/palingenesys/asimovbm/unity_mujoco_slam/Assets/AsimovMujoco/GeneratedMjcf/../GeneratedMeshes/g1, target = /home/luis/palingenesys/asimovbm/unity_mujoco_slam/Assets/Local/MjImports/g1_approach_user_imported/Resources
UnityEngine.StackTraceUtility:ExtractStackTrace () (at /home/bokken/build/output/unity/unity/Runtime/Export/Scripting/StackTrace.cs:37)
UnityEngine.DebugLogHandler:LogFormat (UnityEngine.LogType,UnityEngine.Object,string,object[])
UnityEngine.Logger:Log (UnityEngine.LogType,object)
UnityEngine.Debug:Log (object)
Mujoco.MjImporterWithAssets:ConfigureMeshPath (string,string,System.Xml.XmlDocument) (at ./Library/PackageCache/org.mujoco@72cb2b210d/Editor/Importer/MjImporterWithAssets.cs:119)
Mujoco.MjImporterWithAssets:ImportString (string,string,string) (at ./Library/PackageCache/org.mujoco@72cb2b210d/Editor/Importer/MjImporterWithAssets.cs:72)
Asimov.UnityMujoco.Editor.MjcfEpisodeSceneGenerator:ImportExpandedEpisodeScene (Asimov.UnityMujoco.EpisodeConfig,string) (at Assets/AsimovMujoco/Editor/MjcfEpisodeSceneGenerator.cs:128)
Asimov.UnityMujoco.Editor.MjcfEpisodeSceneGenerator:ImportEpisodeScene (Asimov.UnityMujoco.EpisodeConfig) (at Assets/AsimovMujoco/Editor/MjcfEpisodeSceneGenerator.cs:96)
Asimov.UnityMujoco.Editor.MjcfEpisodeSceneGenerator:ImportAllEpisodeScenes () (at Assets/AsimovMujoco/Editor/MjcfEpisodeSceneGenerator.cs:56)
Asimov.UnityMujoco.Editor.MjcfEpisodeSceneGenerator:BootstrapProject () (at Assets/AsimovMujoco/Editor/MjcfEpisodeSceneGenerator.cs:29)

(Filename: ./Library/PackageCache/org.mujoco@72cb2b210d/Editor/Importer/MjImporterWithAssets.cs Line: 119)

Start importing Assets/Local/MjImports/g1_approach_user_imported using Guid(2a2984b253207c06fb93457be4948b65) Importer(-1,00000000000000000000000000000000) [PhysX] Initialized MultithreadedTaskDispatcher with 22 workers.
 -> (artifact id: 'fc7ffcece87f86a068f3c8938948badb') in 0.000818 seconds
Start importing Assets/Local/MjImports/g1_approach_user_imported/Resources using Guid(dab22c32bd32a59e49ca223b648a4239) Importer(-1,00000000000000000000000000000000) [PhysX] Initialized MultithreadedTaskDispatcher with 22 workers.
 -> (artifact id: '0a857e96e4b88ab8eb5951a05f328ad8') in 0.000452 seconds
Start importing Assets/Local/MjImports/g1_approach_user_imported/Resources/pelvis.stl using Guid(cc66981adddc5f99bb2931f378b63c98) Importer(-1,00000000000000000000000000000000) [PhysX] Initialized MultithreadedTaskDispatcher with 22 workers.
 -> (artifact id: 'cc2adbae3dfa207ced8eeeb0ae89ed4c') in 0.030876 seconds
Refreshing native plugins compatible for Editor in 0.10 ms, found 0 plugins.
Preloading 0 native plugins for Editor in 0.00 ms.
Asset Pipeline Refresh (id=573c6936ff17a345987bf17feb562156): Total: 0.043 seconds - Initiated by StopAssetImportingV2(NoUpdateAssetOptions)
Start importing Assets/Local/MjImports/g1_approach_user_imported/Resources/pelvis_contour_link.stl using Guid(225aaf4c02b314c46b96a760fdb59dbd) Importer(-1,00000000000000000000000000000000) [PhysX] Initialized MultithreadedTaskDispatcher with 22 workers.
 -> (artifact id: '7598b95bba36b16569a53e3a3e53059a') in 0.040501 seconds
Refreshing native plugins compatible for Editor in 0.08 ms, found 0 plugins.
Preloading 0 native plugins for Editor in 0.00 ms.
Asset Pipeline Refresh (id=3362b1acb6c96cf8cb5622a540ac43b4): Total: 0.045 seconds - Initiated by StopAssetImportingV2(NoUpdateAssetOptions)
Start importing Assets/Local/MjImports/g1_approach_user_imported/Resources/left_hip_pitch_link.stl using Guid(197a0dc8457709cbe9dd5903e12e382e) Importer(-1,00000000000000000000000000000000) [PhysX] Initialized MultithreadedTaskDispatcher with 22 workers.
 -> (artifact id: 'c3913f7489bdf1d0da1f08d7256c36ec') in 0.004338 seconds
Refreshing native plugins compatible for Editor in 0.07 ms, found 0 plugins.
Preloading 0 native plugins for Editor in 0.00 ms.
Asset Pipeline Refresh (id=0fd366bef1dd374d2a1969a4c3918f7b): Total: 0.008 seconds - Initiated by StopAssetImportingV2(NoUpdateAssetOptions)
Start importing Assets/Local/MjImports/g1_approach_user_imported/Resources/left_hip_roll_link.stl using Guid(a73c63d0fe6a6ea82bda5b5b4000aa15) Importer(-1,00000000000000000000000000000000) [PhysX] Initialized MultithreadedTaskDispatcher with 22 workers.
 -> (artifact id: 'd2c74f4b1eab1b7cc37dbf3bcc87fb7b') in 0.004942 seconds
Refreshing native plugins compatible for Editor in 0.07 ms, found 0 plugins.
Preloading 0 native plugins for Editor in 0.00 ms.
Asset Pipeline Refresh (id=8543c3aee2622555b8dc69d4d1e4d3c4): Total: 0.008 seconds - Initiated by StopAssetImportingV2(NoUpdateAssetOptions)
Start importing Assets/Local/MjImports/g1_approach_user_imported/Resources/left_hip_yaw_link.stl using Guid(34891a3cfa972b20eac4b3464cf6ed24) Importer(-1,00000000000000000000000000000000) [PhysX] Initialized MultithreadedTaskDispatcher with 22 workers.
 -> (artifact id: 'c67d97c0b15b3efb578c93c801931204') in 0.008747 seconds
Refreshing native plugins compatible for Editor in 0.07 ms, found 0 plugins.
Preloading 0 native plugins for Editor in 0.00 ms.
Asset Pipeline Refresh (id=c54827d8c5bec9c1d9c8a72a9577b631): Total: 0.012 seconds - Initiated by StopAssetImportingV2(NoUpdateAssetOptions)
Start importing Assets/Local/MjImports/g1_approach_user_imported/Resources/left_knee_link.stl using Guid(0a5bebcde516a0b40adf393203288ea3) Importer(-1,00000000000000000000000000000000) [PhysX] Initialized MultithreadedTaskDispatcher with 22 workers.
 -> (artifact id: '18e3f02f5abba9462b3c467367c999ba') in 0.022499 seconds
Refreshing native plugins compatible for Editor in 0.12 ms, found 0 plugins.
Preloading 0 native plugins for Editor in 0.00 ms.
Asset Pipeline Refresh (id=87322d31dc0bacb09a03a07ba7ddd89c): Total: 0.035 seconds - Initiated by StopAssetImportingV2(NoUpdateAssetOptions)
Start importing Assets/Local/MjImports/g1_approach_user_imported/Resources/left_ankle_pitch_link.stl using Guid(aa70e6d79fa5ee879a14a6e0629ffc4e) Importer(-1,00000000000000000000000000000000) [PhysX] Initialized MultithreadedTaskDispatcher with 22 workers.
 -> (artifact id: '4b631d9b398c9426a409ca77851f40cb') in 0.003438 seconds
Refreshing native plugins compatible for Editor in 0.08 ms, found 0 plugins.
Preloading 0 native plugins for Editor in 0.00 ms.
Asset Pipeline Refresh (id=241e199eb1752a3ef872b9fb39ff6042): Total: 0.011 seconds - Initiated by StopAssetImportingV2(NoUpdateAssetOptions)
Start importing Assets/Local/MjImports/g1_approach_user_imported/Resources/left_ankle_roll_link.stl using Guid(3d6e67afe77fb05c2b0a82b0f5f4e36d) Importer(-1,00000000000000000000000000000000) [PhysX] Initialized MultithreadedTaskDispatcher with 22 workers.
 -> (artifact id: '39c8ff505584bf7932edca1c9ab960ab') in 0.017224 seconds
Refreshing native plugins compatible for Editor in 0.13 ms, found 0 plugins.
Preloading 0 native plugins for Editor in 0.00 ms.
Asset Pipeline Refresh (id=53b633b9a2fc9110b84dc7f4c4e2c1b6): Total: 0.035 seconds - Initiated by StopAssetImportingV2(NoUpdateAssetOptions)
Start importing Assets/Local/MjImports/g1_approach_user_imported/Resources/right_hip_pitch_link.stl using Guid(08788ab8668c1a22d8f862e539f84a38) Importer(-1,00000000000000000000000000000000) [PhysX] Initialized MultithreadedTaskDispatcher with 22 workers.
 -> (artifact id: 'f5ffc6ab27f2aa8112c43f25be3bc0c5') in 0.006988 seconds
Refreshing native plugins compatible for Editor in 0.16 ms, found 0 plugins.
Preloading 0 native plugins for Editor in 0.00 ms.
Asset Pipeline Refresh (id=0ec8ffc41ef91306d8e210a0940ee7da): Total: 0.024 seconds - Initiated by StopAssetImportingV2(NoUpdateAssetOptions)
Start importing Assets/Local/MjImports/g1_approach_user_imported/Resources/right_hip_roll_link.stl using Guid(e0238dc9391ab9d6d99e731a61d7c009) Importer(-1,00000000000000000000000000000000) [PhysX] Initialized MultithreadedTaskDispatcher with 22 workers.
 -> (artifact id: 'e4e89ea1ac030f9e460a8290b461e259') in 0.010413 seconds
Refreshing native plugins compatible for Editor in 0.13 ms, found 0 plugins.
Preloading 0 native plugins for Editor in 0.00 ms.
Asset Pipeline Refresh (id=b55691dc252de3d79a3af53695688409): Total: 0.019 seconds - Initiated by StopAssetImportingV2(NoUpdateAssetOptions)
Start importing Assets/Local/MjImports/g1_approach_user_imported/Resources/right_hip_yaw_link.stl using Guid(a48d2fc5250ecb4cbb22cda1ee7a01fa) Importer(-1,00000000000000000000000000000000) [PhysX] Initialized MultithreadedTaskDispatcher with 22 workers.
 -> (artifact id: '6919c6b8b085081615e6f562170623c7') in 0.008378 seconds
Refreshing native plugins compatible for Editor in 0.10 ms, found 0 plugins.
Preloading 0 native plugins for Editor in 0.00 ms.
Asset Pipeline Refresh (id=eca0ae56158c7764e95f34dbf8a16479): Total: 0.017 seconds - Initiated by StopAssetImportingV2(NoUpdateAssetOptions)
Start importing Assets/Local/MjImports/g1_approach_user_imported/Resources/right_knee_link.stl using Guid(5dad57a25502e66e783a56ae466b6fc7) Importer(-1,00000000000000000000000000000000) [PhysX] Initialized MultithreadedTaskDispatcher with 22 workers.
 -> (artifact id: '4f5565e754b2d40487ef5ad2d317945e') in 0.021772 seconds
Refreshing native plugins compatible for Editor in 0.11 ms, found 0 plugins.
Preloading 0 native plugins for Editor in 0.00 ms.
Asset Pipeline Refresh (id=d5861d8fa939a2f63a87098a30ebc116): Total: 0.026 seconds - Initiated by StopAssetImportingV2(NoUpdateAssetOptions)
Start importing Assets/Local/MjImports/g1_approach_user_imported/Resources/right_ankle_pitch_link.stl using Guid(c6c07abaf75ccaef1b9837660642abc1) Importer(-1,00000000000000000000000000000000) [PhysX] Initialized MultithreadedTaskDispatcher with 22 workers.
 -> (artifact id: 'c17a09bb7b20f0eaf06ce1c3e0261dba') in 0.002879 seconds
Refreshing native plugins compatible for Editor in 0.06 ms, found 0 plugins.
Preloading 0 native plugins for Editor in 0.00 ms.
Asset Pipeline Refresh (id=7ff8def884422f7168d123de46db6602): Total: 0.006 seconds - Initiated by StopAssetImportingV2(NoUpdateAssetOptions)
Start importing Assets/Local/MjImports/g1_approach_user_imported/Resources/right_ankle_roll_link.stl using Guid(94b18b3406d8c59679fc93f1c6f2415b) Importer(-1,00000000000000000000000000000000) [PhysX] Initialized MultithreadedTaskDispatcher with 22 workers.
 -> (artifact id: '6d091a0bac01e36bf0be70eb93511cb9') in 0.015798 seconds
Refreshing native plugins compatible for Editor in 0.11 ms, found 0 plugins.
Preloading 0 native plugins for Editor in 0.00 ms.
Asset Pipeline Refresh (id=4d805f637e4bf4bbea79dda66dab6ae7): Total: 0.020 seconds - Initiated by StopAssetImportingV2(NoUpdateAssetOptions)
Start importing Assets/Local/MjImports/g1_approach_user_imported/Resources/waist_yaw_link.stl using Guid(ff90623558a517f21acdd2c3f3753585) Importer(-1,00000000000000000000000000000000) [PhysX] Initialized MultithreadedTaskDispatcher with 22 workers.
 -> (artifact id: '386cd2d2d656b6c23792349e4c752407') in 0.009934 seconds
Refreshing native plugins compatible for Editor in 0.07 ms, found 0 plugins.
Preloading 0 native plugins for Editor in 0.00 ms.
Asset Pipeline Refresh (id=b34c95b37a4195e999d15ccc1d14dee0): Total: 0.017 seconds - Initiated by StopAssetImportingV2(NoUpdateAssetOptions)
Start importing Assets/Local/MjImports/g1_approach_user_imported/Resources/waist_roll_link.stl using Guid(4a8bb7acccc5da93faee2fea09fdb009) Importer(-1,00000000000000000000000000000000) [PhysX] Initialized MultithreadedTaskDispatcher with 22 workers.
 -> (artifact id: '3fffd9b0fb8dc0ad90a6559bc70e9bf8') in 0.001379 seconds
Refreshing native plugins compatible for Editor in 0.10 ms, found 0 plugins.
Preloading 0 native plugins for Editor in 0.00 ms.
Asset Pipeline Refresh (id=dabe2a789ac8ab4d781820de8a43b332): Total: 0.005 seconds - Initiated by StopAssetImportingV2(NoUpdateAssetOptions)
Start importing Assets/Local/MjImports/g1_approach_user_imported/Resources/torso_link.stl using Guid(354e34a93980ca89580679f3b78e799d) Importer(-1,00000000000000000000000000000000) [PhysX] Initialized MultithreadedTaskDispatcher with 22 workers.
 -> (artifact id: 'e098970ac2feabbffd4ed85996ce13c0') in 0.051180 seconds
Refreshing native plugins compatible for Editor in 0.11 ms, found 0 plugins.
Preloading 0 native plugins for Editor in 0.00 ms.
Asset Pipeline Refresh (id=66ee37c5bed9364aaa056702fa0b4c64): Total: 0.055 seconds - Initiated by StopAssetImportingV2(NoUpdateAssetOptions)
Start importing Assets/Local/MjImports/g1_approach_user_imported/Resources/logo_link.stl using Guid(70fc7e0856be0a7218841ff715ad4b8d) Importer(-1,00000000000000000000000000000000) [PhysX] Initialized MultithreadedTaskDispatcher with 22 workers.
 -> (artifact id: '7bbbb8c97e6306831a7e87358dfe8207') in 0.007419 seconds
Refreshing native plugins compatible for Editor in 0.10 ms, found 0 plugins.
Preloading 0 native plugins for Editor in 0.00 ms.
Asset Pipeline Refresh (id=7b9a59663cd9e464b806e03b9a2461dc): Total: 0.011 seconds - Initiated by StopAssetImportingV2(NoUpdateAssetOptions)
Start importing Assets/Local/MjImports/g1_approach_user_imported/Resources/head_link.stl using Guid(7d7a802a04e4653a09d8f0144f83036d) Importer(-1,00000000000000000000000000000000) [PhysX] Initialized MultithreadedTaskDispatcher with 22 workers.
 -> (artifact id: '3e2ec9164aae53108fe8a54399986294') in 0.009472 seconds
Refreshing native plugins compatible for Editor in 0.07 ms, found 0 plugins.
Preloading 0 native plugins for Editor in 0.00 ms.
Asset Pipeline Refresh (id=afb01e138c764d02f8b0c8d12576c2a4): Total: 0.013 seconds - Initiated by StopAssetImportingV2(NoUpdateAssetOptions)
Start importing Assets/Local/MjImports/g1_approach_user_imported/Resources/waist_support_link.stl using Guid(3eb8a3264fa0402d8bf12fcad86c1e96) Importer(-1,00000000000000000000000000000000) [PhysX] Initialized MultithreadedTaskDispatcher with 22 workers.
 -> (artifact id: '4108430638ef2c21d06c9b8ed0b8cf74') in 0.004803 seconds
Refreshing native plugins compatible for Editor in 0.10 ms, found 0 plugins.
Preloading 0 native plugins for Editor in 0.00 ms.
Asset Pipeline Refresh (id=1cd323fd97fd39d2caa00a11bb372167): Total: 0.008 seconds - Initiated by StopAssetImportingV2(NoUpdateAssetOptions)
Start importing Assets/Local/MjImports/g1_approach_user_imported/Resources/left_shoulder_pitch_link.stl using Guid(392605ddbfa21391a89d081fcdb58603) Importer(-1,00000000000000000000000000000000) [PhysX] Initialized MultithreadedTaskDispatcher with 22 workers.
 -> (artifact id: '3ca9b4c087b561d6876437dcd741cab2') in 0.005282 seconds
Refreshing native plugins compatible for Editor in 0.11 ms, found 0 plugins.
Preloading 0 native plugins for Editor in 0.00 ms.
Asset Pipeline Refresh (id=8b3e27e6f7a748efca4ab390c68affb7): Total: 0.009 seconds - Initiated by StopAssetImportingV2(NoUpdateAssetOptions)
Start importing Assets/Local/MjImports/g1_approach_user_imported/Resources/left_shoulder_roll_link.stl using Guid(351fc4f368e8a3c4887eb65c737ce663) Importer(-1,00000000000000000000000000000000) [PhysX] Initialized MultithreadedTaskDispatcher with 22 workers.
 -> (artifact id: '87a745cc4720f28aa0aab4807e6605b9') in 0.010453 seconds
Refreshing native plugins compatible for Editor in 0.13 ms, found 0 plugins.
Preloading 0 native plugins for Editor in 0.00 ms.
Asset Pipeline Refresh (id=0ce60fe66239626fd8f79ec685a5efc2): Total: 0.014 seconds - Initiated by StopAssetImportingV2(NoUpdateAssetOptions)
Start importing Assets/Local/MjImports/g1_approach_user_imported/Resources/left_shoulder_yaw_link.stl using Guid(aa065b101751930129caed73dea2b70f) Importer(-1,00000000000000000000000000000000) [PhysX] Initialized MultithreadedTaskDispatcher with 22 workers.
 -> (artifact id: 'df7562adb68c06bb820cd9992c9bcdce') in 0.007348 seconds
Refreshing native plugins compatible for Editor in 0.11 ms, found 0 plugins.
Preloading 0 native plugins for Editor in 0.00 ms.
Asset Pipeline Refresh (id=874b16a58d0bb2283b02550465640596): Total: 0.012 seconds - Initiated by StopAssetImportingV2(NoUpdateAssetOptions)
Start importing Assets/Local/MjImports/g1_approach_user_imported/Resources/left_elbow_link.stl using Guid(16f6c04fe49382889b99a6f7647d0b0d) Importer(-1,00000000000000000000000000000000) [PhysX] Initialized MultithreadedTaskDispatcher with 22 workers.
 -> (artifact id: '52431d30554ace7121f5855c7c2ba30c') in 0.003039 seconds
Refreshing native plugins compatible for Editor in 0.07 ms, found 0 plugins.
Preloading 0 native plugins for Editor in 0.00 ms.
Asset Pipeline Refresh (id=65dd0574bbe7b7e8c9f91f5a3466da3f): Total: 0.006 seconds - Initiated by StopAssetImportingV2(NoUpdateAssetOptions)
Start importing Assets/Local/MjImports/g1_approach_user_imported/Resources/left_wrist_roll_link.stl using Guid(2a2ff7fe03f92ce74bb0c40bfb6cfd72) Importer(-1,00000000000000000000000000000000) [PhysX] Initialized MultithreadedTaskDispatcher with 22 workers.
 -> (artifact id: '6688b043468155a1702d8c6b476ea2d5') in 0.011001 seconds
Refreshing native plugins compatible for Editor in 0.10 ms, found 0 plugins.
Preloading 0 native plugins for Editor in 0.00 ms.
Asset Pipeline Refresh (id=40ac5273fc8e47d5ebb57bd890e94845): Total: 0.015 seconds - Initiated by StopAssetImportingV2(NoUpdateAssetOptions)
Start importing Assets/Local/MjImports/g1_approach_user_imported/Resources/left_wrist_pitch_link.stl using Guid(cf67177c0f8f47720be459246e99f39e) Importer(-1,00000000000000000000000000000000) [PhysX] Initialized MultithreadedTaskDispatcher with 22 workers.
 -> (artifact id: '80670c1d26320c543bb7ac34ded448ee') in 0.003024 seconds
Refreshing native plugins compatible for Editor in 0.10 ms, found 0 plugins.
Preloading 0 native plugins for Editor in 0.00 ms.
Asset Pipeline Refresh (id=ba4d5b5a59b06852b97288dc5676d68d): Total: 0.006 seconds - Initiated by StopAssetImportingV2(NoUpdateAssetOptions)
Start importing Assets/Local/MjImports/g1_approach_user_imported/Resources/left_wrist_yaw_link.stl using Guid(67827bed57c598cd0b92c262c6c9af54) Importer(-1,00000000000000000000000000000000) [PhysX] Initialized MultithreadedTaskDispatcher with 22 workers.
 -> (artifact id: '7d5e984d8d890a5fdbca46bd888794bb') in 0.008514 seconds
Refreshing native plugins compatible for Editor in 0.07 ms, found 0 plugins.
Preloading 0 native plugins for Editor in 0.00 ms.
Asset Pipeline Refresh (id=d38f96221f26594babcb3b3fc974b326): Total: 0.012 seconds - Initiated by StopAssetImportingV2(NoUpdateAssetOptions)
Start importing Assets/Local/MjImports/g1_approach_user_imported/Resources/left_rubber_hand.stl using Guid(5ae83e5d3904ae9f6a3c1664aa73a51c) Importer(-1,00000000000000000000000000000000) [PhysX] Initialized MultithreadedTaskDispatcher with 22 workers.
 -> (artifact id: '5c9507ec38e90e0c3263e8a9102e4e64') in 0.053629 seconds
Refreshing native plugins compatible for Editor in 0.11 ms, found 0 plugins.
Preloading 0 native plugins for Editor in 0.00 ms.
Asset Pipeline Refresh (id=28f150809c82043a4b5b27be798258bf): Total: 0.060 seconds - Initiated by StopAssetImportingV2(NoUpdateAssetOptions)
Start importing Assets/Local/MjImports/g1_approach_user_imported/Resources/right_shoulder_pitch_link.stl using Guid(9f619f8a8d246fd7ba41b721aeeaba05) Importer(-1,00000000000000000000000000000000) [PhysX] Initialized MultithreadedTaskDispatcher with 22 workers.
 -> (artifact id: '123550d88860b651b8ab1b1848ff71ca') in 0.005844 seconds
Refreshing native plugins compatible for Editor in 0.11 ms, found 0 plugins.
Preloading 0 native plugins for Editor in 0.00 ms.
Asset Pipeline Refresh (id=8d4358032905aaff089dab533adfb683): Total: 0.011 seconds - Initiated by StopAssetImportingV2(NoUpdateAssetOptions)
Start importing Assets/Local/MjImports/g1_approach_user_imported/Resources/right_shoulder_roll_link.stl using Guid(6aeca99232c6c5aa6b18564f20be22bf) Importer(-1,00000000000000000000000000000000) [PhysX] Initialized MultithreadedTaskDispatcher with 22 workers.
 -> (artifact id: 'bdba0482ce3286590c8a90365594afc9') in 0.011281 seconds
Refreshing native plugins compatible for Editor in 0.11 ms, found 0 plugins.
Preloading 0 native plugins for Editor in 0.00 ms.
Asset Pipeline Refresh (id=e35e2340feca64d408ef4f597cd62697): Total: 0.016 seconds - Initiated by StopAssetImportingV2(NoUpdateAssetOptions)
Start importing Assets/Local/MjImports/g1_approach_user_imported/Resources/right_shoulder_yaw_link.stl using Guid(b7a9fd58b96c5d881bf92bf2e27ae958) Importer(-1,00000000000000000000000000000000) [PhysX] Initialized MultithreadedTaskDispatcher with 22 workers.
 -> (artifact id: '97f216c6ed19110a0e40742eac4b9ce3') in 0.008148 seconds
Refreshing native plugins compatible for Editor in 0.09 ms, found 0 plugins.
Preloading 0 native plugins for Editor in 0.00 ms.
Asset Pipeline Refresh (id=4a9fbecfcb91c2adf9c5ed16d5029011): Total: 0.017 seconds - Initiated by StopAssetImportingV2(NoUpdateAssetOptions)
Start importing Assets/Local/MjImports/g1_approach_user_imported/Resources/right_elbow_link.stl using Guid(3150f7f458f3877ce9a6764870182698) Importer(-1,00000000000000000000000000000000) [PhysX] Initialized MultithreadedTaskDispatcher with 22 workers.
 -> (artifact id: '1f96d3333f0c062e14c5772c4a836395') in 0.003236 seconds
Refreshing native plugins compatible for Editor in 0.10 ms, found 0 plugins.
Preloading 0 native plugins for Editor in 0.00 ms.
Asset Pipeline Refresh (id=5aa528e37eec00833a26e878ce1a97a1): Total: 0.011 seconds - Initiated by StopAssetImportingV2(NoUpdateAssetOptions)
Start importing Assets/Local/MjImports/g1_approach_user_imported/Resources/right_wrist_roll_link.stl using Guid(cd3ae633293865af581c3e2f434b54eb) Importer(-1,00000000000000000000000000000000) [PhysX] Initialized MultithreadedTaskDispatcher with 22 workers.
 -> (artifact id: 'c33f81bb6e67aae2043767b77caddf48') in 0.010240 seconds
Refreshing native plugins compatible for Editor in 0.12 ms, found 0 plugins.
Preloading 0 native plugins for Editor in 0.00 ms.
Asset Pipeline Refresh (id=3609378fce6d776be80c27a50eb3509c): Total: 0.016 seconds - Initiated by StopAssetImportingV2(NoUpdateAssetOptions)
Start importing Assets/Local/MjImports/g1_approach_user_imported/Resources/right_wrist_pitch_link.stl using Guid(f81bdb088e02a9803b91e59d275372c1) Importer(-1,00000000000000000000000000000000) [PhysX] Initialized MultithreadedTaskDispatcher with 22 workers.
 -> (artifact id: '53cf43e210c08a383fed4bd3a9d940c0') in 0.003126 seconds
Refreshing native plugins compatible for Editor in 0.12 ms, found 0 plugins.
Preloading 0 native plugins for Editor in 0.00 ms.
Asset Pipeline Refresh (id=0becb71771d3f38a2aa358185c30c24a): Total: 0.010 seconds - Initiated by StopAssetImportingV2(NoUpdateAssetOptions)
Start importing Assets/Local/MjImports/g1_approach_user_imported/Resources/right_wrist_yaw_link.stl using Guid(5c7cdee64cad32fc8a91added745ac1d) Importer(-1,00000000000000000000000000000000) [PhysX] Initialized MultithreadedTaskDispatcher with 22 workers.
 -> (artifact id: 'e8b9a6a6749e9461bda33a29263373f8') in 0.010177 seconds
Refreshing native plugins compatible for Editor in 0.09 ms, found 0 plugins.
Preloading 0 native plugins for Editor in 0.00 ms.
Asset Pipeline Refresh (id=e627911d3776d30058b251d36a9fffeb): Total: 0.024 seconds - Initiated by StopAssetImportingV2(NoUpdateAssetOptions)
Start importing Assets/Local/MjImports/g1_approach_user_imported/Resources/right_rubber_hand.stl using Guid(ac7187ff5e49219aebccf48916bd7470) Importer(-1,00000000000000000000000000000000) [PhysX] Initialized MultithreadedTaskDispatcher with 22 workers.
 -> (artifact id: '073d1c22593320eff06765693c779633') in 0.052046 seconds
Refreshing native plugins compatible for Editor in 0.13 ms, found 0 plugins.
Preloading 0 native plugins for Editor in 0.00 ms.
Asset Pipeline Refresh (id=40a5eb83a4456350ea44cf3e367195ad): Total: 0.061 seconds - Initiated by StopAssetImportingV2(NoUpdateAssetOptions)
Start importing Assets/Local/MjImports/g1_approach_user_imported/Resources/floor_mat.mat using Guid(82d29b293683c84e48b52e81374d26dd) Importer(-1,00000000000000000000000000000000) [PhysX] Initialized MultithreadedTaskDispatcher with 22 workers.
 -> (artifact id: '977e1eff7e209cf70dfd7f6f80a34a4f') in 0.000653 seconds
Refreshing native plugins compatible for Editor in 0.12 ms, found 0 plugins.
Preloading 0 native plugins for Editor in 0.00 ms.
Asset Pipeline Refresh (id=97709af05a069f41195a91780ac7c0b8): Total: 0.006 seconds - Initiated by StopAssetImportingV2(NoUpdateAssetOptions)
Start importing Assets/Local/MjImports/g1_approach_user_imported/Resources/obstacle_mat.mat using Guid(23164c461fb6adfcfa76559f7ad55d36) Importer(-1,00000000000000000000000000000000) [PhysX] Initialized MultithreadedTaskDispatcher with 22 workers.
 -> (artifact id: '2f7c748326b90c24b22e8915b18b3ce8') in 0.000533 seconds
Refreshing native plugins compatible for Editor in 0.09 ms, found 0 plugins.
Preloading 0 native plugins for Editor in 0.00 ms.
Asset Pipeline Refresh (id=05195ec7c7317547e9f1bddf86fc1673): Total: 0.008 seconds - Initiated by StopAssetImportingV2(NoUpdateAssetOptions)
Start importing Assets/Local/MjImports/g1_approach_user_imported/Resources/goal_mat.mat using Guid(61b9dfbef837718a584086d7f98db1a0) Importer(-1,00000000000000000000000000000000) [PhysX] Initialized MultithreadedTaskDispatcher with 22 workers.
 -> (artifact id: 'ae0f01e721ca920b152bcb58ab462cef') in 0.000531 seconds
Refreshing native plugins compatible for Editor in 0.11 ms, found 0 plugins.
Preloading 0 native plugins for Editor in 0.00 ms.
Asset Pipeline Refresh (id=f3d8a94382ad9902d8a4642a56cc7cba): Total: 0.011 seconds - Initiated by StopAssetImportingV2(NoUpdateAssetOptions)
Start importing Assets/Local/MjImports/g1_approach_user_imported/Resources/npc_mat.mat using Guid(46d12b7daf27047d3aec354e4a8e167a) Importer(-1,00000000000000000000000000000000) [PhysX] Initialized MultithreadedTaskDispatcher with 22 workers.
 -> (artifact id: 'b55afac2a4484c360a279f2d177ba065') in 0.000526 seconds
Refreshing native plugins compatible for Editor in 0.11 ms, found 0 plugins.
Preloading 0 native plugins for Editor in 0.00 ms.
Asset Pipeline Refresh (id=007590af6cf7c292eb6bf7751047246e): Total: 0.008 seconds - Initiated by StopAssetImportingV2(NoUpdateAssetOptions)
Start importing Assets/Local/MjImports/g1_approach_user_imported/Resources/blue_cylinder_mat.mat using Guid(613191e877ceb3d30ba6176ea05524c8) Importer(-1,00000000000000000000000000000000) [PhysX] Initialized MultithreadedTaskDispatcher with 22 workers.
 -> (artifact id: '554881504aa8a94f43641d9669b38151') in 0.000546 seconds
Refreshing native plugins compatible for Editor in 0.11 ms, found 0 plugins.
Preloading 0 native plugins for Editor in 0.00 ms.
Asset Pipeline Refresh (id=13e275a3c6fd129e1a407691a276150d): Total: 0.015 seconds - Initiated by StopAssetImportingV2(NoUpdateAssetOptions)
Start importing Assets/Local/MjImports/g1_approach_user_imported/Resources/429463.mat using Guid(0dde01ecb1aa996c192aca7546997360) Importer(-1,00000000000000000000000000000000) [PhysX] Initialized MultithreadedTaskDispatcher with 22 workers.
 -> (artifact id: '8453912a0432cc2555cad439a47f2855') in 0.000611 seconds
Refreshing native plugins compatible for Editor in 0.13 ms, found 0 plugins.
Preloading 0 native plugins for Editor in 0.00 ms.
Asset Pipeline Refresh (id=d00d71781fe4442d4811a21f36fb2da5): Total: 0.014 seconds - Initiated by StopAssetImportingV2(NoUpdateAssetOptions)
Start importing Assets/Local/MjImports/g1_approach_user_imported/Resources/269522.mat using Guid(27728b4036f4b83b2b33da30c3fdb961) Importer(-1,00000000000000000000000000000000) [PhysX] Initialized MultithreadedTaskDispatcher with 22 workers.
 -> (artifact id: 'a8a46a2fea6080a5bbf2fffbb3fe8dfa') in 0.000533 seconds
Refreshing native plugins compatible for Editor in 0.06 ms, found 0 plugins.
Preloading 0 native plugins for Editor in 0.00 ms.
Asset Pipeline Refresh (id=9ebae94a364a1ecb1be98da036779662): Total: 0.017 seconds - Initiated by StopAssetImportingV2(NoUpdateAssetOptions)
Start importing Assets/Local/MjImports/g1_approach_user_imported/Resources/617184.mat using Guid(4596b0f7601c537e1bce975b692703eb) Importer(-1,00000000000000000000000000000000) [PhysX] Initialized MultithreadedTaskDispatcher with 22 workers.
 -> (artifact id: '1d8b287a2e538cfc8d453e859ee37d09') in 0.000572 seconds
Refreshing native plugins compatible for Editor in 0.15 ms, found 0 plugins.
Preloading 0 native plugins for Editor in 0.00 ms.
Asset Pipeline Refresh (id=ea986d1a65d9ebb7ebd3ce8d3d81a4d8): Total: 0.009 seconds - Initiated by StopAssetImportingV2(NoUpdateAssetOptions)
Start importing Assets/Local/MjImports/g1_approach_user_imported/Resources/79062.mat using Guid(86a4d7acda7954add83e79747f3853a4) Importer(-1,00000000000000000000000000000000) [PhysX] Initialized MultithreadedTaskDispatcher with 22 workers.
 -> (artifact id: 'b090323011ca63122d1b1878d5b76ffb') in 0.000550 seconds
Refreshing native plugins compatible for Editor in 0.06 ms, found 0 plugins.
Preloading 0 native plugins for Editor in 0.00 ms.
Asset Pipeline Refresh (id=6f3c2753a024054038b2df5464150f28): Total: 0.006 seconds - Initiated by StopAssetImportingV2(NoUpdateAssetOptions)
Start importing Assets/Local/MjImports/g1_approach_user_imported/Resources/755202.mat using Guid(e4495f3789690a38a85bd83e716ca21b) Importer(-1,00000000000000000000000000000000) [PhysX] Initialized MultithreadedTaskDispatcher with 22 workers.
 -> (artifact id: 'a3341cfee8554eb22563ae27c7ce7484') in 0.000531 seconds
Refreshing native plugins compatible for Editor in 0.11 ms, found 0 plugins.
Preloading 0 native plugins for Editor in 0.00 ms.
Asset Pipeline Refresh (id=66090adfc66e59d98b8653d0a55f0219): Total: 0.010 seconds - Initiated by StopAssetImportingV2(NoUpdateAssetOptions)
Start importing Assets/Local/MjImports/g1_approach_user_imported/Resources/614089.mat using Guid(f821386885f1be7948e0a15f5e2e7fab) Importer(-1,00000000000000000000000000000000) [PhysX] Initialized MultithreadedTaskDispatcher with 22 workers.
 -> (artifact id: 'ce24914046a212e8272a73cc492181bd') in 0.000546 seconds
Refreshing native plugins compatible for Editor in 0.10 ms, found 0 plugins.
Preloading 0 native plugins for Editor in 0.00 ms.
Asset Pipeline Refresh (id=df774eb15243fb2f3a45e3454a9f9eed): Total: 0.005 seconds - Initiated by StopAssetImportingV2(NoUpdateAssetOptions)
Start importing Assets/Local/MjImports/g1_approach_user_imported/Resources/735281.mat using Guid(41dcf0a15bfe7c27ab89263d18fbcff4) Importer(-1,00000000000000000000000000000000) [PhysX] Initialized MultithreadedTaskDispatcher with 22 workers.
 -> (artifact id: '2c08afa81144df5306cce873c6ef8947') in 0.000518 seconds
Refreshing native plugins compatible for Editor in 0.09 ms, found 0 plugins.
Preloading 0 native plugins for Editor in 0.00 ms.
Asset Pipeline Refresh (id=9989d0dd6abb509f698a4bd205868460): Total: 0.008 seconds - Initiated by StopAssetImportingV2(NoUpdateAssetOptions)
Start importing Assets/Local/MjImports/g1_approach_user_imported/Resources/41300.mat using Guid(aaf839863b63ace20ba69b0e7c620167) Importer(-1,00000000000000000000000000000000) [PhysX] Initialized MultithreadedTaskDispatcher with 22 workers.
 -> (artifact id: '8a23a9d3eb908423ad44af7de15eaf54') in 0.000524 seconds
Refreshing native plugins compatible for Editor in 0.11 ms, found 0 plugins.
Preloading 0 native plugins for Editor in 0.00 ms.
Asset Pipeline Refresh (id=d9bbb03f866db685f834010c54624d62): Total: 0.017 seconds - Initiated by StopAssetImportingV2(NoUpdateAssetOptions)
Start importing Assets/Local/MjImports/g1_approach_user_imported/Resources/284220.mat using Guid(5ea25bb4dd215f6dd8e31afeb5d8fb6e) Importer(-1,00000000000000000000000000000000) [PhysX] Initialized MultithreadedTaskDispatcher with 22 workers.
 -> (artifact id: '9337edd1f35d7f18cad0c61df1159957') in 0.000556 seconds
Refreshing native plugins compatible for Editor in 0.10 ms, found 0 plugins.
Preloading 0 native plugins for Editor in 0.00 ms.
Asset Pipeline Refresh (id=1ce71197805a8941f84f8b723130da27): Total: 0.014 seconds - Initiated by StopAssetImportingV2(NoUpdateAssetOptions)
Start importing Assets/Local/MjImports/g1_approach_user_imported/Resources/496874.mat using Guid(a8eb6f968e22fb073ab87f08153b7850) Importer(-1,00000000000000000000000000000000) [PhysX] Initialized MultithreadedTaskDispatcher with 22 workers.
 -> (artifact id: '835c6ccbc4f241cd59731b2495f02584') in 0.000522 seconds
Refreshing native plugins compatible for Editor in 0.13 ms, found 0 plugins.
Preloading 0 native plugins for Editor in 0.00 ms.
Asset Pipeline Refresh (id=7484b774227e6e3d6a8a9faf56b0d82c): Total: 0.006 seconds - Initiated by StopAssetImportingV2(NoUpdateAssetOptions)
Start importing Assets/Local/MjImports/g1_approach_user_imported/Resources/449318.mat using Guid(c8cf32ab018efa915a87ae002d08733d) Importer(-1,00000000000000000000000000000000) [PhysX] Initialized MultithreadedTaskDispatcher with 22 workers.
 -> (artifact id: 'ddf93a9088cc9aa1d80b0de8550f5b30') in 0.000535 seconds
Refreshing native plugins compatible for Editor in 0.08 ms, found 0 plugins.
Preloading 0 native plugins for Editor in 0.00 ms.
Asset Pipeline Refresh (id=414aa74f57ed4160eb00954631859989): Total: 0.014 seconds - Initiated by StopAssetImportingV2(NoUpdateAssetOptions)
Start importing Assets/Local/MjImports/g1_approach_user_imported/Resources/378519.mat using Guid(4b53eb2caa8113daba52bfde50c33ee4) Importer(-1,00000000000000000000000000000000) [PhysX] Initialized MultithreadedTaskDispatcher with 22 workers.
 -> (artifact id: 'b5cf4e4a8ffee7eb65fa81d07c8b6773') in 0.000534 seconds
Refreshing native plugins compatible for Editor in 0.09 ms, found 0 plugins.
Preloading 0 native plugins for Editor in 0.00 ms.
Asset Pipeline Refresh (id=602989b57ce9743998f6d5a790160346): Total: 0.005 seconds - Initiated by StopAssetImportingV2(NoUpdateAssetOptions)
Start importing Assets/Local/MjImports/g1_approach_user_imported/Resources/584954.mat using Guid(0956a65d888dc467eb54ec084092b17a) Importer(-1,00000000000000000000000000000000) [PhysX] Initialized MultithreadedTaskDispatcher with 22 workers.
 -> (artifact id: '5568a1617d18b1c70c06682e124274af') in 0.000500 seconds
Refreshing native plugins compatible for Editor in 0.08 ms, found 0 plugins.
Preloading 0 native plugins for Editor in 0.00 ms.
Asset Pipeline Refresh (id=e4aa9a040a6f29d66835148170cb8b97): Total: 0.010 seconds - Initiated by StopAssetImportingV2(NoUpdateAssetOptions)
Start importing Assets/Local/MjImports/g1_approach_user_imported/Resources/37212.mat using Guid(e9d0a3383b875159691c09eda55b1637) Importer(-1,00000000000000000000000000000000) [PhysX] Initialized MultithreadedTaskDispatcher with 22 workers.
 -> (artifact id: '6d65081ab1b708446b4466facdce1ab1') in 0.000508 seconds
Refreshing native plugins compatible for Editor in 0.10 ms, found 0 plugins.
Preloading 0 native plugins for Editor in 0.00 ms.
Asset Pipeline Refresh (id=8353d18354ce8f77ca7d7d740ae79a4a): Total: 0.005 seconds - Initiated by StopAssetImportingV2(NoUpdateAssetOptions)
Start importing Assets/Local/MjImports/g1_approach_user_imported/Resources/649881.mat using Guid(ea4f96271ea5ac335b2efd8c404241a5) Importer(-1,00000000000000000000000000000000) [PhysX] Initialized MultithreadedTaskDispatcher with 22 workers.
 -> (artifact id: 'cdc1b937a5646198fd87b8c22937c256') in 0.000514 seconds
Refreshing native plugins compatible for Editor in 0.12 ms, found 0 plugins.
Preloading 0 native plugins for Editor in 0.00 ms.
Asset Pipeline Refresh (id=dd45f368500c84949b7681d65fce4bbc): Total: 0.012 seconds - Initiated by StopAssetImportingV2(NoUpdateAssetOptions)
Start importing Assets/Local/MjImports/g1_approach_user_imported/Resources/627875.mat using Guid(fa0c47d0cecb666d8b0d46b3172d437b) Importer(-1,00000000000000000000000000000000) [PhysX] Initialized MultithreadedTaskDispatcher with 22 workers.
 -> (artifact id: '47505826295685e1c9b26f1328cd1bb4') in 0.000516 seconds
Refreshing native plugins compatible for Editor in 0.10 ms, found 0 plugins.
Preloading 0 native plugins for Editor in 0.00 ms.
Asset Pipeline Refresh (id=4edc82f9710f0a20aa67c5564488bb4a): Total: 0.014 seconds - Initiated by StopAssetImportingV2(NoUpdateAssetOptions)
Start importing Assets/Local/MjImports/g1_approach_user_imported/Resources/455123.mat using Guid(b20c5e15e19db1db59e276f1c8e06ae3) Importer(-1,00000000000000000000000000000000) [PhysX] Initialized MultithreadedTaskDispatcher with 22 workers.
 -> (artifact id: '8d598fe6241c63074dbb94576c10287e') in 0.000565 seconds
Refreshing native plugins compatible for Editor in 0.16 ms, found 0 plugins.
Preloading 0 native plugins for Editor in 0.00 ms.
Asset Pipeline Refresh (id=6061e50a9afe2aee8933b6a315ed6750): Total: 0.008 seconds - Initiated by StopAssetImportingV2(NoUpdateAssetOptions)
Start importing Assets/Local/MjImports/g1_approach_user_imported/Resources/246072.mat using Guid(2a1f1564b707310c79211e836d32bff0) Importer(-1,00000000000000000000000000000000) [PhysX] Initialized MultithreadedTaskDispatcher with 22 workers.
 -> (artifact id: '713f5aa6233486e2c2156570c55c8128') in 0.000498 seconds
Refreshing native plugins compatible for Editor in 0.09 ms, found 0 plugins.
Preloading 0 native plugins for Editor in 0.00 ms.
Asset Pipeline Refresh (id=bd1c4fdce191e997f86dbc3f69f0ff43): Total: 0.014 seconds - Initiated by StopAssetImportingV2(NoUpdateAssetOptions)
Start importing Assets/Local/MjImports/g1_approach_user_imported/Resources/351930.mat using Guid(be507b3e487ed0a7695a6d318c535ad7) Importer(-1,00000000000000000000000000000000) [PhysX] Initialized MultithreadedTaskDispatcher with 22 workers.
 -> (artifact id: 'cf4ea7359af813543c2eba7759ee2449') in 0.000534 seconds
Refreshing native plugins compatible for Editor in 0.09 ms, found 0 plugins.
Preloading 0 native plugins for Editor in 0.00 ms.
Asset Pipeline Refresh (id=db5aac0d4c2b1c3f48118918d0f115c5): Total: 0.017 seconds - Initiated by StopAssetImportingV2(NoUpdateAssetOptions)
Start importing Assets/Local/MjImports/g1_approach_user_imported/Resources/351439.mat using Guid(ba720ea9349bc8127b7dd27ea9a23c94) Importer(-1,00000000000000000000000000000000) [PhysX] Initialized MultithreadedTaskDispatcher with 22 workers.
 -> (artifact id: '56d409c547e3219b7db1fc40b0a95b35') in 0.000560 seconds
Refreshing native plugins compatible for Editor in 0.09 ms, found 0 plugins.
Preloading 0 native plugins for Editor in 0.00 ms.
Asset Pipeline Refresh (id=37d4d21bec661ec1ba0aa17d4da39377): Total: 0.010 seconds - Initiated by StopAssetImportingV2(NoUpdateAssetOptions)
Start importing Assets/Local/MjImports/g1_approach_user_imported/Resources/605133.mat using Guid(0b9f79187411fc433a7f610a674b5f3a) Importer(-1,00000000000000000000000000000000) [PhysX] Initialized MultithreadedTaskDispatcher with 22 workers.
 -> (artifact id: '68b35add04675128f6c407b218fe587a') in 0.000533 seconds
Refreshing native plugins compatible for Editor in 0.08 ms, found 0 plugins.
Preloading 0 native plugins for Editor in 0.00 ms.
Asset Pipeline Refresh (id=195f2e9d4a28c8fc58e185c22996d430): Total: 0.014 seconds - Initiated by StopAssetImportingV2(NoUpdateAssetOptions)
Start importing Assets/Local/MjImports/g1_approach_user_imported/Resources/485859.mat using Guid(621882a001dd8deadbe92deae1fb097e) Importer(-1,00000000000000000000000000000000) [PhysX] Initialized MultithreadedTaskDispatcher with 22 workers.
 -> (artifact id: '70e850933f75b786c7cc512eb3e9adff') in 0.000587 seconds
Refreshing native plugins compatible for Editor in 0.09 ms, found 0 plugins.
Preloading 0 native plugins for Editor in 0.00 ms.
Asset Pipeline Refresh (id=634a689cc0142823a9a440902558a710): Total: 0.004 seconds - Initiated by StopAssetImportingV2(NoUpdateAssetOptions)
Start importing Assets/Local/MjImports/g1_approach_user_imported/Resources/61537.mat using Guid(6b0236be3071bd6d2b2fedd2b6dc159a) Importer(-1,00000000000000000000000000000000) [PhysX] Initialized MultithreadedTaskDispatcher with 22 workers.
 -> (artifact id: '591c19992fbacc095f49a50b6f0b6e21') in 0.000556 seconds
Refreshing native plugins compatible for Editor in 0.12 ms, found 0 plugins.
Preloading 0 native plugins for Editor in 0.00 ms.
Asset Pipeline Refresh (id=ad766ead44d411dcc82df39bea8d6370): Total: 0.014 seconds - Initiated by StopAssetImportingV2(NoUpdateAssetOptions)
Start importing Assets/Local/MjImports/g1_approach_user_imported/Resources/410112.mat using Guid(13a909c9a4d49114cb9c859089246967) Importer(-1,00000000000000000000000000000000) [PhysX] Initialized MultithreadedTaskDispatcher with 22 workers.
 -> (artifact id: '34156d7a72bb4fd36279d0f63f315901') in 0.000551 seconds
Refreshing native plugins compatible for Editor in 0.11 ms, found 0 plugins.
Preloading 0 native plugins for Editor in 0.00 ms.
Asset Pipeline Refresh (id=8772988facca706a2af4c46e9b5ff925): Total: 0.013 seconds - Initiated by StopAssetImportingV2(NoUpdateAssetOptions)
Start importing Assets/Local/MjImports/g1_approach_user_imported/Resources/628450.mat using Guid(e089344818909df198db8d9cdc8ec076) Importer(-1,00000000000000000000000000000000) [PhysX] Initialized MultithreadedTaskDispatcher with 22 workers.
 -> (artifact id: 'ae3cfff8e1f846dd28754a0710ecd023') in 0.000544 seconds
Refreshing native plugins compatible for Editor in 0.08 ms, found 0 plugins.
Preloading 0 native plugins for Editor in 0.00 ms.
Asset Pipeline Refresh (id=f8cbd0762848df7e393ccdda8cf7791b): Total: 0.007 seconds - Initiated by StopAssetImportingV2(NoUpdateAssetOptions)
Start importing Assets/Local/MjImports/g1_approach_user_imported/Resources/1488.mat using Guid(479fb2b667d3a093c870865034e3ca75) Importer(-1,00000000000000000000000000000000) [PhysX] Initialized MultithreadedTaskDispatcher with 22 workers.
 -> (artifact id: '2c51ab105737e04c51ece641e0b314fc') in 0.000537 seconds
Refreshing native plugins compatible for Editor in 0.09 ms, found 0 plugins.
Preloading 0 native plugins for Editor in 0.00 ms.
Asset Pipeline Refresh (id=cf0eb3fd187f62b50bfe2731b82a6be2): Total: 0.008 seconds - Initiated by StopAssetImportingV2(NoUpdateAssetOptions)
Start importing Assets/Local/MjImports/g1_approach_user_imported/Resources/893935.mat using Guid(e684edfd2e5d70c5fbd545ec03712c96) Importer(-1,00000000000000000000000000000000) [PhysX] Initialized MultithreadedTaskDispatcher with 22 workers.
 -> (artifact id: 'c574aa0122aea00c3b4443dde76e8d07') in 0.000551 seconds
Refreshing native plugins compatible for Editor in 0.09 ms, found 0 plugins.
Preloading 0 native plugins for Editor in 0.00 ms.
Asset Pipeline Refresh (id=c22e232eff3fdb20489b5e60b2b6efc6): Total: 0.006 seconds - Initiated by StopAssetImportingV2(NoUpdateAssetOptions)
Start importing Assets/Local/MjImports/g1_approach_user_imported/Resources/742496.mat using Guid(c7791a917ff7acb0096de60090b0fdf6) Importer(-1,00000000000000000000000000000000) [PhysX] Initialized MultithreadedTaskDispatcher with 22 workers.
 -> (artifact id: '865be3adabbee1126922ba32c679462b') in 0.000544 seconds
Refreshing native plugins compatible for Editor in 0.06 ms, found 0 plugins.
Preloading 0 native plugins for Editor in 0.00 ms.
Asset Pipeline Refresh (id=0b6e57a3366e2b4fbb50f8832a715c5e): Total: 0.012 seconds - Initiated by StopAssetImportingV2(NoUpdateAssetOptions)
Start importing Assets/Local/MjImports/g1_approach_user_imported/Resources/3142.mat using Guid(09aced89309bbf089a0fdb0611866e8a) Importer(-1,00000000000000000000000000000000) [PhysX] Initialized MultithreadedTaskDispatcher with 22 workers.
 -> (artifact id: '3835439f04e7fb15d9e2dfbfd9eb6c7b') in 0.000538 seconds
Refreshing native plugins compatible for Editor in 0.12 ms, found 0 plugins.
Preloading 0 native plugins for Editor in 0.00 ms.
Asset Pipeline Refresh (id=d0c1ddc5cb956f6a38872cf44ee4997d): Total: 0.014 seconds - Initiated by StopAssetImportingV2(NoUpdateAssetOptions)
Start importing Assets/Local/MjImports/g1_approach_user_imported/Resources/37867.mat using Guid(fea483ced2725ef8bbcc96dd39cbf60a) Importer(-1,00000000000000000000000000000000) [PhysX] Initialized MultithreadedTaskDispatcher with 22 workers.
 -> (artifact id: 'e5e2939f6db8032f8720716de01a8dd0') in 0.000554 seconds
Refreshing native plugins compatible for Editor in 0.10 ms, found 0 plugins.
Preloading 0 native plugins for Editor in 0.00 ms.
Asset Pipeline Refresh (id=2f7b0ef9db810841e81e9f4f4bc587c7): Total: 0.008 seconds - Initiated by StopAssetImportingV2(NoUpdateAssetOptions)
Start importing Assets/Local/MjImports/g1_approach_user_imported/Resources/696337.mat using Guid(7116f90331c845895aa89a24eb81f611) Importer(-1,00000000000000000000000000000000) [PhysX] Initialized MultithreadedTaskDispatcher with 22 workers.
 -> (artifact id: 'e13d01c9334a11449a9801c551b4ad59') in 0.000537 seconds
Refreshing native plugins compatible for Editor in 0.13 ms, found 0 plugins.
Preloading 0 native plugins for Editor in 0.00 ms.
Asset Pipeline Refresh (id=3db4fd1cb7f91acfabec7ad73319bef8): Total: 0.007 seconds - Initiated by StopAssetImportingV2(NoUpdateAssetOptions)
Start importing Assets/Local/MjImports/g1_approach_user_imported/Resources/128849.mat using Guid(13f45dc618a2f2347a954510aaf8922b) Importer(-1,00000000000000000000000000000000) [PhysX] Initialized MultithreadedTaskDispatcher with 22 workers.
 -> (artifact id: '19f50d90bb44cab3743a5e3a922ed846') in 0.000527 seconds
Refreshing native plugins compatible for Editor in 0.12 ms, found 0 plugins.
Preloading 0 native plugins for Editor in 0.00 ms.
Asset Pipeline Refresh (id=7fb282875fa38532c914eec17d72ee98): Total: 0.007 seconds - Initiated by StopAssetImportingV2(NoUpdateAssetOptions)
Start importing Assets/Local/MjImports/g1_approach_user_imported/Resources/928368.mat using Guid(576d5eee97e3d760bb2bebba709bb0fd) Importer(-1,00000000000000000000000000000000) [PhysX] Initialized MultithreadedTaskDispatcher with 22 workers.
 -> (artifact id: 'add452361c91ec17e7e6400ea59ef575') in 0.000523 seconds
Refreshing native plugins compatible for Editor in 0.06 ms, found 0 plugins.
Preloading 0 native plugins for Editor in 0.00 ms.
Asset Pipeline Refresh (id=e10d5ffd802c298c7925a8b03dec1e04): Total: 0.004 seconds - Initiated by StopAssetImportingV2(NoUpdateAssetOptions)
Start importing Assets/Local/MjImports/g1_approach_user_imported/Resources/389849.mat using Guid(bc4821c22eb5744dba97e158dfc9a479) Importer(-1,00000000000000000000000000000000) [PhysX] Initialized MultithreadedTaskDispatcher with 22 workers.
 -> (artifact id: 'ef11c307566ca764773bc91847042074') in 0.000496 seconds
Refreshing native plugins compatible for Editor in 0.06 ms, found 0 plugins.
Preloading 0 native plugins for Editor in 0.00 ms.
Asset Pipeline Refresh (id=7f71598679803ec2b81cc3110dd83499): Total: 0.004 seconds - Initiated by StopAssetImportingV2(NoUpdateAssetOptions)
Start importing Assets/Local/MjImports/g1_approach_user_imported/Resources/851442.mat using Guid(abbdb1f5b48fcd741a55631fa894d1fb) Importer(-1,00000000000000000000000000000000) [PhysX] Initialized MultithreadedTaskDispatcher with 22 workers.
 -> (artifact id: '13d3659a05cf4d888a36055a4f708454') in 0.000482 seconds
Refreshing native plugins compatible for Editor in 0.05 ms, found 0 plugins.
Preloading 0 native plugins for Editor in 0.00 ms.
Asset Pipeline Refresh (id=0ac201260f97c1dd2b9a4e7d86616faa): Total: 0.004 seconds - Initiated by StopAssetImportingV2(NoUpdateAssetOptions)
Start importing Assets/Local/MjImports/g1_approach_user_imported/Resources/765777.mat using Guid(cb3501637330feb509cffea282771cb7) Importer(-1,00000000000000000000000000000000) [PhysX] Initialized MultithreadedTaskDispatcher with 22 workers.
 -> (artifact id: '637de069cdf9aba5abaa977a056dbffe') in 0.000478 seconds
Refreshing native plugins compatible for Editor in 0.05 ms, found 0 plugins.
Preloading 0 native plugins for Editor in 0.00 ms.
Asset Pipeline Refresh (id=abd4cb4c37b948046b2771260c68f727): Total: 0.004 seconds - Initiated by StopAssetImportingV2(NoUpdateAssetOptions)
Start importing Assets/Local/MjImports/g1_approach_user_imported/Resources/561622.mat using Guid(807111300a6848b628ccfb23b5e8697d) Importer(-1,00000000000000000000000000000000) [PhysX] Initialized MultithreadedTaskDispatcher with 22 workers.
 -> (artifact id: 'e99ab3958992a856e2beeedf1cbb7d29') in 0.000508 seconds
Refreshing native plugins compatible for Editor in 0.06 ms, found 0 plugins.
Preloading 0 native plugins for Editor in 0.00 ms.
Asset Pipeline Refresh (id=066d4c348304d720f9f4e8729f51bec5): Total: 0.004 seconds - Initiated by StopAssetImportingV2(NoUpdateAssetOptions)
Start importing Assets/Local/MjImports/g1_approach_user_imported/Resources/762297.mat using Guid(b71fa8bb6d0647572beedec5b32a2d68) Importer(-1,00000000000000000000000000000000) [PhysX] Initialized MultithreadedTaskDispatcher with 22 workers.
 -> (artifact id: 'a59b901871ed4f9a0e732e95fa3a80bd') in 0.000503 seconds
Refreshing native plugins compatible for Editor in 0.06 ms, found 0 plugins.
Preloading 0 native plugins for Editor in 0.00 ms.
Asset Pipeline Refresh (id=7659e9a03650fcf6993a3d677730cc9f): Total: 0.004 seconds - Initiated by StopAssetImportingV2(NoUpdateAssetOptions)
Start importing Assets/Local/MjImports/g1_approach_user_imported/Resources/820848.mat using Guid(62615b74438e662b5b014ed96a743989) Importer(-1,00000000000000000000000000000000) [PhysX] Initialized MultithreadedTaskDispatcher with 22 workers.
 -> (artifact id: '4286fe7b083e760d0b3de4f056e77959') in 0.000503 seconds
Refreshing native plugins compatible for Editor in 0.05 ms, found 0 plugins.
Preloading 0 native plugins for Editor in 0.00 ms.
Asset Pipeline Refresh (id=71617d9f525469bdab7aa62837b3fdfb): Total: 0.004 seconds - Initiated by StopAssetImportingV2(NoUpdateAssetOptions)
Start importing Assets/Local/MjImports/g1_approach_user_imported/Resources/37033.mat using Guid(f03117254f81e5662b758a4e21bc1ace) Importer(-1,00000000000000000000000000000000) [PhysX] Initialized MultithreadedTaskDispatcher with 22 workers.
 -> (artifact id: '0b2558fc119d866919e6c71168939623') in 0.000499 seconds
Refreshing native plugins compatible for Editor in 0.05 ms, found 0 plugins.
Preloading 0 native plugins for Editor in 0.00 ms.
Asset Pipeline Refresh (id=67c72a04d81efeb09853a184db42fd43): Total: 0.004 seconds - Initiated by StopAssetImportingV2(NoUpdateAssetOptions)
Start importing Assets/Local/MjImports/g1_approach_user_imported/Resources/754573.mat using Guid(122c451ca4cc42925a7b988974718f32) Importer(-1,00000000000000000000000000000000) [PhysX] Initialized MultithreadedTaskDispatcher with 22 workers.
 -> (artifact id: 'c7d01a276e637fb481f67ce5d7118576') in 0.000530 seconds
Refreshing native plugins compatible for Editor in 0.06 ms, found 0 plugins.
Preloading 0 native plugins for Editor in 0.00 ms.
Asset Pipeline Refresh (id=d91ab7de215ed4c359e805519daf1f4d): Total: 0.004 seconds - Initiated by StopAssetImportingV2(NoUpdateAssetOptions)
Start importing Assets/Local/MjImports/g1_approach_user_imported/Resources/739787.mat using Guid(8cf04341946a8160baa064707d52f443) Importer(-1,00000000000000000000000000000000) [PhysX] Initialized MultithreadedTaskDispatcher with 22 workers.
 -> (artifact id: 'c1510653a00f1de4b6ca4fac40920883') in 0.000494 seconds
Refreshing native plugins compatible for Editor in 0.05 ms, found 0 plugins.
Preloading 0 native plugins for Editor in 0.00 ms.
Asset Pipeline Refresh (id=2a32ad0336c5594b4a6a7a50a5a250e9): Total: 0.004 seconds - Initiated by StopAssetImportingV2(NoUpdateAssetOptions)
Start importing Assets/Local/MjImports/g1_approach_user_imported/Resources/295222.mat using Guid(b0cbbf94d64453c96baf3aec581c68ae) Importer(-1,00000000000000000000000000000000) [PhysX] Initialized MultithreadedTaskDispatcher with 22 workers.
 -> (artifact id: 'ca3fba133af4343fadda5364e5e87450') in 0.000567 seconds
Refreshing native plugins compatible for Editor in 0.06 ms, found 0 plugins.
Preloading 0 native plugins for Editor in 0.00 ms.
Asset Pipeline Refresh (id=caeb9f27f8ae5627dbd791aa54dbedd1): Total: 0.011 seconds - Initiated by StopAssetImportingV2(NoUpdateAssetOptions)
Start importing Assets/Local/MjImports/g1_approach_user_imported/Resources/530050.mat using Guid(b323389dfe5bf4399aaf31c8fab3b081) Importer(-1,00000000000000000000000000000000) [PhysX] Initialized MultithreadedTaskDispatcher with 22 workers.
 -> (artifact id: 'fbbfc37e1cae64f92094ec7aa563af78') in 0.000624 seconds
Refreshing native plugins compatible for Editor in 0.09 ms, found 0 plugins.
Preloading 0 native plugins for Editor in 0.00 ms.
Asset Pipeline Refresh (id=eddff52751053bbfe93e4aafa8cb3560): Total: 0.005 seconds - Initiated by StopAssetImportingV2(NoUpdateAssetOptions)
Start importing Assets/Local/MjImports/g1_approach_user_imported/Resources/381736.mat using Guid(3a8417a5bad175d79b4d3dbe83ca76ff) Importer(-1,00000000000000000000000000000000) [PhysX] Initialized MultithreadedTaskDispatcher with 22 workers.
 -> (artifact id: 'b148e16a70872aec0ef9dacfd216fb18') in 0.000563 seconds
Refreshing native plugins compatible for Editor in 0.06 ms, found 0 plugins.
Preloading 0 native plugins for Editor in 0.00 ms.
Asset Pipeline Refresh (id=789f43c6dd48aa76da7c6e22ef4a2468): Total: 0.004 seconds - Initiated by StopAssetImportingV2(NoUpdateAssetOptions)
Start importing Assets/Local/MjImports/g1_approach_user_imported/Resources/447029.mat using Guid(445754ac9c19e52c5b43a5e98eb1eae8) Importer(-1,00000000000000000000000000000000) [PhysX] Initialized MultithreadedTaskDispatcher with 22 workers.
 -> (artifact id: 'f8245a8cfe5e0cbc6852ea849925fa1e') in 0.000490 seconds
Refreshing native plugins compatible for Editor in 0.06 ms, found 0 plugins.
Preloading 0 native plugins for Editor in 0.00 ms.
Asset Pipeline Refresh (id=79e14328dea18bee1a5b80e76d483f96): Total: 0.004 seconds - Initiated by StopAssetImportingV2(NoUpdateAssetOptions)
Start importing Assets/Local/MjImports/g1_approach_user_imported/Resources/673367.mat using Guid(3eed4748767eee273be351eafe7b3e1e) Importer(-1,00000000000000000000000000000000) [PhysX] Initialized MultithreadedTaskDispatcher with 22 workers.
 -> (artifact id: 'dc2bd267f7edf0d6722bad4c1a32e2b0') in 0.000490 seconds
Refreshing native plugins compatible for Editor in 0.05 ms, found 0 plugins.
Preloading 0 native plugins for Editor in 0.00 ms.
Asset Pipeline Refresh (id=d334239e1f1e018beb80e14e589e0104): Total: 0.004 seconds - Initiated by StopAssetImportingV2(NoUpdateAssetOptions)
Start importing Assets/Local/MjImports/g1_approach_user_imported/Resources/696009.mat using Guid(75dd9e1df161f66afb15e0027b058d58) Importer(-1,00000000000000000000000000000000) [PhysX] Initialized MultithreadedTaskDispatcher with 22 workers.
 -> (artifact id: '913c286e9dc551a4c2d0c3d672c09ab2') in 0.000517 seconds
Refreshing native plugins compatible for Editor in 0.06 ms, found 0 plugins.
Preloading 0 native plugins for Editor in 0.00 ms.
Asset Pipeline Refresh (id=d4830caeeb8edc60092ae513e0709749): Total: 0.004 seconds - Initiated by StopAssetImportingV2(NoUpdateAssetOptions)
Start importing Assets/Local/MjImports/g1_approach_user_imported/Resources/312760.mat using Guid(5722497acf4dc7f86be342411fe9e537) Importer(-1,00000000000000000000000000000000) [PhysX] Initialized MultithreadedTaskDispatcher with 22 workers.
 -> (artifact id: '8f940bfbeebaeaa424282c715424e507') in 0.000491 seconds
Refreshing native plugins compatible for Editor in 0.06 ms, found 0 plugins.
Preloading 0 native plugins for Editor in 0.00 ms.
Asset Pipeline Refresh (id=13c0817280942e05d85ee0029c5b8e2a): Total: 0.004 seconds - Initiated by StopAssetImportingV2(NoUpdateAssetOptions)
Start importing Assets/Local/MjImports/g1_approach_user_imported/Resources/810012.mat using Guid(82c9159be8db70fb59423e38d329ba06) Importer(-1,00000000000000000000000000000000) [PhysX] Initialized MultithreadedTaskDispatcher with 22 workers.
 -> (artifact id: 'dd82926a0b17d51ab578f26ae2e9327d') in 0.000488 seconds
Refreshing native plugins compatible for Editor in 0.05 ms, found 0 plugins.
Preloading 0 native plugins for Editor in 0.00 ms.
Asset Pipeline Refresh (id=2c266835680d9dab18474232433ee94b): Total: 0.004 seconds - Initiated by StopAssetImportingV2(NoUpdateAssetOptions)
Start importing Assets/Local/MjImports/g1_approach_user_imported/Resources/584256.mat using Guid(880fb5d7e977c47aba889fa1728cf988) Importer(-1,00000000000000000000000000000000) [PhysX] Initialized MultithreadedTaskDispatcher with 22 workers.
 -> (artifact id: '333e75ff4346f224e649c84e99bb08cb') in 0.000491 seconds
Refreshing native plugins compatible for Editor in 0.06 ms, found 0 plugins.
Preloading 0 native plugins for Editor in 0.00 ms.
Asset Pipeline Refresh (id=0f71f717a1163d92bb4bd14ca43b20e1): Total: 0.004 seconds - Initiated by StopAssetImportingV2(NoUpdateAssetOptions)
Start importing Assets/Local/MjImports/g1_approach_user_imported/Resources/69785.mat using Guid(4f052630ab5e044249e1602c524c21ac) Importer(-1,00000000000000000000000000000000) [PhysX] Initialized MultithreadedTaskDispatcher with 22 workers.
 -> (artifact id: '00bdf1d7408ef462ebc94f3d5c3d1eec') in 0.000495 seconds
Refreshing native plugins compatible for Editor in 0.05 ms, found 0 plugins.
Preloading 0 native plugins for Editor in 0.00 ms.
Asset Pipeline Refresh (id=81b7d8bb2f395c7078c44eb54dd3c752): Total: 0.004 seconds - Initiated by StopAssetImportingV2(NoUpdateAssetOptions)
Start importing Assets/Local/MjImports/g1_approach_user_imported/Resources/549247.mat using Guid(f9c1d135896469868a2918ba18a8766f) Importer(-1,00000000000000000000000000000000) [PhysX] Initialized MultithreadedTaskDispatcher with 22 workers.
 -> (artifact id: 'ea2c0304c7869a0a8dd5b2f08e9c40ed') in 0.000489 seconds
Refreshing native plugins compatible for Editor in 0.05 ms, found 0 plugins.
Preloading 0 native plugins for Editor in 0.00 ms.
Asset Pipeline Refresh (id=e8b8c1b95a52f11e589f232999d2956e): Total: 0.005 seconds - Initiated by StopAssetImportingV2(NoUpdateAssetOptions)
Start importing Assets/Local/MjImports/g1_approach_user_imported/Resources/351238.mat using Guid(d9844733731e6cb0ca8df5155d2e2a4e) Importer(-1,00000000000000000000000000000000) [PhysX] Initialized MultithreadedTaskDispatcher with 22 workers.
 -> (artifact id: 'c508c0c540bbc35e068bb00bf28c762c') in 0.000534 seconds
Refreshing native plugins compatible for Editor in 0.06 ms, found 0 plugins.
Preloading 0 native plugins for Editor in 0.00 ms.
Asset Pipeline Refresh (id=dd1ce9b7a7de515bf9dd4fd6bf97c897): Total: 0.004 seconds - Initiated by StopAssetImportingV2(NoUpdateAssetOptions)
Start importing Assets/Local/MjImports/g1_approach_user_imported/Resources/97459.mat using Guid(0d17744f4016698e7a58d1982db69d1a) Importer(-1,00000000000000000000000000000000) [PhysX] Initialized MultithreadedTaskDispatcher with 22 workers.
 -> (artifact id: 'cf4a6d203acbe326232253215080f201') in 0.000504 seconds
Refreshing native plugins compatible for Editor in 0.07 ms, found 0 plugins.
Preloading 0 native plugins for Editor in 0.00 ms.
Asset Pipeline Refresh (id=4dd83dead7d028f408ef21749362fde4): Total: 0.004 seconds - Initiated by StopAssetImportingV2(NoUpdateAssetOptions)
Start importing Assets/Local/MjImports/g1_approach_user_imported/Resources/333787.mat using Guid(6b81642faecb4723ba4eeed0a5fa0749) Importer(-1,00000000000000000000000000000000) [PhysX] Initialized MultithreadedTaskDispatcher with 22 workers.
 -> (artifact id: '389b2fdf1f206f2a2bfe592e5a0ebfe1') in 0.000501 seconds
Refreshing native plugins compatible for Editor in 0.05 ms, found 0 plugins.
Preloading 0 native plugins for Editor in 0.00 ms.
Asset Pipeline Refresh (id=13ab2c0709a218e1fa89bf180eaf244d): Total: 0.004 seconds - Initiated by StopAssetImportingV2(NoUpdateAssetOptions)
Start importing Assets/Local/MjImports/g1_approach_user_imported/Resources/30699.mat using Guid(4f6877db859401692931bdd57684d5d8) Importer(-1,00000000000000000000000000000000) [PhysX] Initialized MultithreadedTaskDispatcher with 22 workers.
 -> (artifact id: '3d23baee441b1dac3fe99654eaf509b5') in 0.000476 seconds
Refreshing native plugins compatible for Editor in 0.06 ms, found 0 plugins.
Preloading 0 native plugins for Editor in 0.00 ms.
Asset Pipeline Refresh (id=ef7646713c043d818973d84a8a60b64b): Total: 0.004 seconds - Initiated by StopAssetImportingV2(NoUpdateAssetOptions)
Start importing Assets/Local/MjImports/g1_approach_user_imported/Resources/992208.mat using Guid(d8ac5e266fc15a1e9b5f54963d0929a5) Importer(-1,00000000000000000000000000000000) [PhysX] Initialized MultithreadedTaskDispatcher with 22 workers.
 -> (artifact id: '0e00c1b97d3de786caef93763b314990') in 0.000487 seconds
Refreshing native plugins compatible for Editor in 0.07 ms, found 0 plugins.
Preloading 0 native plugins for Editor in 0.00 ms.
Asset Pipeline Refresh (id=75f72dd38711be1c4a1af3d1f80305fd): Total: 0.004 seconds - Initiated by StopAssetImportingV2(NoUpdateAssetOptions)
Start importing Assets/Local/MjImports/g1_approach_user_imported/Resources/752341.mat using Guid(40433d271f0a5aa8e9e507c5ba75402a) Importer(-1,00000000000000000000000000000000) [PhysX] Initialized MultithreadedTaskDispatcher with 22 workers.
 -> (artifact id: '0fd0935eaa3817fb3a60eaf6c4699e85') in 0.000680 seconds
Refreshing native plugins compatible for Editor in 0.08 ms, found 0 plugins.
Preloading 0 native plugins for Editor in 0.00 ms.
Asset Pipeline Refresh (id=65179e8157cfb6b3aafb30714151a967): Total: 0.005 seconds - Initiated by StopAssetImportingV2(NoUpdateAssetOptions)
Start importing Assets/Local/MjImports/g1_approach_user_imported/Resources/315941.mat using Guid(1a995e300ef597073990ecbdeab5602a) Importer(-1,00000000000000000000000000000000) [PhysX] Initialized MultithreadedTaskDispatcher with 22 workers.
 -> (artifact id: '810b3990619d64bb7c9cfd04be3466b0') in 0.000629 seconds
Refreshing native plugins compatible for Editor in 0.07 ms, found 0 plugins.
Preloading 0 native plugins for Editor in 0.00 ms.
Asset Pipeline Refresh (id=0fc7e6e8ac09b705ea8fb0d48bb17ef9): Total: 0.005 seconds - Initiated by StopAssetImportingV2(NoUpdateAssetOptions)
Start importing Assets/Local/MjImports/g1_approach_user_imported/Resources/321558.mat using Guid(22b4c522252e231d19f84cbadf9c0695) Importer(-1,00000000000000000000000000000000) [PhysX] Initialized MultithreadedTaskDispatcher with 22 workers.
 -> (artifact id: '218e14ba5feefba3ca205ac90b4812d1') in 0.000646 seconds
Refreshing native plugins compatible for Editor in 0.09 ms, found 0 plugins.
Preloading 0 native plugins for Editor in 0.00 ms.
Asset Pipeline Refresh (id=4d2e37abb16ec9b7198255894b8b514a): Total: 0.005 seconds - Initiated by StopAssetImportingV2(NoUpdateAssetOptions)
Start importing Assets/Local/MjImports/g1_approach_user_imported/Resources/32835.mat using Guid(77f1b23abf33c5f13b0ac1b60e72031c) Importer(-1,00000000000000000000000000000000) [PhysX] Initialized MultithreadedTaskDispatcher with 22 workers.
 -> (artifact id: '64405b2ab9e5703ba68e55a270589133') in 0.000491 seconds
Refreshing native plugins compatible for Editor in 0.06 ms, found 0 plugins.
Preloading 0 native plugins for Editor in 0.00 ms.
Asset Pipeline Refresh (id=a6dd54ae8239ead199ddd2dd00164d42): Total: 0.004 seconds - Initiated by StopAssetImportingV2(NoUpdateAssetOptions)
Start importing Assets/Local/MjImports/g1_approach_user_imported/Resources/57388.mat using Guid(c1fbaaffc0a7f635eab1ad88f11bd7b2) Importer(-1,00000000000000000000000000000000) [PhysX] Initialized MultithreadedTaskDispatcher with 22 workers.
 -> (artifact id: '85960259a9123c76e6ed2a8ecc08bb64') in 0.000521 seconds
Refreshing native plugins compatible for Editor in 0.07 ms, found 0 plugins.
Preloading 0 native plugins for Editor in 0.00 ms.
Asset Pipeline Refresh (id=07cbe9b92b975d2afba6da838d01ea9f): Total: 0.004 seconds - Initiated by StopAssetImportingV2(NoUpdateAssetOptions)
Start importing Assets/Local/MjImports/g1_approach_user_imported/Resources/591957.mat using Guid(a2231cb429c508374a0782b7c8d20c78) Importer(-1,00000000000000000000000000000000) [PhysX] Initialized MultithreadedTaskDispatcher with 22 workers.
 -> (artifact id: '3bd02c7b9ce629a9cdd74ba5dd0c79a8') in 0.000460 seconds
Refreshing native plugins compatible for Editor in 0.05 ms, found 0 plugins.
Preloading 0 native plugins for Editor in 0.00 ms.
Asset Pipeline Refresh (id=3a7e08f54faa036d4b589d8facfa9470): Total: 0.004 seconds - Initiated by StopAssetImportingV2(NoUpdateAssetOptions)
Start importing Assets/Local/MjImports/g1_approach_user_imported/Resources/76519.mat using Guid(a69c6481f9cdfd383b85ee8f3d4517eb) Importer(-1,00000000000000000000000000000000) [PhysX] Initialized MultithreadedTaskDispatcher with 22 workers.
 -> (artifact id: 'c74f34825e655e23eef4e10bf617affe') in 0.000492 seconds
Refreshing native plugins compatible for Editor in 0.09 ms, found 0 plugins.
Preloading 0 native plugins for Editor in 0.00 ms.
Asset Pipeline Refresh (id=44b7db55e85903e1a9b1f20dbff80423): Total: 0.004 seconds - Initiated by StopAssetImportingV2(NoUpdateAssetOptions)
Start importing Assets/Local/MjImports/g1_approach_user_imported/Resources/610460.mat using Guid(50d07cc75084e4dd4a38becae61b2832) Importer(-1,00000000000000000000000000000000) [PhysX] Initialized MultithreadedTaskDispatcher with 22 workers.
 -> (artifact id: '407e512eb845f798a879ae25cd6cf7ca') in 0.000493 seconds
Refreshing native plugins compatible for Editor in 0.05 ms, found 0 plugins.
Preloading 0 native plugins for Editor in 0.00 ms.
Asset Pipeline Refresh (id=1308f40236c40eaa68b4be2eba87a626): Total: 0.004 seconds - Initiated by StopAssetImportingV2(NoUpdateAssetOptions)
Start importing Assets/Local/MjImports/g1_approach_user_imported/Resources/809900.mat using Guid(973b42a73463c175c91758c8bea3eb24) Importer(-1,00000000000000000000000000000000) [PhysX] Initialized MultithreadedTaskDispatcher with 22 workers.
 -> (artifact id: '63b14fb135d60486304c007f97f3e52d') in 0.000467 seconds
Refreshing native plugins compatible for Editor in 0.10 ms, found 0 plugins.
Preloading 0 native plugins for Editor in 0.00 ms.
Asset Pipeline Refresh (id=75803355c3a564dc99b75268ee37faea): Total: 0.004 seconds - Initiated by StopAssetImportingV2(NoUpdateAssetOptions)
Start importing Assets/Local/MjImports/g1_approach_user_imported/Resources/177485.mat using Guid(938aa0061f0c31fed8490c629a0d37c5) Importer(-1,00000000000000000000000000000000) [PhysX] Initialized MultithreadedTaskDispatcher with 22 workers.
 -> (artifact id: '31aaad4dbca565a7b347da352043f8c6') in 0.000482 seconds
Refreshing native plugins compatible for Editor in 0.05 ms, found 0 plugins.
Preloading 0 native plugins for Editor in 0.00 ms.
Asset Pipeline Refresh (id=354c49ef6fd2ea3a5bf1f18dd3490b2c): Total: 0.004 seconds - Initiated by StopAssetImportingV2(NoUpdateAssetOptions)
Start importing Assets/Local/MjImports/g1_approach_user_imported/Resources/15767.mat using Guid(1e624b13aa5253a1590f616b55d65087) Importer(-1,00000000000000000000000000000000) [PhysX] Initialized MultithreadedTaskDispatcher with 22 workers.
 -> (artifact id: '5cd3cd7b5ba5bb68f8daa243a3178cb9') in 0.000463 seconds
Refreshing native plugins compatible for Editor in 0.09 ms, found 0 plugins.
Preloading 0 native plugins for Editor in 0.00 ms.
Asset Pipeline Refresh (id=f8ba6275ba167d1eab23728c94f53575): Total: 0.004 seconds - Initiated by StopAssetImportingV2(NoUpdateAssetOptions)
Start importing Assets/Local/MjImports/g1_approach_user_imported/Resources/157099.mat using Guid(d7084564975e253818893016d529dd77) Importer(-1,00000000000000000000000000000000) [PhysX] Initialized MultithreadedTaskDispatcher with 22 workers.
 -> (artifact id: '85ad27b76f06e3bad093c614f7d45c1f') in 0.000473 seconds
Refreshing native plugins compatible for Editor in 0.05 ms, found 0 plugins.
Preloading 0 native plugins for Editor in 0.00 ms.
Asset Pipeline Refresh (id=eaacec7b8a64f49108392e8178d64f32): Total: 0.004 seconds - Initiated by StopAssetImportingV2(NoUpdateAssetOptions)
Start importing Assets/Local/MjImports/g1_approach_user_imported/Resources/358417.mat using Guid(d3631298cdc7bb3f18c82b9a23606cb1) Importer(-1,00000000000000000000000000000000) [PhysX] Initialized MultithreadedTaskDispatcher with 22 workers.
 -> (artifact id: '23f869e6b5a512cc991c87cf70b6b7c9') in 0.000461 seconds
Refreshing native plugins compatible for Editor in 0.08 ms, found 0 plugins.
Preloading 0 native plugins for Editor in 0.00 ms.
Asset Pipeline Refresh (id=715323c830a42f326900d9bcb70156be): Total: 0.004 seconds - Initiated by StopAssetImportingV2(NoUpdateAssetOptions)
Start importing Assets/Local/MjImports/g1_approach_user_imported/Resources/980573.mat using Guid(39382ab1aec79613bac4f9fe9387d674) Importer(-1,00000000000000000000000000000000) [PhysX] Initialized MultithreadedTaskDispatcher with 22 workers.
 -> (artifact id: 'ab4cb58c3491671a15968d03fa5c06ca') in 0.000482 seconds
Refreshing native plugins compatible for Editor in 0.08 ms, found 0 plugins.
Preloading 0 native plugins for Editor in 0.00 ms.
Asset Pipeline Refresh (id=b4ecd95af007034deb24f5fd382af58f): Total: 0.004 seconds - Initiated by StopAssetImportingV2(NoUpdateAssetOptions)
Start importing Assets/Local/MjImports/g1_approach_user_imported/Resources/196047.mat using Guid(19b959fb23b56a1e7a5e9dfbdce7f358) Importer(-1,00000000000000000000000000000000) [PhysX] Initialized MultithreadedTaskDispatcher with 22 workers.
 -> (artifact id: '40ff4d48434a8f8fe1dbb862d1f43922') in 0.000539 seconds
Refreshing native plugins compatible for Editor in 0.06 ms, found 0 plugins.
Preloading 0 native plugins for Editor in 0.00 ms.
Asset Pipeline Refresh (id=f01d384f83ae5ddfb9748558210d96d3): Total: 0.011 seconds - Initiated by StopAssetImportingV2(NoUpdateAssetOptions)
The importer does not yet support tags <light>.
UnityEngine.StackTraceUtility:ExtractStackTrace () (at /home/bokken/build/output/unity/unity/Runtime/Export/Scripting/StackTrace.cs:37)
UnityEngine.DebugLogHandler:LogFormat (UnityEngine.LogType,UnityEngine.Object,string,object[])
UnityEngine.Logger:Log (UnityEngine.LogType,object)
UnityEngine.Debug:Log (object)
Mujoco.MjcfImporter:ParseBodyChild (System.Xml.XmlElement,UnityEngine.GameObject) (at ./Library/PackageCache/org.mujoco@72cb2b210d/Runtime/Importer/MjcfImporter.cs:293)
Mujoco.MjcfImporter:ParseBodyChildren (UnityEngine.GameObject,System.Xml.XmlElement) (at ./Library/PackageCache/org.mujoco@72cb2b210d/Runtime/Importer/MjcfImporter.cs:237)
Mujoco.MjcfImporter:ParseRoot (UnityEngine.GameObject,System.Xml.XmlElement) (at ./Library/PackageCache/org.mujoco@72cb2b210d/Runtime/Importer/MjcfImporter.cs:147)
Mujoco.MjImporterWithAssets:ParseRoot (UnityEngine.GameObject,System.Xml.XmlElement) (at ./Library/PackageCache/org.mujoco@72cb2b210d/Editor/Importer/MjImporterWithAssets.cs:91)
Mujoco.MjcfImporter:ImportXml (System.Xml.XmlDocument,string) (at ./Library/PackageCache/org.mujoco@72cb2b210d/Runtime/Importer/MjcfImporter.cs:100)
Mujoco.MjImporterWithAssets:ImportString (string,string,string) (at ./Library/PackageCache/org.mujoco@72cb2b210d/Editor/Importer/MjImporterWithAssets.cs:75)
Asimov.UnityMujoco.Editor.MjcfEpisodeSceneGenerator:ImportExpandedEpisodeScene (Asimov.UnityMujoco.EpisodeConfig,string) (at Assets/AsimovMujoco/Editor/MjcfEpisodeSceneGenerator.cs:128)
Asimov.UnityMujoco.Editor.MjcfEpisodeSceneGenerator:ImportEpisodeScene (Asimov.UnityMujoco.EpisodeConfig) (at Assets/AsimovMujoco/Editor/MjcfEpisodeSceneGenerator.cs:96)
Asimov.UnityMujoco.Editor.MjcfEpisodeSceneGenerator:ImportAllEpisodeScenes () (at Assets/AsimovMujoco/Editor/MjcfEpisodeSceneGenerator.cs:56)
Asimov.UnityMujoco.Editor.MjcfEpisodeSceneGenerator:BootstrapProject () (at Assets/AsimovMujoco/Editor/MjcfEpisodeSceneGenerator.cs:29)

(Filename: ./Library/PackageCache/org.mujoco@72cb2b210d/Runtime/Importer/MjcfImporter.cs Line: 293)

The importer does not yet support tags <light>.
UnityEngine.StackTraceUtility:ExtractStackTrace () (at /home/bokken/build/output/unity/unity/Runtime/Export/Scripting/StackTrace.cs:37)
UnityEngine.DebugLogHandler:LogFormat (UnityEngine.LogType,UnityEngine.Object,string,object[])
UnityEngine.Logger:Log (UnityEngine.LogType,object)
UnityEngine.Debug:Log (object)
Mujoco.MjcfImporter:ParseBodyChild (System.Xml.XmlElement,UnityEngine.GameObject) (at ./Library/PackageCache/org.mujoco@72cb2b210d/Runtime/Importer/MjcfImporter.cs:293)
Mujoco.MjcfImporter:ParseBodyChildren (UnityEngine.GameObject,System.Xml.XmlElement) (at ./Library/PackageCache/org.mujoco@72cb2b210d/Runtime/Importer/MjcfImporter.cs:237)
Mujoco.MjcfImporter:ParseRoot (UnityEngine.GameObject,System.Xml.XmlElement) (at ./Library/PackageCache/org.mujoco@72cb2b210d/Runtime/Importer/MjcfImporter.cs:147)
Mujoco.MjImporterWithAssets:ParseRoot (UnityEngine.GameObject,System.Xml.XmlElement) (at ./Library/PackageCache/org.mujoco@72cb2b210d/Editor/Importer/MjImporterWithAssets.cs:91)
Mujoco.MjcfImporter:ImportXml (System.Xml.XmlDocument,string) (at ./Library/PackageCache/org.mujoco@72cb2b210d/Runtime/Importer/MjcfImporter.cs:100)
Mujoco.MjImporterWithAssets:ImportString (string,string,string) (at ./Library/PackageCache/org.mujoco@72cb2b210d/Editor/Importer/MjImporterWithAssets.cs:75)
Asimov.UnityMujoco.Editor.MjcfEpisodeSceneGenerator:ImportExpandedEpisodeScene (Asimov.UnityMujoco.EpisodeConfig,string) (at Assets/AsimovMujoco/Editor/MjcfEpisodeSceneGenerator.cs:128)
Asimov.UnityMujoco.Editor.MjcfEpisodeSceneGenerator:ImportEpisodeScene (Asimov.UnityMujoco.EpisodeConfig) (at Assets/AsimovMujoco/Editor/MjcfEpisodeSceneGenerator.cs:96)
Asimov.UnityMujoco.Editor.MjcfEpisodeSceneGenerator:ImportAllEpisodeScenes () (at Assets/AsimovMujoco/Editor/MjcfEpisodeSceneGenerator.cs:56)
Asimov.UnityMujoco.Editor.MjcfEpisodeSceneGenerator:BootstrapProject () (at Assets/AsimovMujoco/Editor/MjcfEpisodeSceneGenerator.cs:29)

(Filename: ./Library/PackageCache/org.mujoco@72cb2b210d/Runtime/Importer/MjcfImporter.cs Line: 293)

The importer does not yet support sensor <jointactuatorfrc>.
UnityEngine.StackTraceUtility:ExtractStackTrace () (at /home/bokken/build/output/unity/unity/Runtime/Export/Scripting/StackTrace.cs:37)
UnityEngine.DebugLogHandler:LogFormat (UnityEngine.LogType,UnityEngine.Object,string,object[])
UnityEngine.Logger:Log (UnityEngine.LogType,object)
UnityEngine.Debug:Log (object)
Mujoco.MjcfImporter:ParseSensorType (System.Xml.XmlElement) (at ./Library/PackageCache/org.mujoco@72cb2b210d/Runtime/Importer/MjcfImporter.cs:398)
Mujoco.MjcfImporter:ParseRoot (UnityEngine.GameObject,System.Xml.XmlElement) (at ./Library/PackageCache/org.mujoco@72cb2b210d/Runtime/Importer/MjcfImporter.cs:208)
Mujoco.MjImporterWithAssets:ParseRoot (UnityEngine.GameObject,System.Xml.XmlElement) (at ./Library/PackageCache/org.mujoco@72cb2b210d/Editor/Importer/MjImporterWithAssets.cs:91)
Mujoco.MjcfImporter:ImportXml (System.Xml.XmlDocument,string) (at ./Library/PackageCache/org.mujoco@72cb2b210d/Runtime/Importer/MjcfImporter.cs:100)
Mujoco.MjImporterWithAssets:ImportString (string,string,string) (at ./Library/PackageCache/org.mujoco@72cb2b210d/Editor/Importer/MjImporterWithAssets.cs:75)
Asimov.UnityMujoco.Editor.MjcfEpisodeSceneGenerator:ImportExpandedEpisodeScene (Asimov.UnityMujoco.EpisodeConfig,string) (at Assets/AsimovMujoco/Editor/MjcfEpisodeSceneGenerator.cs:128)
Asimov.UnityMujoco.Editor.MjcfEpisodeSceneGenerator:ImportEpisodeScene (Asimov.UnityMujoco.EpisodeConfig) (at Assets/AsimovMujoco/Editor/MjcfEpisodeSceneGenerator.cs:96)
Asimov.UnityMujoco.Editor.MjcfEpisodeSceneGenerator:ImportAllEpisodeScenes () (at Assets/AsimovMujoco/Editor/MjcfEpisodeSceneGenerator.cs:56)
Asimov.UnityMujoco.Editor.MjcfEpisodeSceneGenerator:BootstrapProject () (at Assets/AsimovMujoco/Editor/MjcfEpisodeSceneGenerator.cs:29)

(Filename: ./Library/PackageCache/org.mujoco@72cb2b210d/Runtime/Importer/MjcfImporter.cs Line: 398)

The importer does not yet support sensor <jointactuatorfrc>.
UnityEngine.StackTraceUtility:ExtractStackTrace () (at /home/bokken/build/output/unity/unity/Runtime/Export/Scripting/StackTrace.cs:37)
UnityEngine.DebugLogHandler:LogFormat (UnityEngine.LogType,UnityEngine.Object,string,object[])
UnityEngine.Logger:Log (UnityEngine.LogType,object)
UnityEngine.Debug:Log (object)
Mujoco.MjcfImporter:ParseSensorType (System.Xml.XmlElement) (at ./Library/PackageCache/org.mujoco@72cb2b210d/Runtime/Importer/MjcfImporter.cs:398)
Mujoco.MjcfImporter:ParseRoot (UnityEngine.GameObject,System.Xml.XmlElement) (at ./Library/PackageCache/org.mujoco@72cb2b210d/Runtime/Importer/MjcfImporter.cs:208)
Mujoco.MjImporterWithAssets:ParseRoot (UnityEngine.GameObject,System.Xml.XmlElement) (at ./Library/PackageCache/org.mujoco@72cb2b210d/Editor/Importer/MjImporterWithAssets.cs:91)
Mujoco.MjcfImporter:ImportXml (System.Xml.XmlDocument,string) (at ./Library/PackageCache/org.mujoco@72cb2b210d/Runtime/Importer/MjcfImporter.cs:100)
Mujoco.MjImporterWithAssets:ImportString (string,string,string) (at ./Library/PackageCache/org.mujoco@72cb2b210d/Editor/Importer/MjImporterWithAssets.cs:75)
Asimov.UnityMujoco.Editor.MjcfEpisodeSceneGenerator:ImportExpandedEpisodeScene (Asimov.UnityMujoco.EpisodeConfig,string) (at Assets/AsimovMujoco/Editor/MjcfEpisodeSceneGenerator.cs:128)
Asimov.UnityMujoco.Editor.MjcfEpisodeSceneGenerator:ImportEpisodeScene (Asimov.UnityMujoco.EpisodeConfig) (at Assets/AsimovMujoco/Editor/MjcfEpisodeSceneGenerator.cs:96)
Asimov.UnityMujoco.Editor.MjcfEpisodeSceneGenerator:ImportAllEpisodeScenes () (at Assets/AsimovMujoco/Editor/MjcfEpisodeSceneGenerator.cs:56)
Asimov.UnityMujoco.Editor.MjcfEpisodeSceneGenerator:BootstrapProject () (at Assets/AsimovMujoco/Editor/MjcfEpisodeSceneGenerator.cs:29)

(Filename: ./Library/PackageCache/org.mujoco@72cb2b210d/Runtime/Importer/MjcfImporter.cs Line: 398)

The importer does not yet support sensor <jointactuatorfrc>.
UnityEngine.StackTraceUtility:ExtractStackTrace () (at /home/bokken/build/output/unity/unity/Runtime/Export/Scripting/StackTrace.cs:37)
UnityEngine.DebugLogHandler:LogFormat (UnityEngine.LogType,UnityEngine.Object,string,object[])
UnityEngine.Logger:Log (UnityEngine.LogType,object)
UnityEngine.Debug:Log (object)
Mujoco.MjcfImporter:ParseSensorType (System.Xml.XmlElement) (at ./Library/PackageCache/org.mujoco@72cb2b210d/Runtime/Importer/MjcfImporter.cs:398)
Mujoco.MjcfImporter:ParseRoot (UnityEngine.GameObject,System.Xml.XmlElement) (at ./Library/PackageCache/org.mujoco@72cb2b210d/Runtime/Importer/MjcfImporter.cs:208)
Mujoco.MjImporterWithAssets:ParseRoot (UnityEngine.GameObject,System.Xml.XmlElement) (at ./Library/PackageCache/org.mujoco@72cb2b210d/Editor/Importer/MjImporterWithAssets.cs:91)
Mujoco.MjcfImporter:ImportXml (System.Xml.XmlDocument,string) (at ./Library/PackageCache/org.mujoco@72cb2b210d/Runtime/Importer/MjcfImporter.cs:100)
Mujoco.MjImporterWithAssets:ImportString (string,string,string) (at ./Library/PackageCache/org.mujoco@72cb2b210d/Editor/Importer/MjImporterWithAssets.cs:75)
Asimov.UnityMujoco.Editor.MjcfEpisodeSceneGenerator:ImportExpandedEpisodeScene (Asimov.UnityMujoco.EpisodeConfig,string) (at Assets/AsimovMujoco/Editor/MjcfEpisodeSceneGenerator.cs:128)
Asimov.UnityMujoco.Editor.MjcfEpisodeSceneGenerator:ImportEpisodeScene (Asimov.UnityMujoco.EpisodeConfig) (at Assets/AsimovMujoco/Editor/MjcfEpisodeSceneGenerator.cs:96)
Asimov.UnityMujoco.Editor.MjcfEpisodeSceneGenerator:ImportAllEpisodeScenes () (at Assets/AsimovMujoco/Editor/MjcfEpisodeSceneGenerator.cs:56)
Asimov.UnityMujoco.Editor.MjcfEpisodeSceneGenerator:BootstrapProject () (at Assets/AsimovMujoco/Editor/MjcfEpisodeSceneGenerator.cs:29)

(Filename: ./Library/PackageCache/org.mujoco@72cb2b210d/Runtime/Importer/MjcfImporter.cs Line: 398)

The importer does not yet support sensor <jointactuatorfrc>.
UnityEngine.StackTraceUtility:ExtractStackTrace () (at /home/bokken/build/output/unity/unity/Runtime/Export/Scripting/StackTrace.cs:37)
UnityEngine.DebugLogHandler:LogFormat (UnityEngine.LogType,UnityEngine.Object,string,object[])
UnityEngine.Logger:Log (UnityEngine.LogType,object)
UnityEngine.Debug:Log (object)
Mujoco.MjcfImporter:ParseSensorType (System.Xml.XmlElement) (at ./Library/PackageCache/org.mujoco@72cb2b210d/Runtime/Importer/MjcfImporter.cs:398)
Mujoco.MjcfImporter:ParseRoot (UnityEngine.GameObject,System.Xml.XmlElement) (at ./Library/PackageCache/org.mujoco@72cb2b210d/Runtime/Importer/MjcfImporter.cs:208)
Mujoco.MjImporterWithAssets:ParseRoot (UnityEngine.GameObject,System.Xml.XmlElement) (at ./Library/PackageCache/org.mujoco@72cb2b210d/Editor/Importer/MjImporterWithAssets.cs:91)
Mujoco.MjcfImporter:ImportXml (System.Xml.XmlDocument,string) (at ./Library/PackageCache/org.mujoco@72cb2b210d/Runtime/Importer/MjcfImporter.cs:100)
Mujoco.MjImporterWithAssets:ImportString (string,string,string) (at ./Library/PackageCache/org.mujoco@72cb2b210d/Editor/Importer/MjImporterWithAssets.cs:75)
Asimov.UnityMujoco.Editor.MjcfEpisodeSceneGenerator:ImportExpandedEpisodeScene (Asimov.UnityMujoco.EpisodeConfig,string) (at Assets/AsimovMujoco/Editor/MjcfEpisodeSceneGenerator.cs:128)
Asimov.UnityMujoco.Editor.MjcfEpisodeSceneGenerator:ImportEpisodeScene (Asimov.UnityMujoco.EpisodeConfig) (at Assets/AsimovMujoco/Editor/MjcfEpisodeSceneGenerator.cs:96)
Asimov.UnityMujoco.Editor.MjcfEpisodeSceneGenerator:ImportAllEpisodeScenes () (at Assets/AsimovMujoco/Editor/MjcfEpisodeSceneGenerator.cs:56)
Asimov.UnityMujoco.Editor.MjcfEpisodeSceneGenerator:BootstrapProject () (at Assets/AsimovMujoco/Editor/MjcfEpisodeSceneGenerator.cs:29)

(Filename: ./Library/PackageCache/org.mujoco@72cb2b210d/Runtime/Importer/MjcfImporter.cs Line: 398)

The importer does not yet support sensor <jointactuatorfrc>.
UnityEngine.StackTraceUtility:ExtractStackTrace () (at /home/bokken/build/output/unity/unity/Runtime/Export/Scripting/StackTrace.cs:37)
UnityEngine.DebugLogHandler:LogFormat (UnityEngine.LogType,UnityEngine.Object,string,object[])
UnityEngine.Logger:Log (UnityEngine.LogType,object)
UnityEngine.Debug:Log (object)
Mujoco.MjcfImporter:ParseSensorType (System.Xml.XmlElement) (at ./Library/PackageCache/org.mujoco@72cb2b210d/Runtime/Importer/MjcfImporter.cs:398)
Mujoco.MjcfImporter:ParseRoot (UnityEngine.GameObject,System.Xml.XmlElement) (at ./Library/PackageCache/org.mujoco@72cb2b210d/Runtime/Importer/MjcfImporter.cs:208)
Mujoco.MjImporterWithAssets:ParseRoot (UnityEngine.GameObject,System.Xml.XmlElement) (at ./Library/PackageCache/org.mujoco@72cb2b210d/Editor/Importer/MjImporterWithAssets.cs:91)
Mujoco.MjcfImporter:ImportXml (System.Xml.XmlDocument,string) (at ./Library/PackageCache/org.mujoco@72cb2b210d/Runtime/Importer/MjcfImporter.cs:100)
Mujoco.MjImporterWithAssets:ImportString (string,string,string) (at ./Library/PackageCache/org.mujoco@72cb2b210d/Editor/Importer/MjImporterWithAssets.cs:75)
Asimov.UnityMujoco.Editor.MjcfEpisodeSceneGenerator:ImportExpandedEpisodeScene (Asimov.UnityMujoco.EpisodeConfig,string) (at Assets/AsimovMujoco/Editor/MjcfEpisodeSceneGenerator.cs:128)
Asimov.UnityMujoco.Editor.MjcfEpisodeSceneGenerator:ImportEpisodeScene (Asimov.UnityMujoco.EpisodeConfig) (at Assets/AsimovMujoco/Editor/MjcfEpisodeSceneGenerator.cs:96)
Asimov.UnityMujoco.Editor.MjcfEpisodeSceneGenerator:ImportAllEpisodeScenes () (at Assets/AsimovMujoco/Editor/MjcfEpisodeSceneGenerator.cs:56)
Asimov.UnityMujoco.Editor.MjcfEpisodeSceneGenerator:BootstrapProject () (at Assets/AsimovMujoco/Editor/MjcfEpisodeSceneGenerator.cs:29)

(Filename: ./Library/PackageCache/org.mujoco@72cb2b210d/Runtime/Importer/MjcfImporter.cs Line: 398)

The importer does not yet support sensor <jointactuatorfrc>.
UnityEngine.StackTraceUtility:ExtractStackTrace () (at /home/bokken/build/output/unity/unity/Runtime/Export/Scripting/StackTrace.cs:37)
UnityEngine.DebugLogHandler:LogFormat (UnityEngine.LogType,UnityEngine.Object,string,object[])
UnityEngine.Logger:Log (UnityEngine.LogType,object)
UnityEngine.Debug:Log (object)
Mujoco.MjcfImporter:ParseSensorType (System.Xml.XmlElement) (at ./Library/PackageCache/org.mujoco@72cb2b210d/Runtime/Importer/MjcfImporter.cs:398)
Mujoco.MjcfImporter:ParseRoot (UnityEngine.GameObject,System.Xml.XmlElement) (at ./Library/PackageCache/org.mujoco@72cb2b210d/Runtime/Importer/MjcfImporter.cs:208)
Mujoco.MjImporterWithAssets:ParseRoot (UnityEngine.GameObject,System.Xml.XmlElement) (at ./Library/PackageCache/org.mujoco@72cb2b210d/Editor/Importer/MjImporterWithAssets.cs:91)
Mujoco.MjcfImporter:ImportXml (System.Xml.XmlDocument,string) (at ./Library/PackageCache/org.mujoco@72cb2b210d/Runtime/Importer/MjcfImporter.cs:100)
Mujoco.MjImporterWithAssets:ImportString (string,string,string) (at ./Library/PackageCache/org.mujoco@72cb2b210d/Editor/Importer/MjImporterWithAssets.cs:75)
Asimov.UnityMujoco.Editor.MjcfEpisodeSceneGenerator:ImportExpandedEpisodeScene (Asimov.UnityMujoco.EpisodeConfig,string) (at Assets/AsimovMujoco/Editor/MjcfEpisodeSceneGenerator.cs:128)
Asimov.UnityMujoco.Editor.MjcfEpisodeSceneGenerator:ImportEpisodeScene (Asimov.UnityMujoco.EpisodeConfig) (at Assets/AsimovMujoco/Editor/MjcfEpisodeSceneGenerator.cs:96)
Asimov.UnityMujoco.Editor.MjcfEpisodeSceneGenerator:ImportAllEpisodeScenes () (at Assets/AsimovMujoco/Editor/MjcfEpisodeSceneGenerator.cs:56)
Asimov.UnityMujoco.Editor.MjcfEpisodeSceneGenerator:BootstrapProject () (at Assets/AsimovMujoco/Editor/MjcfEpisodeSceneGenerator.cs:29)

(Filename: ./Library/PackageCache/org.mujoco@72cb2b210d/Runtime/Importer/MjcfImporter.cs Line: 398)

The importer does not yet support sensor <jointactuatorfrc>.
UnityEngine.StackTraceUtility:ExtractStackTrace () (at /home/bokken/build/output/unity/unity/Runtime/Export/Scripting/StackTrace.cs:37)
UnityEngine.DebugLogHandler:LogFormat (UnityEngine.LogType,UnityEngine.Object,string,object[])
UnityEngine.Logger:Log (UnityEngine.LogType,object)
UnityEngine.Debug:Log (object)
Mujoco.MjcfImporter:ParseSensorType (System.Xml.XmlElement) (at ./Library/PackageCache/org.mujoco@72cb2b210d/Runtime/Importer/MjcfImporter.cs:398)
Mujoco.MjcfImporter:ParseRoot (UnityEngine.GameObject,System.Xml.XmlElement) (at ./Library/PackageCache/org.mujoco@72cb2b210d/Runtime/Importer/MjcfImporter.cs:208)
Mujoco.MjImporterWithAssets:ParseRoot (UnityEngine.GameObject,System.Xml.XmlElement) (at ./Library/PackageCache/org.mujoco@72cb2b210d/Editor/Importer/MjImporterWithAssets.cs:91)
Mujoco.MjcfImporter:ImportXml (System.Xml.XmlDocument,string) (at ./Library/PackageCache/org.mujoco@72cb2b210d/Runtime/Importer/MjcfImporter.cs:100)
Mujoco.MjImporterWithAssets:ImportString (string,string,string) (at ./Library/PackageCache/org.mujoco@72cb2b210d/Editor/Importer/MjImporterWithAssets.cs:75)
Asimov.UnityMujoco.Editor.MjcfEpisodeSceneGenerator:ImportExpandedEpisodeScene (Asimov.UnityMujoco.EpisodeConfig,string) (at Assets/AsimovMujoco/Editor/MjcfEpisodeSceneGenerator.cs:128)
Asimov.UnityMujoco.Editor.MjcfEpisodeSceneGenerator:ImportEpisodeScene (Asimov.UnityMujoco.EpisodeConfig) (at Assets/AsimovMujoco/Editor/MjcfEpisodeSceneGenerator.cs:96)
Asimov.UnityMujoco.Editor.MjcfEpisodeSceneGenerator:ImportAllEpisodeScenes () (at Assets/AsimovMujoco/Editor/MjcfEpisodeSceneGenerator.cs:56)
Asimov.UnityMujoco.Editor.MjcfEpisodeSceneGenerator:BootstrapProject () (at Assets/AsimovMujoco/Editor/MjcfEpisodeSceneGenerator.cs:29)

(Filename: ./Library/PackageCache/org.mujoco@72cb2b210d/Runtime/Importer/MjcfImporter.cs Line: 398)

The importer does not yet support sensor <jointactuatorfrc>.
UnityEngine.StackTraceUtility:ExtractStackTrace () (at /home/bokken/build/output/unity/unity/Runtime/Export/Scripting/StackTrace.cs:37)
UnityEngine.DebugLogHandler:LogFormat (UnityEngine.LogType,UnityEngine.Object,string,object[])
UnityEngine.Logger:Log (UnityEngine.LogType,object)
UnityEngine.Debug:Log (object)
Mujoco.MjcfImporter:ParseSensorType (System.Xml.XmlElement) (at ./Library/PackageCache/org.mujoco@72cb2b210d/Runtime/Importer/MjcfImporter.cs:398)
Mujoco.MjcfImporter:ParseRoot (UnityEngine.GameObject,System.Xml.XmlElement) (at ./Library/PackageCache/org.mujoco@72cb2b210d/Runtime/Importer/MjcfImporter.cs:208)
Mujoco.MjImporterWithAssets:ParseRoot (UnityEngine.GameObject,System.Xml.XmlElement) (at ./Library/PackageCache/org.mujoco@72cb2b210d/Editor/Importer/MjImporterWithAssets.cs:91)
Mujoco.MjcfImporter:ImportXml (System.Xml.XmlDocument,string) (at ./Library/PackageCache/org.mujoco@72cb2b210d/Runtime/Importer/MjcfImporter.cs:100)
Mujoco.MjImporterWithAssets:ImportString (string,string,string) (at ./Library/PackageCache/org.mujoco@72cb2b210d/Editor/Importer/MjImporterWithAssets.cs:75)
Asimov.UnityMujoco.Editor.MjcfEpisodeSceneGenerator:ImportExpandedEpisodeScene (Asimov.UnityMujoco.EpisodeConfig,string) (at Assets/AsimovMujoco/Editor/MjcfEpisodeSceneGenerator.cs:128)
Asimov.UnityMujoco.Editor.MjcfEpisodeSceneGenerator:ImportEpisodeScene (Asimov.UnityMujoco.EpisodeConfig) (at Assets/AsimovMujoco/Editor/MjcfEpisodeSceneGenerator.cs:96)
Asimov.UnityMujoco.Editor.MjcfEpisodeSceneGenerator:ImportAllEpisodeScenes () (at Assets/AsimovMujoco/Editor/MjcfEpisodeSceneGenerator.cs:56)
Asimov.UnityMujoco.Editor.MjcfEpisodeSceneGenerator:BootstrapProject () (at Assets/AsimovMujoco/Editor/MjcfEpisodeSceneGenerator.cs:29)

(Filename: ./Library/PackageCache/org.mujoco@72cb2b210d/Runtime/Importer/MjcfImporter.cs Line: 398)

The importer does not yet support sensor <jointactuatorfrc>.
UnityEngine.StackTraceUtility:ExtractStackTrace () (at /home/bokken/build/output/unity/unity/Runtime/Export/Scripting/StackTrace.cs:37)
UnityEngine.DebugLogHandler:LogFormat (UnityEngine.LogType,UnityEngine.Object,string,object[])
UnityEngine.Logger:Log (UnityEngine.LogType,object)
UnityEngine.Debug:Log (object)
Mujoco.MjcfImporter:ParseSensorType (System.Xml.XmlElement) (at ./Library/PackageCache/org.mujoco@72cb2b210d/Runtime/Importer/MjcfImporter.cs:398)
Mujoco.MjcfImporter:ParseRoot (UnityEngine.GameObject,System.Xml.XmlElement) (at ./Library/PackageCache/org.mujoco@72cb2b210d/Runtime/Importer/MjcfImporter.cs:208)
Mujoco.MjImporterWithAssets:ParseRoot (UnityEngine.GameObject,System.Xml.XmlElement) (at ./Library/PackageCache/org.mujoco@72cb2b210d/Editor/Importer/MjImporterWithAssets.cs:91)
Mujoco.MjcfImporter:ImportXml (System.Xml.XmlDocument,string) (at ./Library/PackageCache/org.mujoco@72cb2b210d/Runtime/Importer/MjcfImporter.cs:100)
Mujoco.MjImporterWithAssets:ImportString (string,string,string) (at ./Library/PackageCache/org.mujoco@72cb2b210d/Editor/Importer/MjImporterWithAssets.cs:75)
Asimov.UnityMujoco.Editor.MjcfEpisodeSceneGenerator:ImportExpandedEpisodeScene (Asimov.UnityMujoco.EpisodeConfig,string) (at Assets/AsimovMujoco/Editor/MjcfEpisodeSceneGenerator.cs:128)
Asimov.UnityMujoco.Editor.MjcfEpisodeSceneGenerator:ImportEpisodeScene (Asimov.UnityMujoco.EpisodeConfig) (at Assets/AsimovMujoco/Editor/MjcfEpisodeSceneGenerator.cs:96)
Asimov.UnityMujoco.Editor.MjcfEpisodeSceneGenerator:ImportAllEpisodeScenes () (at Assets/AsimovMujoco/Editor/MjcfEpisodeSceneGenerator.cs:56)
Asimov.UnityMujoco.Editor.MjcfEpisodeSceneGenerator:BootstrapProject () (at Assets/AsimovMujoco/Editor/MjcfEpisodeSceneGenerator.cs:29)

(Filename: ./Library/PackageCache/org.mujoco@72cb2b210d/Runtime/Importer/MjcfImporter.cs Line: 398)

The importer does not yet support sensor <jointactuatorfrc>.
UnityEngine.StackTraceUtility:ExtractStackTrace () (at /home/bokken/build/output/unity/unity/Runtime/Export/Scripting/StackTrace.cs:37)
UnityEngine.DebugLogHandler:LogFormat (UnityEngine.LogType,UnityEngine.Object,string,object[])
UnityEngine.Logger:Log (UnityEngine.LogType,object)
UnityEngine.Debug:Log (object)
Mujoco.MjcfImporter:ParseSensorType (System.Xml.XmlElement) (at ./Library/PackageCache/org.mujoco@72cb2b210d/Runtime/Importer/MjcfImporter.cs:398)
Mujoco.MjcfImporter:ParseRoot (UnityEngine.GameObject,System.Xml.XmlElement) (at ./Library/PackageCache/org.mujoco@72cb2b210d/Runtime/Importer/MjcfImporter.cs:208)
Mujoco.MjImporterWithAssets:ParseRoot (UnityEngine.GameObject,System.Xml.XmlElement) (at ./Library/PackageCache/org.mujoco@72cb2b210d/Editor/Importer/MjImporterWithAssets.cs:91)
Mujoco.MjcfImporter:ImportXml (System.Xml.XmlDocument,string) (at ./Library/PackageCache/org.mujoco@72cb2b210d/Runtime/Importer/MjcfImporter.cs:100)
Mujoco.MjImporterWithAssets:ImportString (string,string,string) (at ./Library/PackageCache/org.mujoco@72cb2b210d/Editor/Importer/MjImporterWithAssets.cs:75)
Asimov.UnityMujoco.Editor.MjcfEpisodeSceneGenerator:ImportExpandedEpisodeScene (Asimov.UnityMujoco.EpisodeConfig,string) (at Assets/AsimovMujoco/Editor/MjcfEpisodeSceneGenerator.cs:128)
Asimov.UnityMujoco.Editor.MjcfEpisodeSceneGenerator:ImportEpisodeScene (Asimov.UnityMujoco.EpisodeConfig) (at Assets/AsimovMujoco/Editor/MjcfEpisodeSceneGenerator.cs:96)
Asimov.UnityMujoco.Editor.MjcfEpisodeSceneGenerator:ImportAllEpisodeScenes () (at Assets/AsimovMujoco/Editor/MjcfEpisodeSceneGenerator.cs:56)
Asimov.UnityMujoco.Editor.MjcfEpisodeSceneGenerator:BootstrapProject () (at Assets/AsimovMujoco/Editor/MjcfEpisodeSceneGenerator.cs:29)

(Filename: ./Library/PackageCache/org.mujoco@72cb2b210d/Runtime/Importer/MjcfImporter.cs Line: 398)

The importer does not yet support sensor <jointactuatorfrc>.
UnityEngine.StackTraceUtility:ExtractStackTrace () (at /home/bokken/build/output/unity/unity/Runtime/Export/Scripting/StackTrace.cs:37)
UnityEngine.DebugLogHandler:LogFormat (UnityEngine.LogType,UnityEngine.Object,string,object[])
UnityEngine.Logger:Log (UnityEngine.LogType,object)
UnityEngine.Debug:Log (object)
Mujoco.MjcfImporter:ParseSensorType (System.Xml.XmlElement) (at ./Library/PackageCache/org.mujoco@72cb2b210d/Runtime/Importer/MjcfImporter.cs:398)
Mujoco.MjcfImporter:ParseRoot (UnityEngine.GameObject,System.Xml.XmlElement) (at ./Library/PackageCache/org.mujoco@72cb2b210d/Runtime/Importer/MjcfImporter.cs:208)
Mujoco.MjImporterWithAssets:ParseRoot (UnityEngine.GameObject,System.Xml.XmlElement) (at ./Library/PackageCache/org.mujoco@72cb2b210d/Editor/Importer/MjImporterWithAssets.cs:91)
Mujoco.MjcfImporter:ImportXml (System.Xml.XmlDocument,string) (at ./Library/PackageCache/org.mujoco@72cb2b210d/Runtime/Importer/MjcfImporter.cs:100)
Mujoco.MjImporterWithAssets:ImportString (string,string,string) (at ./Library/PackageCache/org.mujoco@72cb2b210d/Editor/Importer/MjImporterWithAssets.cs:75)
Asimov.UnityMujoco.Editor.MjcfEpisodeSceneGenerator:ImportExpandedEpisodeScene (Asimov.UnityMujoco.EpisodeConfig,string) (at Assets/AsimovMujoco/Editor/MjcfEpisodeSceneGenerator.cs:128)
Asimov.UnityMujoco.Editor.MjcfEpisodeSceneGenerator:ImportEpisodeScene (Asimov.UnityMujoco.EpisodeConfig) (at Assets/AsimovMujoco/Editor/MjcfEpisodeSceneGenerator.cs:96)
Asimov.UnityMujoco.Editor.MjcfEpisodeSceneGenerator:ImportAllEpisodeScenes () (at Assets/AsimovMujoco/Editor/MjcfEpisodeSceneGenerator.cs:56)
Asimov.UnityMujoco.Editor.MjcfEpisodeSceneGenerator:BootstrapProject () (at Assets/AsimovMujoco/Editor/MjcfEpisodeSceneGenerator.cs:29)

(Filename: ./Library/PackageCache/org.mujoco@72cb2b210d/Runtime/Importer/MjcfImporter.cs Line: 398)

The importer does not yet support sensor <jointactuatorfrc>.
UnityEngine.StackTraceUtility:ExtractStackTrace () (at /home/bokken/build/output/unity/unity/Runtime/Export/Scripting/StackTrace.cs:37)
UnityEngine.DebugLogHandler:LogFormat (UnityEngine.LogType,UnityEngine.Object,string,object[])
UnityEngine.Logger:Log (UnityEngine.LogType,object)
UnityEngine.Debug:Log (object)
Mujoco.MjcfImporter:ParseSensorType (System.Xml.XmlElement) (at ./Library/PackageCache/org.mujoco@72cb2b210d/Runtime/Importer/MjcfImporter.cs:398)
Mujoco.MjcfImporter:ParseRoot (UnityEngine.GameObject,System.Xml.XmlElement) (at ./Library/PackageCache/org.mujoco@72cb2b210d/Runtime/Importer/MjcfImporter.cs:208)
Mujoco.MjImporterWithAssets:ParseRoot (UnityEngine.GameObject,System.Xml.XmlElement) (at ./Library/PackageCache/org.mujoco@72cb2b210d/Editor/Importer/MjImporterWithAssets.cs:91)
Mujoco.MjcfImporter:ImportXml (System.Xml.XmlDocument,string) (at ./Library/PackageCache/org.mujoco@72cb2b210d/Runtime/Importer/MjcfImporter.cs:100)
Mujoco.MjImporterWithAssets:ImportString (string,string,string) (at ./Library/PackageCache/org.mujoco@72cb2b210d/Editor/Importer/MjImporterWithAssets.cs:75)
Asimov.UnityMujoco.Editor.MjcfEpisodeSceneGenerator:ImportExpandedEpisodeScene (Asimov.UnityMujoco.EpisodeConfig,string) (at Assets/AsimovMujoco/Editor/MjcfEpisodeSceneGenerator.cs:128)
Asimov.UnityMujoco.Editor.MjcfEpisodeSceneGenerator:ImportEpisodeScene (Asimov.UnityMujoco.EpisodeConfig) (at Assets/AsimovMujoco/Editor/MjcfEpisodeSceneGenerator.cs:96)
Asimov.UnityMujoco.Editor.MjcfEpisodeSceneGenerator:ImportAllEpisodeScenes () (at Assets/AsimovMujoco/Editor/MjcfEpisodeSceneGenerator.cs:56)
Asimov.UnityMujoco.Editor.MjcfEpisodeSceneGenerator:BootstrapProject () (at Assets/AsimovMujoco/Editor/MjcfEpisodeSceneGenerator.cs:29)

(Filename: ./Library/PackageCache/org.mujoco@72cb2b210d/Runtime/Importer/MjcfImporter.cs Line: 398)

The importer does not yet support sensor <jointactuatorfrc>.
UnityEngine.StackTraceUtility:ExtractStackTrace () (at /home/bokken/build/output/unity/unity/Runtime/Export/Scripting/StackTrace.cs:37)
UnityEngine.DebugLogHandler:LogFormat (UnityEngine.LogType,UnityEngine.Object,string,object[])
UnityEngine.Logger:Log (UnityEngine.LogType,object)
UnityEngine.Debug:Log (object)
Mujoco.MjcfImporter:ParseSensorType (System.Xml.XmlElement) (at ./Library/PackageCache/org.mujoco@72cb2b210d/Runtime/Importer/MjcfImporter.cs:398)
Mujoco.MjcfImporter:ParseRoot (UnityEngine.GameObject,System.Xml.XmlElement) (at ./Library/PackageCache/org.mujoco@72cb2b210d/Runtime/Importer/MjcfImporter.cs:208)
Mujoco.MjImporterWithAssets:ParseRoot (UnityEngine.GameObject,System.Xml.XmlElement) (at ./Library/PackageCache/org.mujoco@72cb2b210d/Editor/Importer/MjImporterWithAssets.cs:91)
Mujoco.MjcfImporter:ImportXml (System.Xml.XmlDocument,string) (at ./Library/PackageCache/org.mujoco@72cb2b210d/Runtime/Importer/MjcfImporter.cs:100)
Mujoco.MjImporterWithAssets:ImportString (string,string,string) (at ./Library/PackageCache/org.mujoco@72cb2b210d/Editor/Importer/MjImporterWithAssets.cs:75)
Asimov.UnityMujoco.Editor.MjcfEpisodeSceneGenerator:ImportExpandedEpisodeScene (Asimov.UnityMujoco.EpisodeConfig,string) (at Assets/AsimovMujoco/Editor/MjcfEpisodeSceneGenerator.cs:128)
Asimov.UnityMujoco.Editor.MjcfEpisodeSceneGenerator:ImportEpisodeScene (Asimov.UnityMujoco.EpisodeConfig) (at Assets/AsimovMujoco/Editor/MjcfEpisodeSceneGenerator.cs:96)
Asimov.UnityMujoco.Editor.MjcfEpisodeSceneGenerator:ImportAllEpisodeScenes () (at Assets/AsimovMujoco/Editor/MjcfEpisodeSceneGenerator.cs:56)
Asimov.UnityMujoco.Editor.MjcfEpisodeSceneGenerator:BootstrapProject () (at Assets/AsimovMujoco/Editor/MjcfEpisodeSceneGenerator.cs:29)

(Filename: ./Library/PackageCache/org.mujoco@72cb2b210d/Runtime/Importer/MjcfImporter.cs Line: 398)

The importer does not yet support sensor <jointactuatorfrc>.
UnityEngine.StackTraceUtility:ExtractStackTrace () (at /home/bokken/build/output/unity/unity/Runtime/Export/Scripting/StackTrace.cs:37)
UnityEngine.DebugLogHandler:LogFormat (UnityEngine.LogType,UnityEngine.Object,string,object[])
UnityEngine.Logger:Log (UnityEngine.LogType,object)
UnityEngine.Debug:Log (object)
Mujoco.MjcfImporter:ParseSensorType (System.Xml.XmlElement) (at ./Library/PackageCache/org.mujoco@72cb2b210d/Runtime/Importer/MjcfImporter.cs:398)
Mujoco.MjcfImporter:ParseRoot (UnityEngine.GameObject,System.Xml.XmlElement) (at ./Library/PackageCache/org.mujoco@72cb2b210d/Runtime/Importer/MjcfImporter.cs:208)
Mujoco.MjImporterWithAssets:ParseRoot (UnityEngine.GameObject,System.Xml.XmlElement) (at ./Library/PackageCache/org.mujoco@72cb2b210d/Editor/Importer/MjImporterWithAssets.cs:91)
Mujoco.MjcfImporter:ImportXml (System.Xml.XmlDocument,string) (at ./Library/PackageCache/org.mujoco@72cb2b210d/Runtime/Importer/MjcfImporter.cs:100)
Mujoco.MjImporterWithAssets:ImportString (string,string,string) (at ./Library/PackageCache/org.mujoco@72cb2b210d/Editor/Importer/MjImporterWithAssets.cs:75)
Asimov.UnityMujoco.Editor.MjcfEpisodeSceneGenerator:ImportExpandedEpisodeScene (Asimov.UnityMujoco.EpisodeConfig,string) (at Assets/AsimovMujoco/Editor/MjcfEpisodeSceneGenerator.cs:128)
Asimov.UnityMujoco.Editor.MjcfEpisodeSceneGenerator:ImportEpisodeScene (Asimov.UnityMujoco.EpisodeConfig) (at Assets/AsimovMujoco/Editor/MjcfEpisodeSceneGenerator.cs:96)
Asimov.UnityMujoco.Editor.MjcfEpisodeSceneGenerator:ImportAllEpisodeScenes () (at Assets/AsimovMujoco/Editor/MjcfEpisodeSceneGenerator.cs:56)
Asimov.UnityMujoco.Editor.MjcfEpisodeSceneGenerator:BootstrapProject () (at Assets/AsimovMujoco/Editor/MjcfEpisodeSceneGenerator.cs:29)

(Filename: ./Library/PackageCache/org.mujoco@72cb2b210d/Runtime/Importer/MjcfImporter.cs Line: 398)

The importer does not yet support sensor <jointactuatorfrc>.
UnityEngine.StackTraceUtility:ExtractStackTrace () (at /home/bokken/build/output/unity/unity/Runtime/Export/Scripting/StackTrace.cs:37)
UnityEngine.DebugLogHandler:LogFormat (UnityEngine.LogType,UnityEngine.Object,string,object[])
UnityEngine.Logger:Log (UnityEngine.LogType,object)
UnityEngine.Debug:Log (object)
Mujoco.MjcfImporter:ParseSensorType (System.Xml.XmlElement) (at ./Library/PackageCache/org.mujoco@72cb2b210d/Runtime/Importer/MjcfImporter.cs:398)
Mujoco.MjcfImporter:ParseRoot (UnityEngine.GameObject,System.Xml.XmlElement) (at ./Library/PackageCache/org.mujoco@72cb2b210d/Runtime/Importer/MjcfImporter.cs:208)
Mujoco.MjImporterWithAssets:ParseRoot (UnityEngine.GameObject,System.Xml.XmlElement) (at ./Library/PackageCache/org.mujoco@72cb2b210d/Editor/Importer/MjImporterWithAssets.cs:91)
Mujoco.MjcfImporter:ImportXml (System.Xml.XmlDocument,string) (at ./Library/PackageCache/org.mujoco@72cb2b210d/Runtime/Importer/MjcfImporter.cs:100)
Mujoco.MjImporterWithAssets:ImportString (string,string,string) (at ./Library/PackageCache/org.mujoco@72cb2b210d/Editor/Importer/MjImporterWithAssets.cs:75)
Asimov.UnityMujoco.Editor.MjcfEpisodeSceneGenerator:ImportExpandedEpisodeScene (Asimov.UnityMujoco.EpisodeConfig,string) (at Assets/AsimovMujoco/Editor/MjcfEpisodeSceneGenerator.cs:128)
Asimov.UnityMujoco.Editor.MjcfEpisodeSceneGenerator:ImportEpisodeScene (Asimov.UnityMujoco.EpisodeConfig) (at Assets/AsimovMujoco/Editor/MjcfEpisodeSceneGenerator.cs:96)
Asimov.UnityMujoco.Editor.MjcfEpisodeSceneGenerator:ImportAllEpisodeScenes () (at Assets/AsimovMujoco/Editor/MjcfEpisodeSceneGenerator.cs:56)
Asimov.UnityMujoco.Editor.MjcfEpisodeSceneGenerator:BootstrapProject () (at Assets/AsimovMujoco/Editor/MjcfEpisodeSceneGenerator.cs:29)

(Filename: ./Library/PackageCache/org.mujoco@72cb2b210d/Runtime/Importer/MjcfImporter.cs Line: 398)

The importer does not yet support sensor <jointactuatorfrc>.
UnityEngine.StackTraceUtility:ExtractStackTrace () (at /home/bokken/build/output/unity/unity/Runtime/Export/Scripting/StackTrace.cs:37)
UnityEngine.DebugLogHandler:LogFormat (UnityEngine.LogType,UnityEngine.Object,string,object[])
UnityEngine.Logger:Log (UnityEngine.LogType,object)
UnityEngine.Debug:Log (object)
Mujoco.MjcfImporter:ParseSensorType (System.Xml.XmlElement) (at ./Library/PackageCache/org.mujoco@72cb2b210d/Runtime/Importer/MjcfImporter.cs:398)
Mujoco.MjcfImporter:ParseRoot (UnityEngine.GameObject,System.Xml.XmlElement) (at ./Library/PackageCache/org.mujoco@72cb2b210d/Runtime/Importer/MjcfImporter.cs:208)
Mujoco.MjImporterWithAssets:ParseRoot (UnityEngine.GameObject,System.Xml.XmlElement) (at ./Library/PackageCache/org.mujoco@72cb2b210d/Editor/Importer/MjImporterWithAssets.cs:91)
Mujoco.MjcfImporter:ImportXml (System.Xml.XmlDocument,string) (at ./Library/PackageCache/org.mujoco@72cb2b210d/Runtime/Importer/MjcfImporter.cs:100)
Mujoco.MjImporterWithAssets:ImportString (string,string,string) (at ./Library/PackageCache/org.mujoco@72cb2b210d/Editor/Importer/MjImporterWithAssets.cs:75)
Asimov.UnityMujoco.Editor.MjcfEpisodeSceneGenerator:ImportExpandedEpisodeScene (Asimov.UnityMujoco.EpisodeConfig,string) (at Assets/AsimovMujoco/Editor/MjcfEpisodeSceneGenerator.cs:128)
Asimov.UnityMujoco.Editor.MjcfEpisodeSceneGenerator:ImportEpisodeScene (Asimov.UnityMujoco.EpisodeConfig) (at Assets/AsimovMujoco/Editor/MjcfEpisodeSceneGenerator.cs:96)
Asimov.UnityMujoco.Editor.MjcfEpisodeSceneGenerator:ImportAllEpisodeScenes () (at Assets/AsimovMujoco/Editor/MjcfEpisodeSceneGenerator.cs:56)
Asimov.UnityMujoco.Editor.MjcfEpisodeSceneGenerator:BootstrapProject () (at Assets/AsimovMujoco/Editor/MjcfEpisodeSceneGenerator.cs:29)

(Filename: ./Library/PackageCache/org.mujoco@72cb2b210d/Runtime/Importer/MjcfImporter.cs Line: 398)

The importer does not yet support sensor <jointactuatorfrc>.
UnityEngine.StackTraceUtility:ExtractStackTrace () (at /home/bokken/build/output/unity/unity/Runtime/Export/Scripting/StackTrace.cs:37)
UnityEngine.DebugLogHandler:LogFormat (UnityEngine.LogType,UnityEngine.Object,string,object[])
UnityEngine.Logger:Log (UnityEngine.LogType,object)
UnityEngine.Debug:Log (object)
Mujoco.MjcfImporter:ParseSensorType (System.Xml.XmlElement) (at ./Library/PackageCache/org.mujoco@72cb2b210d/Runtime/Importer/MjcfImporter.cs:398)
Mujoco.MjcfImporter:ParseRoot (UnityEngine.GameObject,System.Xml.XmlElement) (at ./Library/PackageCache/org.mujoco@72cb2b210d/Runtime/Importer/MjcfImporter.cs:208)
Mujoco.MjImporterWithAssets:ParseRoot (UnityEngine.GameObject,System.Xml.XmlElement) (at ./Library/PackageCache/org.mujoco@72cb2b210d/Editor/Importer/MjImporterWithAssets.cs:91)
Mujoco.MjcfImporter:ImportXml (System.Xml.XmlDocument,string) (at ./Library/PackageCache/org.mujoco@72cb2b210d/Runtime/Importer/MjcfImporter.cs:100)
Mujoco.MjImporterWithAssets:ImportString (string,string,string) (at ./Library/PackageCache/org.mujoco@72cb2b210d/Editor/Importer/MjImporterWithAssets.cs:75)
Asimov.UnityMujoco.Editor.MjcfEpisodeSceneGenerator:ImportExpandedEpisodeScene (Asimov.UnityMujoco.EpisodeConfig,string) (at Assets/AsimovMujoco/Editor/MjcfEpisodeSceneGenerator.cs:128)
Asimov.UnityMujoco.Editor.MjcfEpisodeSceneGenerator:ImportEpisodeScene (Asimov.UnityMujoco.EpisodeConfig) (at Assets/AsimovMujoco/Editor/MjcfEpisodeSceneGenerator.cs:96)
Asimov.UnityMujoco.Editor.MjcfEpisodeSceneGenerator:ImportAllEpisodeScenes () (at Assets/AsimovMujoco/Editor/MjcfEpisodeSceneGenerator.cs:56)
Asimov.UnityMujoco.Editor.MjcfEpisodeSceneGenerator:BootstrapProject () (at Assets/AsimovMujoco/Editor/MjcfEpisodeSceneGenerator.cs:29)

(Filename: ./Library/PackageCache/org.mujoco@72cb2b210d/Runtime/Importer/MjcfImporter.cs Line: 398)

The importer does not yet support sensor <jointactuatorfrc>.
UnityEngine.StackTraceUtility:ExtractStackTrace () (at /home/bokken/build/output/unity/unity/Runtime/Export/Scripting/StackTrace.cs:37)
UnityEngine.DebugLogHandler:LogFormat (UnityEngine.LogType,UnityEngine.Object,string,object[])
UnityEngine.Logger:Log (UnityEngine.LogType,object)
UnityEngine.Debug:Log (object)
Mujoco.MjcfImporter:ParseSensorType (System.Xml.XmlElement) (at ./Library/PackageCache/org.mujoco@72cb2b210d/Runtime/Importer/MjcfImporter.cs:398)
Mujoco.MjcfImporter:ParseRoot (UnityEngine.GameObject,System.Xml.XmlElement) (at ./Library/PackageCache/org.mujoco@72cb2b210d/Runtime/Importer/MjcfImporter.cs:208)
Mujoco.MjImporterWithAssets:ParseRoot (UnityEngine.GameObject,System.Xml.XmlElement) (at ./Library/PackageCache/org.mujoco@72cb2b210d/Editor/Importer/MjImporterWithAssets.cs:91)
Mujoco.MjcfImporter:ImportXml (System.Xml.XmlDocument,string) (at ./Library/PackageCache/org.mujoco@72cb2b210d/Runtime/Importer/MjcfImporter.cs:100)
Mujoco.MjImporterWithAssets:ImportString (string,string,string) (at ./Library/PackageCache/org.mujoco@72cb2b210d/Editor/Importer/MjImporterWithAssets.cs:75)
Asimov.UnityMujoco.Editor.MjcfEpisodeSceneGenerator:ImportExpandedEpisodeScene (Asimov.UnityMujoco.EpisodeConfig,string) (at Assets/AsimovMujoco/Editor/MjcfEpisodeSceneGenerator.cs:128)
Asimov.UnityMujoco.Editor.MjcfEpisodeSceneGenerator:ImportEpisodeScene (Asimov.UnityMujoco.EpisodeConfig) (at Assets/AsimovMujoco/Editor/MjcfEpisodeSceneGenerator.cs:96)
Asimov.UnityMujoco.Editor.MjcfEpisodeSceneGenerator:ImportAllEpisodeScenes () (at Assets/AsimovMujoco/Editor/MjcfEpisodeSceneGenerator.cs:56)
Asimov.UnityMujoco.Editor.MjcfEpisodeSceneGenerator:BootstrapProject () (at Assets/AsimovMujoco/Editor/MjcfEpisodeSceneGenerator.cs:29)

(Filename: ./Library/PackageCache/org.mujoco@72cb2b210d/Runtime/Importer/MjcfImporter.cs Line: 398)

The importer does not yet support sensor <jointactuatorfrc>.
UnityEngine.StackTraceUtility:ExtractStackTrace () (at /home/bokken/build/output/unity/unity/Runtime/Export/Scripting/StackTrace.cs:37)
UnityEngine.DebugLogHandler:LogFormat (UnityEngine.LogType,UnityEngine.Object,string,object[])
UnityEngine.Logger:Log (UnityEngine.LogType,object)
UnityEngine.Debug:Log (object)
Mujoco.MjcfImporter:ParseSensorType (System.Xml.XmlElement) (at ./Library/PackageCache/org.mujoco@72cb2b210d/Runtime/Importer/MjcfImporter.cs:398)
Mujoco.MjcfImporter:ParseRoot (UnityEngine.GameObject,System.Xml.XmlElement) (at ./Library/PackageCache/org.mujoco@72cb2b210d/Runtime/Importer/MjcfImporter.cs:208)
Mujoco.MjImporterWithAssets:ParseRoot (UnityEngine.GameObject,System.Xml.XmlElement) (at ./Library/PackageCache/org.mujoco@72cb2b210d/Editor/Importer/MjImporterWithAssets.cs:91)
Mujoco.MjcfImporter:ImportXml (System.Xml.XmlDocument,string) (at ./Library/PackageCache/org.mujoco@72cb2b210d/Runtime/Importer/MjcfImporter.cs:100)
Mujoco.MjImporterWithAssets:ImportString (string,string,string) (at ./Library/PackageCache/org.mujoco@72cb2b210d/Editor/Importer/MjImporterWithAssets.cs:75)
Asimov.UnityMujoco.Editor.MjcfEpisodeSceneGenerator:ImportExpandedEpisodeScene (Asimov.UnityMujoco.EpisodeConfig,string) (at Assets/AsimovMujoco/Editor/MjcfEpisodeSceneGenerator.cs:128)
Asimov.UnityMujoco.Editor.MjcfEpisodeSceneGenerator:ImportEpisodeScene (Asimov.UnityMujoco.EpisodeConfig) (at Assets/AsimovMujoco/Editor/MjcfEpisodeSceneGenerator.cs:96)
Asimov.UnityMujoco.Editor.MjcfEpisodeSceneGenerator:ImportAllEpisodeScenes () (at Assets/AsimovMujoco/Editor/MjcfEpisodeSceneGenerator.cs:56)
Asimov.UnityMujoco.Editor.MjcfEpisodeSceneGenerator:BootstrapProject () (at Assets/AsimovMujoco/Editor/MjcfEpisodeSceneGenerator.cs:29)

(Filename: ./Library/PackageCache/org.mujoco@72cb2b210d/Runtime/Importer/MjcfImporter.cs Line: 398)

The importer does not yet support sensor <jointactuatorfrc>.
UnityEngine.StackTraceUtility:ExtractStackTrace () (at /home/bokken/build/output/unity/unity/Runtime/Export/Scripting/StackTrace.cs:37)
UnityEngine.DebugLogHandler:LogFormat (UnityEngine.LogType,UnityEngine.Object,string,object[])
UnityEngine.Logger:Log (UnityEngine.LogType,object)
UnityEngine.Debug:Log (object)
Mujoco.MjcfImporter:ParseSensorType (System.Xml.XmlElement) (at ./Library/PackageCache/org.mujoco@72cb2b210d/Runtime/Importer/MjcfImporter.cs:398)
Mujoco.MjcfImporter:ParseRoot (UnityEngine.GameObject,System.Xml.XmlElement) (at ./Library/PackageCache/org.mujoco@72cb2b210d/Runtime/Importer/MjcfImporter.cs:208)
Mujoco.MjImporterWithAssets:ParseRoot (UnityEngine.GameObject,System.Xml.XmlElement) (at ./Library/PackageCache/org.mujoco@72cb2b210d/Editor/Importer/MjImporterWithAssets.cs:91)
Mujoco.MjcfImporter:ImportXml (System.Xml.XmlDocument,string) (at ./Library/PackageCache/org.mujoco@72cb2b210d/Runtime/Importer/MjcfImporter.cs:100)
Mujoco.MjImporterWithAssets:ImportString (string,string,string) (at ./Library/PackageCache/org.mujoco@72cb2b210d/Editor/Importer/MjImporterWithAssets.cs:75)
Asimov.UnityMujoco.Editor.MjcfEpisodeSceneGenerator:ImportExpandedEpisodeScene (Asimov.UnityMujoco.EpisodeConfig,string) (at Assets/AsimovMujoco/Editor/MjcfEpisodeSceneGenerator.cs:128)
Asimov.UnityMujoco.Editor.MjcfEpisodeSceneGenerator:ImportEpisodeScene (Asimov.UnityMujoco.EpisodeConfig) (at Assets/AsimovMujoco/Editor/MjcfEpisodeSceneGenerator.cs:96)
Asimov.UnityMujoco.Editor.MjcfEpisodeSceneGenerator:ImportAllEpisodeScenes () (at Assets/AsimovMujoco/Editor/MjcfEpisodeSceneGenerator.cs:56)
Asimov.UnityMujoco.Editor.MjcfEpisodeSceneGenerator:BootstrapProject () (at Assets/AsimovMujoco/Editor/MjcfEpisodeSceneGenerator.cs:29)

(Filename: ./Library/PackageCache/org.mujoco@72cb2b210d/Runtime/Importer/MjcfImporter.cs Line: 398)

The importer does not yet support sensor <jointactuatorfrc>.
UnityEngine.StackTraceUtility:ExtractStackTrace () (at /home/bokken/build/output/unity/unity/Runtime/Export/Scripting/StackTrace.cs:37)
UnityEngine.DebugLogHandler:LogFormat (UnityEngine.LogType,UnityEngine.Object,string,object[])
UnityEngine.Logger:Log (UnityEngine.LogType,object)
UnityEngine.Debug:Log (object)
Mujoco.MjcfImporter:ParseSensorType (System.Xml.XmlElement) (at ./Library/PackageCache/org.mujoco@72cb2b210d/Runtime/Importer/MjcfImporter.cs:398)
Mujoco.MjcfImporter:ParseRoot (UnityEngine.GameObject,System.Xml.XmlElement) (at ./Library/PackageCache/org.mujoco@72cb2b210d/Runtime/Importer/MjcfImporter.cs:208)
Mujoco.MjImporterWithAssets:ParseRoot (UnityEngine.GameObject,System.Xml.XmlElement) (at ./Library/PackageCache/org.mujoco@72cb2b210d/Editor/Importer/MjImporterWithAssets.cs:91)
Mujoco.MjcfImporter:ImportXml (System.Xml.XmlDocument,string) (at ./Library/PackageCache/org.mujoco@72cb2b210d/Runtime/Importer/MjcfImporter.cs:100)
Mujoco.MjImporterWithAssets:ImportString (string,string,string) (at ./Library/PackageCache/org.mujoco@72cb2b210d/Editor/Importer/MjImporterWithAssets.cs:75)
Asimov.UnityMujoco.Editor.MjcfEpisodeSceneGenerator:ImportExpandedEpisodeScene (Asimov.UnityMujoco.EpisodeConfig,string) (at Assets/AsimovMujoco/Editor/MjcfEpisodeSceneGenerator.cs:128)
Asimov.UnityMujoco.Editor.MjcfEpisodeSceneGenerator:ImportEpisodeScene (Asimov.UnityMujoco.EpisodeConfig) (at Assets/AsimovMujoco/Editor/MjcfEpisodeSceneGenerator.cs:96)
Asimov.UnityMujoco.Editor.MjcfEpisodeSceneGenerator:ImportAllEpisodeScenes () (at Assets/AsimovMujoco/Editor/MjcfEpisodeSceneGenerator.cs:56)
Asimov.UnityMujoco.Editor.MjcfEpisodeSceneGenerator:BootstrapProject () (at Assets/AsimovMujoco/Editor/MjcfEpisodeSceneGenerator.cs:29)

(Filename: ./Library/PackageCache/org.mujoco@72cb2b210d/Runtime/Importer/MjcfImporter.cs Line: 398)

The importer does not yet support sensor <jointactuatorfrc>.
UnityEngine.StackTraceUtility:ExtractStackTrace () (at /home/bokken/build/output/unity/unity/Runtime/Export/Scripting/StackTrace.cs:37)
UnityEngine.DebugLogHandler:LogFormat (UnityEngine.LogType,UnityEngine.Object,string,object[])
UnityEngine.Logger:Log (UnityEngine.LogType,object)
UnityEngine.Debug:Log (object)
Mujoco.MjcfImporter:ParseSensorType (System.Xml.XmlElement) (at ./Library/PackageCache/org.mujoco@72cb2b210d/Runtime/Importer/MjcfImporter.cs:398)
Mujoco.MjcfImporter:ParseRoot (UnityEngine.GameObject,System.Xml.XmlElement) (at ./Library/PackageCache/org.mujoco@72cb2b210d/Runtime/Importer/MjcfImporter.cs:208)
Mujoco.MjImporterWithAssets:ParseRoot (UnityEngine.GameObject,System.Xml.XmlElement) (at ./Library/PackageCache/org.mujoco@72cb2b210d/Editor/Importer/MjImporterWithAssets.cs:91)
Mujoco.MjcfImporter:ImportXml (System.Xml.XmlDocument,string) (at ./Library/PackageCache/org.mujoco@72cb2b210d/Runtime/Importer/MjcfImporter.cs:100)
Mujoco.MjImporterWithAssets:ImportString (string,string,string) (at ./Library/PackageCache/org.mujoco@72cb2b210d/Editor/Importer/MjImporterWithAssets.cs:75)
Asimov.UnityMujoco.Editor.MjcfEpisodeSceneGenerator:ImportExpandedEpisodeScene (Asimov.UnityMujoco.EpisodeConfig,string) (at Assets/AsimovMujoco/Editor/MjcfEpisodeSceneGenerator.cs:128)
Asimov.UnityMujoco.Editor.MjcfEpisodeSceneGenerator:ImportEpisodeScene (Asimov.UnityMujoco.EpisodeConfig) (at Assets/AsimovMujoco/Editor/MjcfEpisodeSceneGenerator.cs:96)
Asimov.UnityMujoco.Editor.MjcfEpisodeSceneGenerator:ImportAllEpisodeScenes () (at Assets/AsimovMujoco/Editor/MjcfEpisodeSceneGenerator.cs:56)
Asimov.UnityMujoco.Editor.MjcfEpisodeSceneGenerator:BootstrapProject () (at Assets/AsimovMujoco/Editor/MjcfEpisodeSceneGenerator.cs:29)

(Filename: ./Library/PackageCache/org.mujoco@72cb2b210d/Runtime/Importer/MjcfImporter.cs Line: 398)

The importer does not yet support sensor <jointactuatorfrc>.
UnityEngine.StackTraceUtility:ExtractStackTrace () (at /home/bokken/build/output/unity/unity/Runtime/Export/Scripting/StackTrace.cs:37)
UnityEngine.DebugLogHandler:LogFormat (UnityEngine.LogType,UnityEngine.Object,string,object[])
UnityEngine.Logger:Log (UnityEngine.LogType,object)
UnityEngine.Debug:Log (object)
Mujoco.MjcfImporter:ParseSensorType (System.Xml.XmlElement) (at ./Library/PackageCache/org.mujoco@72cb2b210d/Runtime/Importer/MjcfImporter.cs:398)
Mujoco.MjcfImporter:ParseRoot (UnityEngine.GameObject,System.Xml.XmlElement) (at ./Library/PackageCache/org.mujoco@72cb2b210d/Runtime/Importer/MjcfImporter.cs:208)
Mujoco.MjImporterWithAssets:ParseRoot (UnityEngine.GameObject,System.Xml.XmlElement) (at ./Library/PackageCache/org.mujoco@72cb2b210d/Editor/Importer/MjImporterWithAssets.cs:91)
Mujoco.MjcfImporter:ImportXml (System.Xml.XmlDocument,string) (at ./Library/PackageCache/org.mujoco@72cb2b210d/Runtime/Importer/MjcfImporter.cs:100)
Mujoco.MjImporterWithAssets:ImportString (string,string,string) (at ./Library/PackageCache/org.mujoco@72cb2b210d/Editor/Importer/MjImporterWithAssets.cs:75)
Asimov.UnityMujoco.Editor.MjcfEpisodeSceneGenerator:ImportExpandedEpisodeScene (Asimov.UnityMujoco.EpisodeConfig,string) (at Assets/AsimovMujoco/Editor/MjcfEpisodeSceneGenerator.cs:128)
Asimov.UnityMujoco.Editor.MjcfEpisodeSceneGenerator:ImportEpisodeScene (Asimov.UnityMujoco.EpisodeConfig) (at Assets/AsimovMujoco/Editor/MjcfEpisodeSceneGenerator.cs:96)
Asimov.UnityMujoco.Editor.MjcfEpisodeSceneGenerator:ImportAllEpisodeScenes () (at Assets/AsimovMujoco/Editor/MjcfEpisodeSceneGenerator.cs:56)
Asimov.UnityMujoco.Editor.MjcfEpisodeSceneGenerator:BootstrapProject () (at Assets/AsimovMujoco/Editor/MjcfEpisodeSceneGenerator.cs:29)

(Filename: ./Library/PackageCache/org.mujoco@72cb2b210d/Runtime/Importer/MjcfImporter.cs Line: 398)

The importer does not yet support sensor <jointactuatorfrc>.
UnityEngine.StackTraceUtility:ExtractStackTrace () (at /home/bokken/build/output/unity/unity/Runtime/Export/Scripting/StackTrace.cs:37)
UnityEngine.DebugLogHandler:LogFormat (UnityEngine.LogType,UnityEngine.Object,string,object[])
UnityEngine.Logger:Log (UnityEngine.LogType,object)
UnityEngine.Debug:Log (object)
Mujoco.MjcfImporter:ParseSensorType (System.Xml.XmlElement) (at ./Library/PackageCache/org.mujoco@72cb2b210d/Runtime/Importer/MjcfImporter.cs:398)
Mujoco.MjcfImporter:ParseRoot (UnityEngine.GameObject,System.Xml.XmlElement) (at ./Library/PackageCache/org.mujoco@72cb2b210d/Runtime/Importer/MjcfImporter.cs:208)
Mujoco.MjImporterWithAssets:ParseRoot (UnityEngine.GameObject,System.Xml.XmlElement) (at ./Library/PackageCache/org.mujoco@72cb2b210d/Editor/Importer/MjImporterWithAssets.cs:91)
Mujoco.MjcfImporter:ImportXml (System.Xml.XmlDocument,string) (at ./Library/PackageCache/org.mujoco@72cb2b210d/Runtime/Importer/MjcfImporter.cs:100)
Mujoco.MjImporterWithAssets:ImportString (string,string,string) (at ./Library/PackageCache/org.mujoco@72cb2b210d/Editor/Importer/MjImporterWithAssets.cs:75)
Asimov.UnityMujoco.Editor.MjcfEpisodeSceneGenerator:ImportExpandedEpisodeScene (Asimov.UnityMujoco.EpisodeConfig,string) (at Assets/AsimovMujoco/Editor/MjcfEpisodeSceneGenerator.cs:128)
Asimov.UnityMujoco.Editor.MjcfEpisodeSceneGenerator:ImportEpisodeScene (Asimov.UnityMujoco.EpisodeConfig) (at Assets/AsimovMujoco/Editor/MjcfEpisodeSceneGenerator.cs:96)
Asimov.UnityMujoco.Editor.MjcfEpisodeSceneGenerator:ImportAllEpisodeScenes () (at Assets/AsimovMujoco/Editor/MjcfEpisodeSceneGenerator.cs:56)
Asimov.UnityMujoco.Editor.MjcfEpisodeSceneGenerator:BootstrapProject () (at Assets/AsimovMujoco/Editor/MjcfEpisodeSceneGenerator.cs:29)

(Filename: ./Library/PackageCache/org.mujoco@72cb2b210d/Runtime/Importer/MjcfImporter.cs Line: 398)

The importer does not yet support sensor <jointactuatorfrc>.
UnityEngine.StackTraceUtility:ExtractStackTrace () (at /home/bokken/build/output/unity/unity/Runtime/Export/Scripting/StackTrace.cs:37)
UnityEngine.DebugLogHandler:LogFormat (UnityEngine.LogType,UnityEngine.Object,string,object[])
UnityEngine.Logger:Log (UnityEngine.LogType,object)
UnityEngine.Debug:Log (object)
Mujoco.MjcfImporter:ParseSensorType (System.Xml.XmlElement) (at ./Library/PackageCache/org.mujoco@72cb2b210d/Runtime/Importer/MjcfImporter.cs:398)
Mujoco.MjcfImporter:ParseRoot (UnityEngine.GameObject,System.Xml.XmlElement) (at ./Library/PackageCache/org.mujoco@72cb2b210d/Runtime/Importer/MjcfImporter.cs:208)
Mujoco.MjImporterWithAssets:ParseRoot (UnityEngine.GameObject,System.Xml.XmlElement) (at ./Library/PackageCache/org.mujoco@72cb2b210d/Editor/Importer/MjImporterWithAssets.cs:91)
Mujoco.MjcfImporter:ImportXml (System.Xml.XmlDocument,string) (at ./Library/PackageCache/org.mujoco@72cb2b210d/Runtime/Importer/MjcfImporter.cs:100)
Mujoco.MjImporterWithAssets:ImportString (string,string,string) (at ./Library/PackageCache/org.mujoco@72cb2b210d/Editor/Importer/MjImporterWithAssets.cs:75)
Asimov.UnityMujoco.Editor.MjcfEpisodeSceneGenerator:ImportExpandedEpisodeScene (Asimov.UnityMujoco.EpisodeConfig,string) (at Assets/AsimovMujoco/Editor/MjcfEpisodeSceneGenerator.cs:128)
Asimov.UnityMujoco.Editor.MjcfEpisodeSceneGenerator:ImportEpisodeScene (Asimov.UnityMujoco.EpisodeConfig) (at Assets/AsimovMujoco/Editor/MjcfEpisodeSceneGenerator.cs:96)
Asimov.UnityMujoco.Editor.MjcfEpisodeSceneGenerator:ImportAllEpisodeScenes () (at Assets/AsimovMujoco/Editor/MjcfEpisodeSceneGenerator.cs:56)
Asimov.UnityMujoco.Editor.MjcfEpisodeSceneGenerator:BootstrapProject () (at Assets/AsimovMujoco/Editor/MjcfEpisodeSceneGenerator.cs:29)

(Filename: ./Library/PackageCache/org.mujoco@72cb2b210d/Runtime/Importer/MjcfImporter.cs Line: 398)

The importer does not yet support sensor <jointactuatorfrc>.
UnityEngine.StackTraceUtility:ExtractStackTrace () (at /home/bokken/build/output/unity/unity/Runtime/Export/Scripting/StackTrace.cs:37)
UnityEngine.DebugLogHandler:LogFormat (UnityEngine.LogType,UnityEngine.Object,string,object[])
UnityEngine.Logger:Log (UnityEngine.LogType,object)
UnityEngine.Debug:Log (object)
Mujoco.MjcfImporter:ParseSensorType (System.Xml.XmlElement) (at ./Library/PackageCache/org.mujoco@72cb2b210d/Runtime/Importer/MjcfImporter.cs:398)
Mujoco.MjcfImporter:ParseRoot (UnityEngine.GameObject,System.Xml.XmlElement) (at ./Library/PackageCache/org.mujoco@72cb2b210d/Runtime/Importer/MjcfImporter.cs:208)
Mujoco.MjImporterWithAssets:ParseRoot (UnityEngine.GameObject,System.Xml.XmlElement) (at ./Library/PackageCache/org.mujoco@72cb2b210d/Editor/Importer/MjImporterWithAssets.cs:91)
Mujoco.MjcfImporter:ImportXml (System.Xml.XmlDocument,string) (at ./Library/PackageCache/org.mujoco@72cb2b210d/Runtime/Importer/MjcfImporter.cs:100)
Mujoco.MjImporterWithAssets:ImportString (string,string,string) (at ./Library/PackageCache/org.mujoco@72cb2b210d/Editor/Importer/MjImporterWithAssets.cs:75)
Asimov.UnityMujoco.Editor.MjcfEpisodeSceneGenerator:ImportExpandedEpisodeScene (Asimov.UnityMujoco.EpisodeConfig,string) (at Assets/AsimovMujoco/Editor/MjcfEpisodeSceneGenerator.cs:128)
Asimov.UnityMujoco.Editor.MjcfEpisodeSceneGenerator:ImportEpisodeScene (Asimov.UnityMujoco.EpisodeConfig) (at Assets/AsimovMujoco/Editor/MjcfEpisodeSceneGenerator.cs:96)
Asimov.UnityMujoco.Editor.MjcfEpisodeSceneGenerator:ImportAllEpisodeScenes () (at Assets/AsimovMujoco/Editor/MjcfEpisodeSceneGenerator.cs:56)
Asimov.UnityMujoco.Editor.MjcfEpisodeSceneGenerator:BootstrapProject () (at Assets/AsimovMujoco/Editor/MjcfEpisodeSceneGenerator.cs:29)

(Filename: ./Library/PackageCache/org.mujoco@72cb2b210d/Runtime/Importer/MjcfImporter.cs Line: 398)

The importer does not yet support sensor <jointactuatorfrc>.
UnityEngine.StackTraceUtility:ExtractStackTrace () (at /home/bokken/build/output/unity/unity/Runtime/Export/Scripting/StackTrace.cs:37)
UnityEngine.DebugLogHandler:LogFormat (UnityEngine.LogType,UnityEngine.Object,string,object[])
UnityEngine.Logger:Log (UnityEngine.LogType,object)
UnityEngine.Debug:Log (object)
Mujoco.MjcfImporter:ParseSensorType (System.Xml.XmlElement) (at ./Library/PackageCache/org.mujoco@72cb2b210d/Runtime/Importer/MjcfImporter.cs:398)
Mujoco.MjcfImporter:ParseRoot (UnityEngine.GameObject,System.Xml.XmlElement) (at ./Library/PackageCache/org.mujoco@72cb2b210d/Runtime/Importer/MjcfImporter.cs:208)
Mujoco.MjImporterWithAssets:ParseRoot (UnityEngine.GameObject,System.Xml.XmlElement) (at ./Library/PackageCache/org.mujoco@72cb2b210d/Editor/Importer/MjImporterWithAssets.cs:91)
Mujoco.MjcfImporter:ImportXml (System.Xml.XmlDocument,string) (at ./Library/PackageCache/org.mujoco@72cb2b210d/Runtime/Importer/MjcfImporter.cs:100)
Mujoco.MjImporterWithAssets:ImportString (string,string,string) (at ./Library/PackageCache/org.mujoco@72cb2b210d/Editor/Importer/MjImporterWithAssets.cs:75)
Asimov.UnityMujoco.Editor.MjcfEpisodeSceneGenerator:ImportExpandedEpisodeScene (Asimov.UnityMujoco.EpisodeConfig,string) (at Assets/AsimovMujoco/Editor/MjcfEpisodeSceneGenerator.cs:128)
Asimov.UnityMujoco.Editor.MjcfEpisodeSceneGenerator:ImportEpisodeScene (Asimov.UnityMujoco.EpisodeConfig) (at Assets/AsimovMujoco/Editor/MjcfEpisodeSceneGenerator.cs:96)
Asimov.UnityMujoco.Editor.MjcfEpisodeSceneGenerator:ImportAllEpisodeScenes () (at Assets/AsimovMujoco/Editor/MjcfEpisodeSceneGenerator.cs:56)
Asimov.UnityMujoco.Editor.MjcfEpisodeSceneGenerator:BootstrapProject () (at Assets/AsimovMujoco/Editor/MjcfEpisodeSceneGenerator.cs:29)

(Filename: ./Library/PackageCache/org.mujoco@72cb2b210d/Runtime/Importer/MjcfImporter.cs Line: 398)

The importer does not yet support sensor <jointactuatorfrc>.
UnityEngine.StackTraceUtility:ExtractStackTrace () (at /home/bokken/build/output/unity/unity/Runtime/Export/Scripting/StackTrace.cs:37)
UnityEngine.DebugLogHandler:LogFormat (UnityEngine.LogType,UnityEngine.Object,string,object[])
UnityEngine.Logger:Log (UnityEngine.LogType,object)
UnityEngine.Debug:Log (object)
Mujoco.MjcfImporter:ParseSensorType (System.Xml.XmlElement) (at ./Library/PackageCache/org.mujoco@72cb2b210d/Runtime/Importer/MjcfImporter.cs:398)
Mujoco.MjcfImporter:ParseRoot (UnityEngine.GameObject,System.Xml.XmlElement) (at ./Library/PackageCache/org.mujoco@72cb2b210d/Runtime/Importer/MjcfImporter.cs:208)
Mujoco.MjImporterWithAssets:ParseRoot (UnityEngine.GameObject,System.Xml.XmlElement) (at ./Library/PackageCache/org.mujoco@72cb2b210d/Editor/Importer/MjImporterWithAssets.cs:91)
Mujoco.MjcfImporter:ImportXml (System.Xml.XmlDocument,string) (at ./Library/PackageCache/org.mujoco@72cb2b210d/Runtime/Importer/MjcfImporter.cs:100)
Mujoco.MjImporterWithAssets:ImportString (string,string,string) (at ./Library/PackageCache/org.mujoco@72cb2b210d/Editor/Importer/MjImporterWithAssets.cs:75)
Asimov.UnityMujoco.Editor.MjcfEpisodeSceneGenerator:ImportExpandedEpisodeScene (Asimov.UnityMujoco.EpisodeConfig,string) (at Assets/AsimovMujoco/Editor/MjcfEpisodeSceneGenerator.cs:128)
Asimov.UnityMujoco.Editor.MjcfEpisodeSceneGenerator:ImportEpisodeScene (Asimov.UnityMujoco.EpisodeConfig) (at Assets/AsimovMujoco/Editor/MjcfEpisodeSceneGenerator.cs:96)
Asimov.UnityMujoco.Editor.MjcfEpisodeSceneGenerator:ImportAllEpisodeScenes () (at Assets/AsimovMujoco/Editor/MjcfEpisodeSceneGenerator.cs:56)
Asimov.UnityMujoco.Editor.MjcfEpisodeSceneGenerator:BootstrapProject () (at Assets/AsimovMujoco/Editor/MjcfEpisodeSceneGenerator.cs:29)

(Filename: ./Library/PackageCache/org.mujoco@72cb2b210d/Runtime/Importer/MjcfImporter.cs Line: 398)

The importer does not yet support sensor <jointactuatorfrc>.
UnityEngine.StackTraceUtility:ExtractStackTrace () (at /home/bokken/build/output/unity/unity/Runtime/Export/Scripting/StackTrace.cs:37)
UnityEngine.DebugLogHandler:LogFormat (UnityEngine.LogType,UnityEngine.Object,string,object[])
UnityEngine.Logger:Log (UnityEngine.LogType,object)
UnityEngine.Debug:Log (object)
Mujoco.MjcfImporter:ParseSensorType (System.Xml.XmlElement) (at ./Library/PackageCache/org.mujoco@72cb2b210d/Runtime/Importer/MjcfImporter.cs:398)
Mujoco.MjcfImporter:ParseRoot (UnityEngine.GameObject,System.Xml.XmlElement) (at ./Library/PackageCache/org.mujoco@72cb2b210d/Runtime/Importer/MjcfImporter.cs:208)
Mujoco.MjImporterWithAssets:ParseRoot (UnityEngine.GameObject,System.Xml.XmlElement) (at ./Library/PackageCache/org.mujoco@72cb2b210d/Editor/Importer/MjImporterWithAssets.cs:91)
Mujoco.MjcfImporter:ImportXml (System.Xml.XmlDocument,string) (at ./Library/PackageCache/org.mujoco@72cb2b210d/Runtime/Importer/MjcfImporter.cs:100)
Mujoco.MjImporterWithAssets:ImportString (string,string,string) (at ./Library/PackageCache/org.mujoco@72cb2b210d/Editor/Importer/MjImporterWithAssets.cs:75)
Asimov.UnityMujoco.Editor.MjcfEpisodeSceneGenerator:ImportExpandedEpisodeScene (Asimov.UnityMujoco.EpisodeConfig,string) (at Assets/AsimovMujoco/Editor/MjcfEpisodeSceneGenerator.cs:128)
Asimov.UnityMujoco.Editor.MjcfEpisodeSceneGenerator:ImportEpisodeScene (Asimov.UnityMujoco.EpisodeConfig) (at Assets/AsimovMujoco/Editor/MjcfEpisodeSceneGenerator.cs:96)
Asimov.UnityMujoco.Editor.MjcfEpisodeSceneGenerator:ImportAllEpisodeScenes () (at Assets/AsimovMujoco/Editor/MjcfEpisodeSceneGenerator.cs:56)
Asimov.UnityMujoco.Editor.MjcfEpisodeSceneGenerator:BootstrapProject () (at Assets/AsimovMujoco/Editor/MjcfEpisodeSceneGenerator.cs:29)

(Filename: ./Library/PackageCache/org.mujoco@72cb2b210d/Runtime/Importer/MjcfImporter.cs Line: 398)

Start importing Assets/AsimovMujoco/Scenes/g1_approach_user.unity using Guid(6e4a37f6f1d4226949bee94df18cc105) Importer(-1,00000000000000000000000000000000) [PhysX] Initialized MultithreadedTaskDispatcher with 22 workers.
 -> (artifact id: '8cf19aec5d7ef3dab4a35821a83873b9') in 0.000645 seconds
Refreshing native plugins compatible for Editor in 0.07 ms, found 0 plugins.
Preloading 0 native plugins for Editor in 0.00 ms.
Asset Pipeline Refresh (id=0cd04dc806f6bcf0ca75d29b2bf5a422): Total: 0.004 seconds - Initiated by StopAssetImportingV2(NoUpdateAssetOptions)
Created imported MuJoCo episode scene Assets/AsimovMujoco/Scenes/g1_approach_user.unity
UnityEngine.StackTraceUtility:ExtractStackTrace () (at /home/bokken/build/output/unity/unity/Runtime/Export/Scripting/StackTrace.cs:37)
UnityEngine.DebugLogHandler:LogFormat (UnityEngine.LogType,UnityEngine.Object,string,object[])
UnityEngine.Logger:Log (UnityEngine.LogType,object)
UnityEngine.Debug:Log (object)
Asimov.UnityMujoco.Editor.MjcfEpisodeSceneGenerator:ImportEpisodeScene (Asimov.UnityMujoco.EpisodeConfig) (at Assets/AsimovMujoco/Editor/MjcfEpisodeSceneGenerator.cs:121)
Asimov.UnityMujoco.Editor.MjcfEpisodeSceneGenerator:ImportAllEpisodeScenes () (at Assets/AsimovMujoco/Editor/MjcfEpisodeSceneGenerator.cs:56)
Asimov.UnityMujoco.Editor.MjcfEpisodeSceneGenerator:BootstrapProject () (at Assets/AsimovMujoco/Editor/MjcfEpisodeSceneGenerator.cs:29)

(Filename: Assets/AsimovMujoco/Editor/MjcfEpisodeSceneGenerator.cs Line: 121)

[PhysX] Initialized MultithreadedTaskDispatcher with 22 workers.
Unloading 1 Unused Serialized files (Serialized files now loaded: 0)
Unloading 231 unused Assets / (298.2 KB). Loaded Objects now: 1250.
Memory consumption went from 86.6 MB to 86.3 MB.
Total: 5.602996 ms (FindLiveObjects: 0.057109 ms CreateObjectMapping: 0.013741 ms MarkObjects: 5.128485 ms  DeleteObjects: 0.403092 ms)

Refreshing native plugins compatible for Editor in 0.07 ms, found 0 plugins.
Preloading 0 native plugins for Editor in 0.00 ms.
Asset Pipeline Refresh (id=b44efe0b8dbdb6ffdb6163b3fb4dcdc0): Total: 0.010 seconds - Initiated by StopAssetImportingV2(NoUpdateAssetOptions)
Meshes locations: source = /home/luis/palingenesys/asimovbm/unity_mujoco_slam/Assets/AsimovMujoco/GeneratedMjcf/../GeneratedMeshes/g1, target = /home/luis/palingenesys/asimovbm/unity_mujoco_slam/Assets/Local/MjImports/g1_lateral_open_imported/Resources
UnityEngine.StackTraceUtility:ExtractStackTrace () (at /home/bokken/build/output/unity/unity/Runtime/Export/Scripting/StackTrace.cs:37)
UnityEngine.DebugLogHandler:LogFormat (UnityEngine.LogType,UnityEngine.Object,string,object[])
UnityEngine.Logger:Log (UnityEngine.LogType,object)
UnityEngine.Debug:Log (object)
Mujoco.MjImporterWithAssets:ConfigureMeshPath (string,string,System.Xml.XmlDocument) (at ./Library/PackageCache/org.mujoco@72cb2b210d/Editor/Importer/MjImporterWithAssets.cs:119)
Mujoco.MjImporterWithAssets:ImportString (string,string,string) (at ./Library/PackageCache/org.mujoco@72cb2b210d/Editor/Importer/MjImporterWithAssets.cs:72)
Asimov.UnityMujoco.Editor.MjcfEpisodeSceneGenerator:ImportExpandedEpisodeScene (Asimov.UnityMujoco.EpisodeConfig,string) (at Assets/AsimovMujoco/Editor/MjcfEpisodeSceneGenerator.cs:128)
Asimov.UnityMujoco.Editor.MjcfEpisodeSceneGenerator:ImportEpisodeScene (Asimov.UnityMujoco.EpisodeConfig) (at Assets/AsimovMujoco/Editor/MjcfEpisodeSceneGenerator.cs:96)
Asimov.UnityMujoco.Editor.MjcfEpisodeSceneGenerator:ImportAllEpisodeScenes () (at Assets/AsimovMujoco/Editor/MjcfEpisodeSceneGenerator.cs:56)
Asimov.UnityMujoco.Editor.MjcfEpisodeSceneGenerator:BootstrapProject () (at Assets/AsimovMujoco/Editor/MjcfEpisodeSceneGenerator.cs:29)

(Filename: ./Library/PackageCache/org.mujoco@72cb2b210d/Editor/Importer/MjImporterWithAssets.cs Line: 119)

Start importing Assets/Local/MjImports/g1_lateral_open_imported using Guid(f787fdcc68f502d36aedb3413d72226d) Importer(-1,00000000000000000000000000000000) [PhysX] Initialized MultithreadedTaskDispatcher with 22 workers.
 -> (artifact id: '52b82c2d9c18a1fa8a0f67a67396e31e') in 0.000591 seconds
Start importing Assets/Local/MjImports/g1_lateral_open_imported/Resources using Guid(8e1a901e02e0aeed5b73ce414069733d) Importer(-1,00000000000000000000000000000000) [PhysX] Initialized MultithreadedTaskDispatcher with 22 workers.
 -> (artifact id: '4d1f9c0853db0bb25ae92bf45a6a915e') in 0.000408 seconds
Start importing Assets/Local/MjImports/g1_lateral_open_imported/Resources/pelvis.stl using Guid(b6b6d9f76b1f881fda32ea48ac2064be) Importer(-1,00000000000000000000000000000000) [PhysX] Initialized MultithreadedTaskDispatcher with 22 workers.
 -> (artifact id: '4218cb4c15ad9637fcb4c7365e035e89') in 0.027304 seconds
Refreshing native plugins compatible for Editor in 0.07 ms, found 0 plugins.
Preloading 0 native plugins for Editor in 0.00 ms.
Asset Pipeline Refresh (id=d63515bef1a0b8d0183b7c0212be5348): Total: 0.035 seconds - Initiated by StopAssetImportingV2(NoUpdateAssetOptions)
Start importing Assets/Local/MjImports/g1_lateral_open_imported/Resources/pelvis_contour_link.stl using Guid(e274c07130239d64fb8966c975d9599d) Importer(-1,00000000000000000000000000000000) [PhysX] Initialized MultithreadedTaskDispatcher with 22 workers.
 -> (artifact id: '3416f6d14ee609d7273a31be5476ac5b') in 0.041202 seconds
Refreshing native plugins compatible for Editor in 0.11 ms, found 0 plugins.
Preloading 0 native plugins for Editor in 0.00 ms.
Asset Pipeline Refresh (id=2c775c9b4ce88af02ba4592552c9cc4f): Total: 0.046 seconds - Initiated by StopAssetImportingV2(NoUpdateAssetOptions)
Start importing Assets/Local/MjImports/g1_lateral_open_imported/Resources/left_hip_pitch_link.stl using Guid(7efecd6ea8ddcbfaeb79f1eaafd70c2c) Importer(-1,00000000000000000000000000000000) [PhysX] Initialized MultithreadedTaskDispatcher with 22 workers.
 -> (artifact id: 'e0640339caaf211be04544543eb803f4') in 0.005356 seconds
Refreshing native plugins compatible for Editor in 0.08 ms, found 0 plugins.
Preloading 0 native plugins for Editor in 0.00 ms.
Asset Pipeline Refresh (id=f2f9d6a2cf8ca298e8a5b35fc877c85d): Total: 0.010 seconds - Initiated by StopAssetImportingV2(NoUpdateAssetOptions)
Start importing Assets/Local/MjImports/g1_lateral_open_imported/Resources/left_hip_roll_link.stl using Guid(13f3f2cddec59eed48e7b1a5270479bc) Importer(-1,00000000000000000000000000000000) [PhysX] Initialized MultithreadedTaskDispatcher with 22 workers.
 -> (artifact id: '6274684a198216baffe8f69e1882e0c5') in 0.004564 seconds
Refreshing native plugins compatible for Editor in 0.11 ms, found 0 plugins.
Preloading 0 native plugins for Editor in 0.00 ms.
Asset Pipeline Refresh (id=f97d05a7cba8de2eeb2ddf4db0178c8a): Total: 0.008 seconds - Initiated by StopAssetImportingV2(NoUpdateAssetOptions)
Start importing Assets/Local/MjImports/g1_lateral_open_imported/Resources/left_hip_yaw_link.stl using Guid(95f50993a6f27e37d8afc1c041e7a0ea) Importer(-1,00000000000000000000000000000000) [PhysX] Initialized MultithreadedTaskDispatcher with 22 workers.
 -> (artifact id: 'f196a042467a447a2e7070dbc6c28317') in 0.009183 seconds
Refreshing native plugins compatible for Editor in 0.07 ms, found 0 plugins.
Preloading 0 native plugins for Editor in 0.00 ms.
Asset Pipeline Refresh (id=2027f34dfdd5d75bf9488798a580a5ff): Total: 0.013 seconds - Initiated by StopAssetImportingV2(NoUpdateAssetOptions)
Start importing Assets/Local/MjImports/g1_lateral_open_imported/Resources/left_knee_link.stl using Guid(2eea8b45b7d346b01ab3b2a6de2e98f4) Importer(-1,00000000000000000000000000000000) [PhysX] Initialized MultithreadedTaskDispatcher with 22 workers.
 -> (artifact id: 'b21fb79e9daeb4ef0ccfdbe5883c080d') in 0.022862 seconds
Refreshing native plugins compatible for Editor in 0.12 ms, found 0 plugins.
Preloading 0 native plugins for Editor in 0.00 ms.
Asset Pipeline Refresh (id=4e12164997ae8adef8e61e5f3a3e56cd): Total: 0.028 seconds - Initiated by StopAssetImportingV2(NoUpdateAssetOptions)
Start importing Assets/Local/MjImports/g1_lateral_open_imported/Resources/left_ankle_pitch_link.stl using Guid(3e57939720ba1c5a294ada46937028ae) Importer(-1,00000000000000000000000000000000) [PhysX] Initialized MultithreadedTaskDispatcher with 22 workers.
 -> (artifact id: 'bb21d58c49503882060e0458fe63c7fa') in 0.003001 seconds
Refreshing native plugins compatible for Editor in 0.12 ms, found 0 plugins.
Preloading 0 native plugins for Editor in 0.00 ms.
Asset Pipeline Refresh (id=2d92aca8ff4edf76dbe6f46173fdc0c1): Total: 0.008 seconds - Initiated by StopAssetImportingV2(NoUpdateAssetOptions)
Start importing Assets/Local/MjImports/g1_lateral_open_imported/Resources/left_ankle_roll_link.stl using Guid(1ba5a4f34302d65a19335ff010ee9f7f) Importer(-1,00000000000000000000000000000000) [PhysX] Initialized MultithreadedTaskDispatcher with 22 workers.
 -> (artifact id: '3b5c9cda9502e91687861728bbb254cd') in 0.016430 seconds
Refreshing native plugins compatible for Editor in 0.07 ms, found 0 plugins.
Preloading 0 native plugins for Editor in 0.00 ms.
Asset Pipeline Refresh (id=dba8213742a3a9ec3a4c61490c0a06fb): Total: 0.021 seconds - Initiated by StopAssetImportingV2(NoUpdateAssetOptions)
Start importing Assets/Local/MjImports/g1_lateral_open_imported/Resources/right_hip_pitch_link.stl using Guid(7d61748d99676c2c3840684c1bd13acb) Importer(-1,00000000000000000000000000000000) [PhysX] Initialized MultithreadedTaskDispatcher with 22 workers.
 -> (artifact id: '3eaa7e8f8f9a8e77c08c96ad0d02e5ed') in 0.006651 seconds
Refreshing native plugins compatible for Editor in 0.10 ms, found 0 plugins.
Preloading 0 native plugins for Editor in 0.00 ms.
Asset Pipeline Refresh (id=af4313b261af04c10b9c0db9ae78c473): Total: 0.011 seconds - Initiated by StopAssetImportingV2(NoUpdateAssetOptions)
Start importing Assets/Local/MjImports/g1_lateral_open_imported/Resources/right_hip_roll_link.stl using Guid(d2725fc08e051c77abf93e7d635edadf) Importer(-1,00000000000000000000000000000000) [PhysX] Initialized MultithreadedTaskDispatcher with 22 workers.
 -> (artifact id: '7320b7971e9ca188b8edaf235fce8e5a') in 0.004620 seconds
Refreshing native plugins compatible for Editor in 0.07 ms, found 0 plugins.
Preloading 0 native plugins for Editor in 0.00 ms.
Asset Pipeline Refresh (id=3ec41a385f2930ea99e0895d31924dd9): Total: 0.008 seconds - Initiated by StopAssetImportingV2(NoUpdateAssetOptions)
Start importing Assets/Local/MjImports/g1_lateral_open_imported/Resources/right_hip_yaw_link.stl using Guid(99fe2103e618797bcb1706cd4583260a) Importer(-1,00000000000000000000000000000000) [PhysX] Initialized MultithreadedTaskDispatcher with 22 workers.
 -> (artifact id: '5f4a166f5c8f370cae2bf4a20f97d42d') in 0.009454 seconds
Refreshing native plugins compatible for Editor in 0.07 ms, found 0 plugins.
Preloading 0 native plugins for Editor in 0.00 ms.
Asset Pipeline Refresh (id=384457969334f86c2a2ce0dbe5467d9a): Total: 0.013 seconds - Initiated by StopAssetImportingV2(NoUpdateAssetOptions)
Start importing Assets/Local/MjImports/g1_lateral_open_imported/Resources/right_knee_link.stl using Guid(78c5d0391b4db9d068afda1eb9e57137) Importer(-1,00000000000000000000000000000000) [PhysX] Initialized MultithreadedTaskDispatcher with 22 workers.
 -> (artifact id: '63d221377b6a03363bcc59900ec0db8d') in 0.022048 seconds
Refreshing native plugins compatible for Editor in 0.07 ms, found 0 plugins.
Preloading 0 native plugins for Editor in 0.00 ms.
Asset Pipeline Refresh (id=d11c65acdbd9872f1bc02b65eeb61f17): Total: 0.026 seconds - Initiated by StopAssetImportingV2(NoUpdateAssetOptions)
Start importing Assets/Local/MjImports/g1_lateral_open_imported/Resources/right_ankle_pitch_link.stl using Guid(3e914c26542ccd7ee8a5f475845bbf29) Importer(-1,00000000000000000000000000000000) [PhysX] Initialized MultithreadedTaskDispatcher with 22 workers.
 -> (artifact id: '44f03f1af48bde83a91e654a9bbf6449') in 0.002924 seconds
Refreshing native plugins compatible for Editor in 0.11 ms, found 0 plugins.
Preloading 0 native plugins for Editor in 0.00 ms.
Asset Pipeline Refresh (id=d1676feac509b81b3a8274ebf336880b): Total: 0.007 seconds - Initiated by StopAssetImportingV2(NoUpdateAssetOptions)
Start importing Assets/Local/MjImports/g1_lateral_open_imported/Resources/right_ankle_roll_link.stl using Guid(ff60d8740d29fd5d3937698d10857dce) Importer(-1,00000000000000000000000000000000) [PhysX] Initialized MultithreadedTaskDispatcher with 22 workers.
 -> (artifact id: '01e9555b8b5d6af156931457e2ee606c') in 0.016179 seconds
Refreshing native plugins compatible for Editor in 0.07 ms, found 0 plugins.
Preloading 0 native plugins for Editor in 0.00 ms.
Asset Pipeline Refresh (id=9954e86f6c020aa5793f40255cd12519): Total: 0.020 seconds - Initiated by StopAssetImportingV2(NoUpdateAssetOptions)
Start importing Assets/Local/MjImports/g1_lateral_open_imported/Resources/waist_yaw_link.stl using Guid(61926e46717c2c67c871e89fc010eee5) Importer(-1,00000000000000000000000000000000) [PhysX] Initialized MultithreadedTaskDispatcher with 22 workers.
 -> (artifact id: 'b598b3fde0c32a7cc8dae7f76dac08f5') in 0.010141 seconds
Refreshing native plugins compatible for Editor in 0.10 ms, found 0 plugins.
Preloading 0 native plugins for Editor in 0.00 ms.
Asset Pipeline Refresh (id=93bcfa2050e2d1539aeaa9fd08e5cdfa): Total: 0.014 seconds - Initiated by StopAssetImportingV2(NoUpdateAssetOptions)
Start importing Assets/Local/MjImports/g1_lateral_open_imported/Resources/waist_roll_link.stl using Guid(5195e28eca065f86c956031eadce6fb4) Importer(-1,00000000000000000000000000000000) [PhysX] Initialized MultithreadedTaskDispatcher with 22 workers.
 -> (artifact id: '19a7982982719321fbb73415cd660d2c') in 0.002676 seconds
Refreshing native plugins compatible for Editor in 0.07 ms, found 0 plugins.
Preloading 0 native plugins for Editor in 0.00 ms.
Asset Pipeline Refresh (id=f3f9d4685a1ca1d7badd65338d9d15ef): Total: 0.008 seconds - Initiated by StopAssetImportingV2(NoUpdateAssetOptions)
Start importing Assets/Local/MjImports/g1_lateral_open_imported/Resources/torso_link.stl using Guid(a8a1e587ebcf365e4a2322b717bf5304) Importer(-1,00000000000000000000000000000000) [PhysX] Initialized MultithreadedTaskDispatcher with 22 workers.
 -> (artifact id: 'c6690513ecedfef2251fc32fb23b8415') in 0.061488 seconds
Refreshing native plugins compatible for Editor in 0.12 ms, found 0 plugins.
Preloading 0 native plugins for Editor in 0.00 ms.
Asset Pipeline Refresh (id=6b7d89219002a2fb7a9c6bc4f1f600a0): Total: 0.074 seconds - Initiated by StopAssetImportingV2(NoUpdateAssetOptions)
Start importing Assets/Local/MjImports/g1_lateral_open_imported/Resources/logo_link.stl using Guid(7803df9af7395ddbfa4d4ce7f5af6e79) Importer(-1,00000000000000000000000000000000) [PhysX] Initialized MultithreadedTaskDispatcher with 22 workers.
 -> (artifact id: '7df923ba6ee705e804b2776e1f095f51') in 0.008105 seconds
Refreshing native plugins compatible for Editor in 0.11 ms, found 0 plugins.
Preloading 0 native plugins for Editor in 0.00 ms.
Asset Pipeline Refresh (id=181911896ede6f25da736fccff69b118): Total: 0.015 seconds - Initiated by StopAssetImportingV2(NoUpdateAssetOptions)
Start importing Assets/Local/MjImports/g1_lateral_open_imported/Resources/head_link.stl using Guid(48c9cb5d463b1c609baa557164c3e322) Importer(-1,00000000000000000000000000000000) [PhysX] Initialized MultithreadedTaskDispatcher with 22 workers.
 -> (artifact id: '2ac10a5529ec8e99fb5b654f88b508d8') in 0.008258 seconds
Refreshing native plugins compatible for Editor in 0.07 ms, found 0 plugins.
Preloading 0 native plugins for Editor in 0.00 ms.
Asset Pipeline Refresh (id=580e172e47a6cf0bea5a8291ca665a20): Total: 0.012 seconds - Initiated by StopAssetImportingV2(NoUpdateAssetOptions)
Start importing Assets/Local/MjImports/g1_lateral_open_imported/Resources/waist_support_link.stl using Guid(4493f9c1fc8ef9891a204ab80cfe43f3) Importer(-1,00000000000000000000000000000000) [PhysX] Initialized MultithreadedTaskDispatcher with 22 workers.
 -> (artifact id: '41859ba5a77fea69b70c8c0cf0edd7e1') in 0.006756 seconds
Refreshing native plugins compatible for Editor in 0.07 ms, found 0 plugins.
Preloading 0 native plugins for Editor in 0.00 ms.
Asset Pipeline Refresh (id=d55b69f15e0a7c7568526f762674d523): Total: 0.011 seconds - Initiated by StopAssetImportingV2(NoUpdateAssetOptions)
Start importing Assets/Local/MjImports/g1_lateral_open_imported/Resources/left_shoulder_pitch_link.stl using Guid(243900cc9dfadaf00bcd00aea5adf752) Importer(-1,00000000000000000000000000000000) [PhysX] Initialized MultithreadedTaskDispatcher with 22 workers.
 -> (artifact id: '80c94886832b1422c59f22fa92d1676b') in 0.004294 seconds
Refreshing native plugins compatible for Editor in 0.07 ms, found 0 plugins.
Preloading 0 native plugins for Editor in 0.00 ms.
Asset Pipeline Refresh (id=849826fae38b080369a710373c0abe5a): Total: 0.008 seconds - Initiated by StopAssetImportingV2(NoUpdateAssetOptions)
Start importing Assets/Local/MjImports/g1_lateral_open_imported/Resources/left_shoulder_roll_link.stl using Guid(084fd49f07bfeaed7b9d0ea328a6bf2b) Importer(-1,00000000000000000000000000000000) [PhysX] Initialized MultithreadedTaskDispatcher with 22 workers.
 -> (artifact id: '0b31b6843f57fb1cd7312b1e8d81dcb8') in 0.011529 seconds
Refreshing native plugins compatible for Editor in 0.07 ms, found 0 plugins.
Preloading 0 native plugins for Editor in 0.00 ms.
Asset Pipeline Refresh (id=460020242f66f21eda5e6c46aaa6917e): Total: 0.016 seconds - Initiated by StopAssetImportingV2(NoUpdateAssetOptions)
Start importing Assets/Local/MjImports/g1_lateral_open_imported/Resources/left_shoulder_yaw_link.stl using Guid(2529d1b8cec624e809f90e8367b6e7bb) Importer(-1,00000000000000000000000000000000) [PhysX] Initialized MultithreadedTaskDispatcher with 22 workers.
 -> (artifact id: 'fc8fb68cb39092fbbd653a6e57b387a5') in 0.006392 seconds
Refreshing native plugins compatible for Editor in 0.12 ms, found 0 plugins.
Preloading 0 native plugins for Editor in 0.00 ms.
Asset Pipeline Refresh (id=7b07cba33d00ce6c19bb68e4cb63a2ac): Total: 0.011 seconds - Initiated by StopAssetImportingV2(NoUpdateAssetOptions)
Start importing Assets/Local/MjImports/g1_lateral_open_imported/Resources/left_elbow_link.stl using Guid(07247e0c96cadbd00b467f3d5793d997) Importer(-1,00000000000000000000000000000000) [PhysX] Initialized MultithreadedTaskDispatcher with 22 workers.
 -> (artifact id: '856659917a9c3fe2d971e1f91dd46cc8') in 0.002290 seconds
Refreshing native plugins compatible for Editor in 0.10 ms, found 0 plugins.
Preloading 0 native plugins for Editor in 0.00 ms.
Asset Pipeline Refresh (id=c73861c9ccff6fd8981e740df3c95966): Total: 0.007 seconds - Initiated by StopAssetImportingV2(NoUpdateAssetOptions)
Start importing Assets/Local/MjImports/g1_lateral_open_imported/Resources/left_wrist_roll_link.stl using Guid(3b990de86b7755000b8ce223f944a83f) Importer(-1,00000000000000000000000000000000) [PhysX] Initialized MultithreadedTaskDispatcher with 22 workers.
 -> (artifact id: '2102eda4fa3620fbf1f92b8a93b8c1bc') in 0.008402 seconds
Refreshing native plugins compatible for Editor in 0.07 ms, found 0 plugins.
Preloading 0 native plugins for Editor in 0.00 ms.
Asset Pipeline Refresh (id=5cf4b2ef06326b71e8a5b299e34e6624): Total: 0.012 seconds - Initiated by StopAssetImportingV2(NoUpdateAssetOptions)
Start importing Assets/Local/MjImports/g1_lateral_open_imported/Resources/left_wrist_pitch_link.stl using Guid(9fbec9cd68edda44a86839ed86472921) Importer(-1,00000000000000000000000000000000) [PhysX] Initialized MultithreadedTaskDispatcher with 22 workers.
 -> (artifact id: 'c8147c1ecc4d7e30cffab0b09f6ddb81') in 0.002136 seconds
Refreshing native plugins compatible for Editor in 0.10 ms, found 0 plugins.
Preloading 0 native plugins for Editor in 0.00 ms.
Asset Pipeline Refresh (id=92477273ce22f15418a9094d60b511db): Total: 0.006 seconds - Initiated by StopAssetImportingV2(NoUpdateAssetOptions)
Start importing Assets/Local/MjImports/g1_lateral_open_imported/Resources/left_wrist_yaw_link.stl using Guid(d07540a23c32cc571a3e971a2eaecfda) Importer(-1,00000000000000000000000000000000) [PhysX] Initialized MultithreadedTaskDispatcher with 22 workers.
 -> (artifact id: '4259b93e7e03afce0113f492e5716f29') in 0.009462 seconds
Refreshing native plugins compatible for Editor in 0.13 ms, found 0 plugins.
Preloading 0 native plugins for Editor in 0.00 ms.
Asset Pipeline Refresh (id=394325083c8ef7d9f8d33fa1fee7ef7f): Total: 0.014 seconds - Initiated by StopAssetImportingV2(NoUpdateAssetOptions)
Start importing Assets/Local/MjImports/g1_lateral_open_imported/Resources/left_rubber_hand.stl using Guid(12ee768f57e4d9e1a8dbb6cd84431507) Importer(-1,00000000000000000000000000000000) [PhysX] Initialized MultithreadedTaskDispatcher with 22 workers.
 -> (artifact id: '75e8af574878bea998ed0f0f7826c6ca') in 0.053453 seconds
Refreshing native plugins compatible for Editor in 0.07 ms, found 0 plugins.
Preloading 0 native plugins for Editor in 0.00 ms.
Asset Pipeline Refresh (id=162b70ac513d5685daf706fb8d45caf2): Total: 0.058 seconds - Initiated by StopAssetImportingV2(NoUpdateAssetOptions)
Start importing Assets/Local/MjImports/g1_lateral_open_imported/Resources/right_shoulder_pitch_link.stl using Guid(3b4de04441422b9cda87037eaa3fe4b1) Importer(-1,00000000000000000000000000000000) [PhysX] Initialized MultithreadedTaskDispatcher with 22 workers.
 -> (artifact id: '19ea05799a512d9516c576b412491515') in 0.005297 seconds
Refreshing native plugins compatible for Editor in 0.13 ms, found 0 plugins.
Preloading 0 native plugins for Editor in 0.00 ms.
Asset Pipeline Refresh (id=8f5df55ea8238b4e5905a58417797185): Total: 0.009 seconds - Initiated by StopAssetImportingV2(NoUpdateAssetOptions)
Start importing Assets/Local/MjImports/g1_lateral_open_imported/Resources/right_shoulder_roll_link.stl using Guid(284495dfafe0feb99bd2c35c44e5f90f) Importer(-1,00000000000000000000000000000000) [PhysX] Initialized MultithreadedTaskDispatcher with 22 workers.
 -> (artifact id: 'e585367c498a69a7df15b2313e88f078') in 0.010922 seconds
Refreshing native plugins compatible for Editor in 0.07 ms, found 0 plugins.
Preloading 0 native plugins for Editor in 0.00 ms.
Asset Pipeline Refresh (id=993f8fdd5c04c2475bf6d0b6f4c01e3b): Total: 0.015 seconds - Initiated by StopAssetImportingV2(NoUpdateAssetOptions)
Start importing Assets/Local/MjImports/g1_lateral_open_imported/Resources/right_shoulder_yaw_link.stl using Guid(64d50b9d3438a9ccfb2ade1c10cf5036) Importer(-1,00000000000000000000000000000000) [PhysX] Initialized MultithreadedTaskDispatcher with 22 workers.
 -> (artifact id: '00dd7dee6fa3baea676c3df4b86d5039') in 0.007958 seconds
Refreshing native plugins compatible for Editor in 0.07 ms, found 0 plugins.
Preloading 0 native plugins for Editor in 0.00 ms.
Asset Pipeline Refresh (id=65f797b852b4c148db02a626d7b714f5): Total: 0.012 seconds - Initiated by StopAssetImportingV2(NoUpdateAssetOptions)
Start importing Assets/Local/MjImports/g1_lateral_open_imported/Resources/right_elbow_link.stl using Guid(0017bc0e096623eb9ae1827773d63167) Importer(-1,00000000000000000000000000000000) [PhysX] Initialized MultithreadedTaskDispatcher with 22 workers.
 -> (artifact id: '0d117f8c885f18534c30696edc24514d') in 0.003194 seconds
Refreshing native plugins compatible for Editor in 0.07 ms, found 0 plugins.
Preloading 0 native plugins for Editor in 0.00 ms.
Asset Pipeline Refresh (id=eafd660f233f61080aef5ded4c3ed2e3): Total: 0.007 seconds - Initiated by StopAssetImportingV2(NoUpdateAssetOptions)
Start importing Assets/Local/MjImports/g1_lateral_open_imported/Resources/right_wrist_roll_link.stl using Guid(3c21a801a8ae196cc94b6e027a67037c) Importer(-1,00000000000000000000000000000000) [PhysX] Initialized MultithreadedTaskDispatcher with 22 workers.
 -> (artifact id: 'b8af41ef1517b183af37f42268f6515f') in 0.010516 seconds
Refreshing native plugins compatible for Editor in 0.10 ms, found 0 plugins.
Preloading 0 native plugins for Editor in 0.00 ms.
Asset Pipeline Refresh (id=f128fa9a8c3ec496481802f2021f455a): Total: 0.015 seconds - Initiated by StopAssetImportingV2(NoUpdateAssetOptions)
Start importing Assets/Local/MjImports/g1_lateral_open_imported/Resources/right_wrist_pitch_link.stl using Guid(9b49caa1fa13468c697fd3c8f74f5f52) Importer(-1,00000000000000000000000000000000) [PhysX] Initialized MultithreadedTaskDispatcher with 22 workers.
 -> (artifact id: '1f18642de34bbe094ef0059ac630f27c') in 0.003035 seconds
Refreshing native plugins compatible for Editor in 0.06 ms, found 0 plugins.
Preloading 0 native plugins for Editor in 0.00 ms.
Asset Pipeline Refresh (id=40417b7b2edf91784a09e58ed71ad752): Total: 0.007 seconds - Initiated by StopAssetImportingV2(NoUpdateAssetOptions)
Start importing Assets/Local/MjImports/g1_lateral_open_imported/Resources/right_wrist_yaw_link.stl using Guid(2d3010ff5f24537c991c34fb9a719bb8) Importer(-1,00000000000000000000000000000000) [PhysX] Initialized MultithreadedTaskDispatcher with 22 workers.
 -> (artifact id: '5e6ddd3ca94f7898b7607488ac07f127') in 0.009873 seconds
Refreshing native plugins compatible for Editor in 0.11 ms, found 0 plugins.
Preloading 0 native plugins for Editor in 0.00 ms.
Asset Pipeline Refresh (id=52945938f2638c34e953bf1b25885569): Total: 0.014 seconds - Initiated by StopAssetImportingV2(NoUpdateAssetOptions)
Start importing Assets/Local/MjImports/g1_lateral_open_imported/Resources/right_rubber_hand.stl using Guid(7d150786a532f265b82a1fcf94c3114e) Importer(-1,00000000000000000000000000000000) [PhysX] Initialized MultithreadedTaskDispatcher with 22 workers.
 -> (artifact id: '3ccc5853197fdf43fd59f2a51d73d681') in 0.053140 seconds
Refreshing native plugins compatible for Editor in 0.07 ms, found 0 plugins.
Preloading 0 native plugins for Editor in 0.00 ms.
Asset Pipeline Refresh (id=4ef0dfcc84085ee26bf7fcaea8a57f39): Total: 0.058 seconds - Initiated by StopAssetImportingV2(NoUpdateAssetOptions)
Refreshing native plugins compatible for Editor in 0.06 ms, found 0 plugins.
Preloading 0 native plugins for Editor in 0.00 ms.
Asset Pipeline Refresh (id=cd582bc3583cd32e1a7360f07389eb79): Total: 0.004 seconds - Initiated by StopAssetImportingV2(NoUpdateAssetOptions)
Refreshing native plugins compatible for Editor in 0.10 ms, found 0 plugins.
Preloading 0 native plugins for Editor in 0.00 ms.
Asset Pipeline Refresh (id=bd41466c0b559019c80cf7e927934a75): Total: 0.003 seconds - Initiated by StopAssetImportingV2(NoUpdateAssetOptions)
Refreshing native plugins compatible for Editor in 0.05 ms, found 0 plugins.
Preloading 0 native plugins for Editor in 0.00 ms.
Asset Pipeline Refresh (id=098b70fd74b80aade87d58e84d310bb5): Total: 0.003 seconds - Initiated by StopAssetImportingV2(NoUpdateAssetOptions)
Refreshing native plugins compatible for Editor in 0.09 ms, found 0 plugins.
Preloading 0 native plugins for Editor in 0.00 ms.
Asset Pipeline Refresh (id=5670449834f1afdf9bc2bd157c2f33b8): Total: 0.003 seconds - Initiated by StopAssetImportingV2(NoUpdateAssetOptions)
Refreshing native plugins compatible for Editor in 0.09 ms, found 0 plugins.
Preloading 0 native plugins for Editor in 0.00 ms.
Asset Pipeline Refresh (id=c3dac59d71eeda6b88b1b8f3d2bdda62): Total: 0.003 seconds - Initiated by StopAssetImportingV2(NoUpdateAssetOptions)
Start importing Assets/Local/MjImports/g1_lateral_open_imported/Resources/766760.mat using Guid(56419801d334e7d899477e1793a1c521) Importer(-1,00000000000000000000000000000000) [PhysX] Initialized MultithreadedTaskDispatcher with 22 workers.
 -> (artifact id: 'bff900743f169e52b7cea075929bdbbb') in 0.000560 seconds
Refreshing native plugins compatible for Editor in 0.09 ms, found 0 plugins.
Preloading 0 native plugins for Editor in 0.00 ms.
Asset Pipeline Refresh (id=2e87727b5fc0dc43fbe57e2ac01da3c3): Total: 0.004 seconds - Initiated by StopAssetImportingV2(NoUpdateAssetOptions)
Start importing Assets/Local/MjImports/g1_lateral_open_imported/Resources/683227.mat using Guid(18b0aa84a670f12ddac89ac2e873f3a9) Importer(-1,00000000000000000000000000000000) [PhysX] Initialized MultithreadedTaskDispatcher with 22 workers.
 -> (artifact id: 'ac8e96f4d3c6b4d991bdfe7ee45c6e7c') in 0.000516 seconds
Refreshing native plugins compatible for Editor in 0.08 ms, found 0 plugins.
Preloading 0 native plugins for Editor in 0.00 ms.
Asset Pipeline Refresh (id=90594c7af0d1fd2f5947386a6acf4b79): Total: 0.004 seconds - Initiated by StopAssetImportingV2(NoUpdateAssetOptions)
Start importing Assets/Local/MjImports/g1_lateral_open_imported/Resources/442636.mat using Guid(2d6dfee7b5119b97d8c1c6e3ccf2db41) Importer(-1,00000000000000000000000000000000) [PhysX] Initialized MultithreadedTaskDispatcher with 22 workers.
 -> (artifact id: 'f5043fe32b79cd1940b1f2f07ac84abd') in 0.000498 seconds
Refreshing native plugins compatible for Editor in 0.06 ms, found 0 plugins.
Preloading 0 native plugins for Editor in 0.00 ms.
Asset Pipeline Refresh (id=53989c33f4d7a60a49f44badad8e2c9a): Total: 0.004 seconds - Initiated by StopAssetImportingV2(NoUpdateAssetOptions)
Start importing Assets/Local/MjImports/g1_lateral_open_imported/Resources/444962.mat using Guid(b021d87eb616f00758a7d503a0dea077) Importer(-1,00000000000000000000000000000000) [PhysX] Initialized MultithreadedTaskDispatcher with 22 workers.
 -> (artifact id: '9f94e25032b23471f8cb164980fd33c5') in 0.000564 seconds
Refreshing native plugins compatible for Editor in 0.06 ms, found 0 plugins.
Preloading 0 native plugins for Editor in 0.00 ms.
Asset Pipeline Refresh (id=f3553853aadbcea7e9ae1b85cec8d4c4): Total: 0.009 seconds - Initiated by StopAssetImportingV2(NoUpdateAssetOptions)
Start importing Assets/Local/MjImports/g1_lateral_open_imported/Resources/511711.mat using Guid(f886f6e47bda84c37b6064655699bea4) Importer(-1,00000000000000000000000000000000) [PhysX] Initialized MultithreadedTaskDispatcher with 22 workers.
 -> (artifact id: '401378fc7f21a0863e27f0abd2942a20') in 0.000551 seconds
Refreshing native plugins compatible for Editor in 0.13 ms, found 0 plugins.
Preloading 0 native plugins for Editor in 0.00 ms.
Asset Pipeline Refresh (id=1c7f6f4a8e1a2beeebe954c50fae8cc4): Total: 0.005 seconds - Initiated by StopAssetImportingV2(NoUpdateAssetOptions)
Start importing Assets/Local/MjImports/g1_lateral_open_imported/Resources/904390.mat using Guid(19661cc6517edfe90b87d11c35b7e278) Importer(-1,00000000000000000000000000000000) [PhysX] Initialized MultithreadedTaskDispatcher with 22 workers.
 -> (artifact id: '1df40a75ea7792c858ecdbd196aa111d') in 0.000530 seconds
Refreshing native plugins compatible for Editor in 0.09 ms, found 0 plugins.
Preloading 0 native plugins for Editor in 0.00 ms.
Asset Pipeline Refresh (id=c2fd3cc46fc292a92aed917f7ef5bde6): Total: 0.007 seconds - Initiated by StopAssetImportingV2(NoUpdateAssetOptions)
Start importing Assets/Local/MjImports/g1_lateral_open_imported/Resources/842189.mat using Guid(4c62b791d18f93d188aeacf4273a79ec) Importer(-1,00000000000000000000000000000000) [PhysX] Initialized MultithreadedTaskDispatcher with 22 workers.
 -> (artifact id: 'adf341dcb8e53570807526422a6703ba') in 0.000567 seconds
Refreshing native plugins compatible for Editor in 0.06 ms, found 0 plugins.
Preloading 0 native plugins for Editor in 0.00 ms.
Asset Pipeline Refresh (id=571f60e60697eaa3d8934d7770ea1e4b): Total: 0.004 seconds - Initiated by StopAssetImportingV2(NoUpdateAssetOptions)
Start importing Assets/Local/MjImports/g1_lateral_open_imported/Resources/434070.mat using Guid(68b8e3d4cca0102fd99a09345a9052ff) Importer(-1,00000000000000000000000000000000) [PhysX] Initialized MultithreadedTaskDispatcher with 22 workers.
 -> (artifact id: 'ab2649085e0f3506406416cad3309dc5') in 0.000524 seconds
Refreshing native plugins compatible for Editor in 0.09 ms, found 0 plugins.
Preloading 0 native plugins for Editor in 0.00 ms.
Asset Pipeline Refresh (id=3bf85cd1cddd56e3dafcf9f300a71c31): Total: 0.004 seconds - Initiated by StopAssetImportingV2(NoUpdateAssetOptions)
Start importing Assets/Local/MjImports/g1_lateral_open_imported/Resources/164952.mat using Guid(a5c5dc08605ce7839baf7261d2c230e3) Importer(-1,00000000000000000000000000000000) [PhysX] Initialized MultithreadedTaskDispatcher with 22 workers.
 -> (artifact id: '9b79a653e7101c6c0a033f3dfc1251bd') in 0.000515 seconds
Refreshing native plugins compatible for Editor in 0.06 ms, found 0 plugins.
Preloading 0 native plugins for Editor in 0.00 ms.
Asset Pipeline Refresh (id=af303a4ff887c9f1a9c31932ff2d7d11): Total: 0.004 seconds - Initiated by StopAssetImportingV2(NoUpdateAssetOptions)
Start importing Assets/Local/MjImports/g1_lateral_open_imported/Resources/687843.mat using Guid(9a893a25f8878fb85b4a5b0dd22100e5) Importer(-1,00000000000000000000000000000000) [PhysX] Initialized MultithreadedTaskDispatcher with 22 workers.
 -> (artifact id: '7d57483d7ba329868530c33fc8b996ad') in 0.000506 seconds
Refreshing native plugins compatible for Editor in 0.10 ms, found 0 plugins.
Preloading 0 native plugins for Editor in 0.00 ms.
Asset Pipeline Refresh (id=9ffbd7e294f0512938dec3f2aef4483b): Total: 0.004 seconds - Initiated by StopAssetImportingV2(NoUpdateAssetOptions)
Start importing Assets/Local/MjImports/g1_lateral_open_imported/Resources/400969.mat using Guid(89f12f410bbfa374581783aafd4d0b31) Importer(-1,00000000000000000000000000000000) [PhysX] Initialized MultithreadedTaskDispatcher with 22 workers.
 -> (artifact id: 'ed16d42ce9a51e1b6c9c0396541c60ad') in 0.000514 seconds
Refreshing native plugins compatible for Editor in 0.06 ms, found 0 plugins.
Preloading 0 native plugins for Editor in 0.00 ms.
Asset Pipeline Refresh (id=de8375cbc35bf37d6b2f56a098ba98b5): Total: 0.004 seconds - Initiated by StopAssetImportingV2(NoUpdateAssetOptions)
Start importing Assets/Local/MjImports/g1_lateral_open_imported/Resources/16604.mat using Guid(58050b2bf1c329515a08ab736742927c) Importer(-1,00000000000000000000000000000000) [PhysX] Initialized MultithreadedTaskDispatcher with 22 workers.
 -> (artifact id: '9f8fddbac713bc0ab59c795229de033f') in 0.001037 seconds
Refreshing native plugins compatible for Editor in 0.13 ms, found 0 plugins.
Preloading 0 native plugins for Editor in 0.00 ms.
Asset Pipeline Refresh (id=ab6e73284f7b38f259bf3a1bedb5ac58): Total: 0.006 seconds - Initiated by StopAssetImportingV2(NoUpdateAssetOptions)
Start importing Assets/Local/MjImports/g1_lateral_open_imported/Resources/786175.mat using Guid(f2a646d681befe1baa7828c1dc0cb398) Importer(-1,00000000000000000000000000000000) [PhysX] Initialized MultithreadedTaskDispatcher with 22 workers.
 -> (artifact id: '92962ca280ef058be722623c7cf4a099') in 0.000562 seconds
Refreshing native plugins compatible for Editor in 0.10 ms, found 0 plugins.
Preloading 0 native plugins for Editor in 0.00 ms.
Asset Pipeline Refresh (id=74c32d6938599b459a06c9526ce6a775): Total: 0.004 seconds - Initiated by StopAssetImportingV2(NoUpdateAssetOptions)
Start importing Assets/Local/MjImports/g1_lateral_open_imported/Resources/696378.mat using Guid(0692af17a3f201e9893fdda753b201e7) Importer(-1,00000000000000000000000000000000) [PhysX] Initialized MultithreadedTaskDispatcher with 22 workers.
 -> (artifact id: '4ded9911e537314a519b2a9f6366bbb7') in 0.000797 seconds
Refreshing native plugins compatible for Editor in 0.07 ms, found 0 plugins.
Preloading 0 native plugins for Editor in 0.00 ms.
Asset Pipeline Refresh (id=c8622287ada30a00b9be49e4ee45e594): Total: 0.006 seconds - Initiated by StopAssetImportingV2(NoUpdateAssetOptions)
Start importing Assets/Local/MjImports/g1_lateral_open_imported/Resources/243483.mat using Guid(ecb035deeae53b4d7b601514478459f3) Importer(-1,00000000000000000000000000000000) [PhysX] Initialized MultithreadedTaskDispatcher with 22 workers.
 -> (artifact id: '66ee27c0d7bdeacce6463b3b5ea463f1') in 0.000495 seconds
Refreshing native plugins compatible for Editor in 0.06 ms, found 0 plugins.
Preloading 0 native plugins for Editor in 0.00 ms.
Asset Pipeline Refresh (id=d5f280b7afa24055fb506dcfa7ac2f9d): Total: 0.004 seconds - Initiated by StopAssetImportingV2(NoUpdateAssetOptions)
Start importing Assets/Local/MjImports/g1_lateral_open_imported/Resources/805315.mat using Guid(4228a4e8ffe1c1f679d2b62496975601) Importer(-1,00000000000000000000000000000000) [PhysX] Initialized MultithreadedTaskDispatcher with 22 workers.
 -> (artifact id: '5fb13c2f2e58ae30b0f9067b724b535d') in 0.000501 seconds
Refreshing native plugins compatible for Editor in 0.06 ms, found 0 plugins.
Preloading 0 native plugins for Editor in 0.00 ms.
Asset Pipeline Refresh (id=78bf21b85e9766ac79604244a6590cd5): Total: 0.007 seconds - Initiated by StopAssetImportingV2(NoUpdateAssetOptions)
Start importing Assets/Local/MjImports/g1_lateral_open_imported/Resources/325085.mat using Guid(0ba6e1b28034702a88d75192f2f0b346) Importer(-1,00000000000000000000000000000000) [PhysX] Initialized MultithreadedTaskDispatcher with 22 workers.
 -> (artifact id: '72e356c44b0de637855515b4e8e1cf22') in 0.000517 seconds
Refreshing native plugins compatible for Editor in 0.06 ms, found 0 plugins.
Preloading 0 native plugins for Editor in 0.00 ms.
Asset Pipeline Refresh (id=b56cce3e38771dabc87facfb3043e67f): Total: 0.004 seconds - Initiated by StopAssetImportingV2(NoUpdateAssetOptions)
Start importing Assets/Local/MjImports/g1_lateral_open_imported/Resources/724533.mat using Guid(8ea9c9f0ec7f0dd4d9302d41a3a3ee7f) Importer(-1,00000000000000000000000000000000) [PhysX] Initialized MultithreadedTaskDispatcher with 22 workers.
 -> (artifact id: '990cddfb771e07a59235bf2ea1eb2888') in 0.000505 seconds
Refreshing native plugins compatible for Editor in 0.05 ms, found 0 plugins.
Preloading 0 native plugins for Editor in 0.00 ms.
Asset Pipeline Refresh (id=1fd559db18ea2093ba9b7f844ca1f017): Total: 0.004 seconds - Initiated by StopAssetImportingV2(NoUpdateAssetOptions)
Start importing Assets/Local/MjImports/g1_lateral_open_imported/Resources/107846.mat using Guid(265ab095ba73c7a238eeba162f16e63c) Importer(-1,00000000000000000000000000000000) [PhysX] Initialized MultithreadedTaskDispatcher with 22 workers.
 -> (artifact id: '62becc98d21ec12f4acf6cb938c7cfce') in 0.000517 seconds
Refreshing native plugins compatible for Editor in 0.05 ms, found 0 plugins.
Preloading 0 native plugins for Editor in 0.00 ms.
Asset Pipeline Refresh (id=56078c21b23955c1b8719552379da002): Total: 0.004 seconds - Initiated by StopAssetImportingV2(NoUpdateAssetOptions)
Start importing Assets/Local/MjImports/g1_lateral_open_imported/Resources/657787.mat using Guid(b7f3775c0b77f2cc99f52a9169d74d1b) Importer(-1,00000000000000000000000000000000) [PhysX] Initialized MultithreadedTaskDispatcher with 22 workers.
 -> (artifact id: '16007bceb81fe9ab6bc66306601e70bd') in 0.000497 seconds
Refreshing native plugins compatible for Editor in 0.10 ms, found 0 plugins.
Preloading 0 native plugins for Editor in 0.00 ms.
Asset Pipeline Refresh (id=3fee0be821cf62fffb7027b1a92629ab): Total: 0.004 seconds - Initiated by StopAssetImportingV2(NoUpdateAssetOptions)
Start importing Assets/Local/MjImports/g1_lateral_open_imported/Resources/309435.mat using Guid(686f5e66776821f9fb5b19fe6fad685e) Importer(-1,00000000000000000000000000000000) [PhysX] Initialized MultithreadedTaskDispatcher with 22 workers.
 -> (artifact id: 'fdd7fb42a726d479b508ae3e202553d3') in 0.000508 seconds
Refreshing native plugins compatible for Editor in 0.06 ms, found 0 plugins.
Preloading 0 native plugins for Editor in 0.00 ms.
Asset Pipeline Refresh (id=3dc642840b4bb4d4bbb73c9fb22121f8): Total: 0.004 seconds - Initiated by StopAssetImportingV2(NoUpdateAssetOptions)
Start importing Assets/Local/MjImports/g1_lateral_open_imported/Resources/998267.mat using Guid(f9d1e4bfe5f55bbcb89f9f67e6552df7) Importer(-1,00000000000000000000000000000000) [PhysX] Initialized MultithreadedTaskDispatcher with 22 workers.
 -> (artifact id: 'aa0245a8465f567227bb7d38b18fe9a6') in 0.000509 seconds
Refreshing native plugins compatible for Editor in 0.09 ms, found 0 plugins.
Preloading 0 native plugins for Editor in 0.00 ms.
Asset Pipeline Refresh (id=ae951fde73e6207d6a4c4901c5577189): Total: 0.004 seconds - Initiated by StopAssetImportingV2(NoUpdateAssetOptions)
Start importing Assets/Local/MjImports/g1_lateral_open_imported/Resources/795621.mat using Guid(a40db9338bb2d827cbd73dcbeeec79ff) Importer(-1,00000000000000000000000000000000) [PhysX] Initialized MultithreadedTaskDispatcher with 22 workers.
 -> (artifact id: 'd179a71d82887c1390e253e7215a0bf7') in 0.000515 seconds
Refreshing native plugins compatible for Editor in 0.11 ms, found 0 plugins.
Preloading 0 native plugins for Editor in 0.00 ms.
Asset Pipeline Refresh (id=7da5f3760c9435d2e8a4cdd9c3945666): Total: 0.006 seconds - Initiated by StopAssetImportingV2(NoUpdateAssetOptions)
Start importing Assets/Local/MjImports/g1_lateral_open_imported/Resources/195868.mat using Guid(cb357860e37bbd0be9aebae3215aa784) Importer(-1,00000000000000000000000000000000) [PhysX] Initialized MultithreadedTaskDispatcher with 22 workers.
 -> (artifact id: '5dd5c15c34a1a4db11b66a408fb60f7c') in 0.000535 seconds
Refreshing native plugins compatible for Editor in 0.09 ms, found 0 plugins.
Preloading 0 native plugins for Editor in 0.00 ms.
Asset Pipeline Refresh (id=79b54e1756f5041fdb049d7d01d48271): Total: 0.004 seconds - Initiated by StopAssetImportingV2(NoUpdateAssetOptions)
Start importing Assets/Local/MjImports/g1_lateral_open_imported/Resources/500468.mat using Guid(9fe0c95e9fb20efc9a2f4a01b92b2201) Importer(-1,00000000000000000000000000000000) [PhysX] Initialized MultithreadedTaskDispatcher with 22 workers.
 -> (artifact id: '8376d9e7a63566f90b8fc28647a6f937') in 0.000520 seconds
Refreshing native plugins compatible for Editor in 0.06 ms, found 0 plugins.
Preloading 0 native plugins for Editor in 0.00 ms.
Asset Pipeline Refresh (id=d973c589e4a5ccdafb02adbbb111fe63): Total: 0.004 seconds - Initiated by StopAssetImportingV2(NoUpdateAssetOptions)
Start importing Assets/Local/MjImports/g1_lateral_open_imported/Resources/218092.mat using Guid(50018d10a0169cb8db46884e14d48478) Importer(-1,00000000000000000000000000000000) [PhysX] Initialized MultithreadedTaskDispatcher with 22 workers.
 -> (artifact id: '88bed886bfd1c84befa61ba4639f254e') in 0.000512 seconds
Refreshing native plugins compatible for Editor in 0.16 ms, found 0 plugins.
Preloading 0 native plugins for Editor in 0.00 ms.
Asset Pipeline Refresh (id=7232fcb2f48b43b2abfccbdda33c435d): Total: 0.005 seconds - Initiated by StopAssetImportingV2(NoUpdateAssetOptions)
Start importing Assets/Local/MjImports/g1_lateral_open_imported/Resources/156699.mat using Guid(5fdccbb9a20f972339c1ff31bb7c6304) Importer(-1,00000000000000000000000000000000) [PhysX] Initialized MultithreadedTaskDispatcher with 22 workers.
 -> (artifact id: '2ff64fe7aded16541b40ecf97341b7ea') in 0.000550 seconds
Refreshing native plugins compatible for Editor in 0.09 ms, found 0 plugins.
Preloading 0 native plugins for Editor in 0.00 ms.
Asset Pipeline Refresh (id=75bef3322a4cbba0481889c46f6e6d41): Total: 0.005 seconds - Initiated by StopAssetImportingV2(NoUpdateAssetOptions)
Start importing Assets/Local/MjImports/g1_lateral_open_imported/Resources/325808.mat using Guid(a38c9bfdd8f1507b9b4dd29d99898dcb) Importer(-1,00000000000000000000000000000000) [PhysX] Initialized MultithreadedTaskDispatcher with 22 workers.
 -> (artifact id: 'ffdaaf2677a184330b2f281d5a7ca108') in 0.000520 seconds
Refreshing native plugins compatible for Editor in 0.12 ms, found 0 plugins.
Preloading 0 native plugins for Editor in 0.00 ms.
Asset Pipeline Refresh (id=9d4046bdddffd1655b16780a61a10cc0): Total: 0.004 seconds - Initiated by StopAssetImportingV2(NoUpdateAssetOptions)
Start importing Assets/Local/MjImports/g1_lateral_open_imported/Resources/877581.mat using Guid(4b8c7464bbd2bf999a16b66c37c93f06) Importer(-1,00000000000000000000000000000000) [PhysX] Initialized MultithreadedTaskDispatcher with 22 workers.
 -> (artifact id: '481dcc5ee864c08a0ee3b4cea2df4953') in 0.000542 seconds
Refreshing native plugins compatible for Editor in 0.06 ms, found 0 plugins.
Preloading 0 native plugins for Editor in 0.00 ms.
Asset Pipeline Refresh (id=c4bf34e60849f6ace9c2bd9212619765): Total: 0.004 seconds - Initiated by StopAssetImportingV2(NoUpdateAssetOptions)
Start importing Assets/Local/MjImports/g1_lateral_open_imported/Resources/272120.mat using Guid(e7487ce1731ed32e9a3f5dc6001dccc9) Importer(-1,00000000000000000000000000000000) [PhysX] Initialized MultithreadedTaskDispatcher with 22 workers.
 -> (artifact id: '11a2de1a452e1f4e35b5133c96a6f4f5') in 0.000515 seconds
Refreshing native plugins compatible for Editor in 0.07 ms, found 0 plugins.
Preloading 0 native plugins for Editor in 0.00 ms.
Asset Pipeline Refresh (id=7d116766de7ae2c4fa3ea4aec4870424): Total: 0.004 seconds - Initiated by StopAssetImportingV2(NoUpdateAssetOptions)
Start importing Assets/Local/MjImports/g1_lateral_open_imported/Resources/320011.mat using Guid(157f98059e4233f2089116af4065926b) Importer(-1,00000000000000000000000000000000) [PhysX] Initialized MultithreadedTaskDispatcher with 22 workers.
 -> (artifact id: 'd2753906b98deed6c8bbeb4555e2c249') in 0.000499 seconds
Refreshing native plugins compatible for Editor in 0.05 ms, found 0 plugins.
Preloading 0 native plugins for Editor in 0.00 ms.
Asset Pipeline Refresh (id=2023c70967cb5f4b3af179f8d42d5d76): Total: 0.004 seconds - Initiated by StopAssetImportingV2(NoUpdateAssetOptions)
Start importing Assets/Local/MjImports/g1_lateral_open_imported/Resources/627864.mat using Guid(51ac617b714357418ab3a87137729e6e) Importer(-1,00000000000000000000000000000000) [PhysX] Initialized MultithreadedTaskDispatcher with 22 workers.
 -> (artifact id: '426757fa4f091d093e7bece73118c05e') in 0.000516 seconds
Refreshing native plugins compatible for Editor in 0.06 ms, found 0 plugins.
Preloading 0 native plugins for Editor in 0.00 ms.
Asset Pipeline Refresh (id=1508f642985741c48adcd8bf2f2bf580): Total: 0.004 seconds - Initiated by StopAssetImportingV2(NoUpdateAssetOptions)
Start importing Assets/Local/MjImports/g1_lateral_open_imported/Resources/39929.mat using Guid(5298eaa2d0e296a17a28726d8c103d3f) Importer(-1,00000000000000000000000000000000) [PhysX] Initialized MultithreadedTaskDispatcher with 22 workers.
 -> (artifact id: 'ca9ed1f3e917c73d8532896de06cf1cf') in 0.000514 seconds
Refreshing native plugins compatible for Editor in 0.06 ms, found 0 plugins.
Preloading 0 native plugins for Editor in 0.00 ms.
Asset Pipeline Refresh (id=92f52108862625e77a97a5ea1501bc1a): Total: 0.004 seconds - Initiated by StopAssetImportingV2(NoUpdateAssetOptions)
Start importing Assets/Local/MjImports/g1_lateral_open_imported/Resources/862424.mat using Guid(af83cd7f88677eb69bd3aeec40b33eeb) Importer(-1,00000000000000000000000000000000) [PhysX] Initialized MultithreadedTaskDispatcher with 22 workers.
 -> (artifact id: 'f25b36c5220866d150abfab062baa5b5') in 0.000500 seconds
Refreshing native plugins compatible for Editor in 0.06 ms, found 0 plugins.
Preloading 0 native plugins for Editor in 0.00 ms.
Asset Pipeline Refresh (id=11de32e1b5f902b818c49866bbddd9dc): Total: 0.004 seconds - Initiated by StopAssetImportingV2(NoUpdateAssetOptions)
Start importing Assets/Local/MjImports/g1_lateral_open_imported/Resources/166214.mat using Guid(f56ff23f31290e5fcbdab8a59b13b9b8) Importer(-1,00000000000000000000000000000000) [PhysX] Initialized MultithreadedTaskDispatcher with 22 workers.
 -> (artifact id: '6c14fe746d2348e9c06dac58a534c5eb') in 0.000519 seconds
Refreshing native plugins compatible for Editor in 0.06 ms, found 0 plugins.
Preloading 0 native plugins for Editor in 0.00 ms.
Asset Pipeline Refresh (id=bf6e8e1f4e9e00951ac9aabe5d92abc2): Total: 0.004 seconds - Initiated by StopAssetImportingV2(NoUpdateAssetOptions)
Start importing Assets/Local/MjImports/g1_lateral_open_imported/Resources/260036.mat using Guid(cec5568f8a23d8d37bea8f16ca8f1cef) Importer(-1,00000000000000000000000000000000) [PhysX] Initialized MultithreadedTaskDispatcher with 22 workers.
 -> (artifact id: 'ba3e250e60d7df596c42b73068bae99e') in 0.000547 seconds
Refreshing native plugins compatible for Editor in 0.10 ms, found 0 plugins.
Preloading 0 native plugins for Editor in 0.00 ms.
Asset Pipeline Refresh (id=1010ffb84cc240a148ffb934a8831974): Total: 0.005 seconds - Initiated by StopAssetImportingV2(NoUpdateAssetOptions)
Start importing Assets/Local/MjImports/g1_lateral_open_imported/Resources/770849.mat using Guid(1f78aeaf40872f8d1ad5ad3ef78fe198) Importer(-1,00000000000000000000000000000000) [PhysX] Initialized MultithreadedTaskDispatcher with 22 workers.
 -> (artifact id: 'c76c631d768c98c6e252ee68c84bb1f3') in 0.000508 seconds
Refreshing native plugins compatible for Editor in 0.09 ms, found 0 plugins.
Preloading 0 native plugins for Editor in 0.00 ms.
Asset Pipeline Refresh (id=f093d4d29750733a2a0923f33153243c): Total: 0.004 seconds - Initiated by StopAssetImportingV2(NoUpdateAssetOptions)
Start importing Assets/Local/MjImports/g1_lateral_open_imported/Resources/694530.mat using Guid(9ba09b41b9f5b0666ad16afdd153f075) Importer(-1,00000000000000000000000000000000) [PhysX] Initialized MultithreadedTaskDispatcher with 22 workers.
 -> (artifact id: '4b45e9b08413a36139120576a9df6798') in 0.000514 seconds
Refreshing native plugins compatible for Editor in 0.06 ms, found 0 plugins.
Preloading 0 native plugins for Editor in 0.00 ms.
Asset Pipeline Refresh (id=6f3ef1509300871119824f9f3cb3a147): Total: 0.004 seconds - Initiated by StopAssetImportingV2(NoUpdateAssetOptions)
Start importing Assets/Local/MjImports/g1_lateral_open_imported/Resources/844487.mat using Guid(79df71446991eb0caaffff7ccca96a54) Importer(-1,00000000000000000000000000000000) [PhysX] Initialized MultithreadedTaskDispatcher with 22 workers.
 -> (artifact id: '2cbcf593edf6b3a604b4e4c21146467d') in 0.000516 seconds
Refreshing native plugins compatible for Editor in 0.12 ms, found 0 plugins.
Preloading 0 native plugins for Editor in 0.00 ms.
Asset Pipeline Refresh (id=891659843266ad1ea9ae4a595ba714c9): Total: 0.004 seconds - Initiated by StopAssetImportingV2(NoUpdateAssetOptions)
Start importing Assets/Local/MjImports/g1_lateral_open_imported/Resources/231548.mat using Guid(d5a8ad112fb516d6abc0209d4444e3e4) Importer(-1,00000000000000000000000000000000) [PhysX] Initialized MultithreadedTaskDispatcher with 22 workers.
 -> (artifact id: 'e08e99197a5e6ad10e053628a2139488') in 0.000520 seconds
Refreshing native plugins compatible for Editor in 0.06 ms, found 0 plugins.
Preloading 0 native plugins for Editor in 0.00 ms.
Asset Pipeline Refresh (id=7530cff88dc33f53b93b9d331e4080a8): Total: 0.004 seconds - Initiated by StopAssetImportingV2(NoUpdateAssetOptions)
Start importing Assets/Local/MjImports/g1_lateral_open_imported/Resources/78569.mat using Guid(ea7385722bd520206800d6f3bf59d5df) Importer(-1,00000000000000000000000000000000) [PhysX] Initialized MultithreadedTaskDispatcher with 22 workers.
 -> (artifact id: '35bc6eed5ef480aa16bccd364498c136') in 0.000515 seconds
Refreshing native plugins compatible for Editor in 0.06 ms, found 0 plugins.
Preloading 0 native plugins for Editor in 0.00 ms.
Asset Pipeline Refresh (id=c331987a10a8664af8784d22e644828a): Total: 0.004 seconds - Initiated by StopAssetImportingV2(NoUpdateAssetOptions)
Start importing Assets/Local/MjImports/g1_lateral_open_imported/Resources/475712.mat using Guid(69a1e49d8e6514272849fe11d92d0788) Importer(-1,00000000000000000000000000000000) [PhysX] Initialized MultithreadedTaskDispatcher with 22 workers.
 -> (artifact id: 'c84e8978ec3338f595b51f2b5483e0e1') in 0.000523 seconds
Refreshing native plugins compatible for Editor in 0.06 ms, found 0 plugins.
Preloading 0 native plugins for Editor in 0.00 ms.
Asset Pipeline Refresh (id=81951e40220f6a533b46dbf535ed5dd6): Total: 0.004 seconds - Initiated by StopAssetImportingV2(NoUpdateAssetOptions)
Start importing Assets/Local/MjImports/g1_lateral_open_imported/Resources/369446.mat using Guid(64347b72bf6a85252a7739ce6c84f0d9) Importer(-1,00000000000000000000000000000000) [PhysX] Initialized MultithreadedTaskDispatcher with 22 workers.
 -> (artifact id: '9b90bfd7e01390e68d49d12fff6f30bb') in 0.000767 seconds
Refreshing native plugins compatible for Editor in 0.10 ms, found 0 plugins.
Preloading 0 native plugins for Editor in 0.00 ms.
Asset Pipeline Refresh (id=1a0ebdbfe1a81105494d6e6582c0446c): Total: 0.006 seconds - Initiated by StopAssetImportingV2(NoUpdateAssetOptions)
Start importing Assets/Local/MjImports/g1_lateral_open_imported/Resources/875223.mat using Guid(d3c8f7381d60a29b488b156293bf3602) Importer(-1,00000000000000000000000000000000) [PhysX] Initialized MultithreadedTaskDispatcher with 22 workers.
 -> (artifact id: '5b03b4e100b202284c7c937648f0679d') in 0.000586 seconds
Refreshing native plugins compatible for Editor in 0.06 ms, found 0 plugins.
Preloading 0 native plugins for Editor in 0.00 ms.
Asset Pipeline Refresh (id=2a3482960dbd7376eaf939205c514f47): Total: 0.005 seconds - Initiated by StopAssetImportingV2(NoUpdateAssetOptions)
Start importing Assets/Local/MjImports/g1_lateral_open_imported/Resources/356190.mat using Guid(0d4fa3d03283dfbb687c368255c36646) Importer(-1,00000000000000000000000000000000) [PhysX] Initialized MultithreadedTaskDispatcher with 22 workers.
 -> (artifact id: 'bde05b288032d29bc06e0f531697fd4c') in 0.000513 seconds
Refreshing native plugins compatible for Editor in 0.12 ms, found 0 plugins.
Preloading 0 native plugins for Editor in 0.00 ms.
Asset Pipeline Refresh (id=4fba9a738bd70eda4bf241c602bc0b07): Total: 0.005 seconds - Initiated by StopAssetImportingV2(NoUpdateAssetOptions)
Start importing Assets/Local/MjImports/g1_lateral_open_imported/Resources/484244.mat using Guid(f3a9655098269b9c3ac2db398a91643a) Importer(-1,00000000000000000000000000000000) [PhysX] Initialized MultithreadedTaskDispatcher with 22 workers.
 -> (artifact id: '65a55579c15e415868b63297f2ff0260') in 0.000517 seconds
Refreshing native plugins compatible for Editor in 0.12 ms, found 0 plugins.
Preloading 0 native plugins for Editor in 0.00 ms.
Asset Pipeline Refresh (id=37370cc66772f978e921b712b39ff22d): Total: 0.005 seconds - Initiated by StopAssetImportingV2(NoUpdateAssetOptions)
Start importing Assets/Local/MjImports/g1_lateral_open_imported/Resources/539194.mat using Guid(9442b3e18952625aa809ca6343fffabb) Importer(-1,00000000000000000000000000000000) [PhysX] Initialized MultithreadedTaskDispatcher with 22 workers.
 -> (artifact id: 'c517bc57d159cda4009b2f222a3f36c8') in 0.000529 seconds
Refreshing native plugins compatible for Editor in 0.06 ms, found 0 plugins.
Preloading 0 native plugins for Editor in 0.00 ms.
Asset Pipeline Refresh (id=0eebd6e8f796dfd1881383b084edac94): Total: 0.004 seconds - Initiated by StopAssetImportingV2(NoUpdateAssetOptions)
Start importing Assets/Local/MjImports/g1_lateral_open_imported/Resources/888708.mat using Guid(7a8dd171ddb4e2ec89e45d5890814558) Importer(-1,00000000000000000000000000000000) [PhysX] Initialized MultithreadedTaskDispatcher with 22 workers.
 -> (artifact id: 'f16f8cfd7e82ddbe7c1ea2ee3918057b') in 0.000516 seconds
Refreshing native plugins compatible for Editor in 0.06 ms, found 0 plugins.
Preloading 0 native plugins for Editor in 0.00 ms.
Asset Pipeline Refresh (id=e4bf3af12ed65701881ebc15b4832abb): Total: 0.004 seconds - Initiated by StopAssetImportingV2(NoUpdateAssetOptions)
Start importing Assets/Local/MjImports/g1_lateral_open_imported/Resources/798317.mat using Guid(3c087d125b0e1ac2e99c5fc10f8e987b) Importer(-1,00000000000000000000000000000000) [PhysX] Initialized MultithreadedTaskDispatcher with 22 workers.
 -> (artifact id: '54bdb5a929ea904bb2b1f98f59e47744') in 0.000516 seconds
Refreshing native plugins compatible for Editor in 0.11 ms, found 0 plugins.
Preloading 0 native plugins for Editor in 0.00 ms.
Asset Pipeline Refresh (id=3de77044a0569af50938eeaaa6bfd521): Total: 0.005 seconds - Initiated by StopAssetImportingV2(NoUpdateAssetOptions)
Start importing Assets/Local/MjImports/g1_lateral_open_imported/Resources/979485.mat using Guid(fc17ef07d841371d6bb54b1e898919c8) Importer(-1,00000000000000000000000000000000) [PhysX] Initialized MultithreadedTaskDispatcher with 22 workers.
 -> (artifact id: '2c36f47978418d10ecedc11c0b220295') in 0.000533 seconds
Refreshing native plugins compatible for Editor in 0.06 ms, found 0 plugins.
Preloading 0 native plugins for Editor in 0.00 ms.
Asset Pipeline Refresh (id=50fa97d19a457f9ba89601a3277a1611): Total: 0.004 seconds - Initiated by StopAssetImportingV2(NoUpdateAssetOptions)
Start importing Assets/Local/MjImports/g1_lateral_open_imported/Resources/820511.mat using Guid(00ff20bfa61902005872c03b1c4270e1) Importer(-1,00000000000000000000000000000000) [PhysX] Initialized MultithreadedTaskDispatcher with 22 workers.
 -> (artifact id: '2573f0f637925dcf54962f0e1159afd5') in 0.000511 seconds
Refreshing native plugins compatible for Editor in 0.09 ms, found 0 plugins.
Preloading 0 native plugins for Editor in 0.00 ms.
Asset Pipeline Refresh (id=baca12876534b2c78bbba0b8de9217b6): Total: 0.004 seconds - Initiated by StopAssetImportingV2(NoUpdateAssetOptions)
Start importing Assets/Local/MjImports/g1_lateral_open_imported/Resources/970790.mat using Guid(a3b333116be3b890fa0da96bb6729448) Importer(-1,00000000000000000000000000000000) [PhysX] Initialized MultithreadedTaskDispatcher with 22 workers.
 -> (artifact id: '8e3f47698aa86e43f725bbeee4095368') in 0.000507 seconds
Refreshing native plugins compatible for Editor in 0.05 ms, found 0 plugins.
Preloading 0 native plugins for Editor in 0.00 ms.
Asset Pipeline Refresh (id=7795804afc3c346dfba5e092f65ed93e): Total: 0.004 seconds - Initiated by StopAssetImportingV2(NoUpdateAssetOptions)
Start importing Assets/Local/MjImports/g1_lateral_open_imported/Resources/987265.mat using Guid(5111b125d3c3e3383b0044f4aff31e84) Importer(-1,00000000000000000000000000000000) [PhysX] Initialized MultithreadedTaskDispatcher with 22 workers.
 -> (artifact id: '830debd7317aab6a5b9e3722e22dea6f') in 0.000526 seconds
Refreshing native plugins compatible for Editor in 0.05 ms, found 0 plugins.
Preloading 0 native plugins for Editor in 0.00 ms.
Asset Pipeline Refresh (id=5ad6e3c913bbc04878ce0759edb8aba3): Total: 0.004 seconds - Initiated by StopAssetImportingV2(NoUpdateAssetOptions)
Start importing Assets/Local/MjImports/g1_lateral_open_imported/Resources/479593.mat using Guid(901d228e3cecf0a49ae5de8d397eccac) Importer(-1,00000000000000000000000000000000) [PhysX] Initialized MultithreadedTaskDispatcher with 22 workers.
 -> (artifact id: '380b612664947529e7d04b153f1b2b04') in 0.000506 seconds
Refreshing native plugins compatible for Editor in 0.10 ms, found 0 plugins.
Preloading 0 native plugins for Editor in 0.00 ms.
Asset Pipeline Refresh (id=93d102de5c778764393ed1f1bcd69a70): Total: 0.004 seconds - Initiated by StopAssetImportingV2(NoUpdateAssetOptions)
Start importing Assets/Local/MjImports/g1_lateral_open_imported/Resources/964663.mat using Guid(aa2a6eb07fce88685b9725cc87cdef11) Importer(-1,00000000000000000000000000000000) [PhysX] Initialized MultithreadedTaskDispatcher with 22 workers.
 -> (artifact id: 'c651514f2f3bb14da9eca3082785b24d') in 0.000510 seconds
Refreshing native plugins compatible for Editor in 0.06 ms, found 0 plugins.
Preloading 0 native plugins for Editor in 0.00 ms.
Asset Pipeline Refresh (id=e11cf57ee1b7d42e2b5ef5aacadda35d): Total: 0.004 seconds - Initiated by StopAssetImportingV2(NoUpdateAssetOptions)
Start importing Assets/Local/MjImports/g1_lateral_open_imported/Resources/327723.mat using Guid(b70650359695205f99257d675da77c4f) Importer(-1,00000000000000000000000000000000) [PhysX] Initialized MultithreadedTaskDispatcher with 22 workers.
 -> (artifact id: 'a4df25b3d1892e3ac365e64587cb3d2f') in 0.000539 seconds
Refreshing native plugins compatible for Editor in 0.12 ms, found 0 plugins.
Preloading 0 native plugins for Editor in 0.00 ms.
Asset Pipeline Refresh (id=8cad9ea2fe8c639fe90b77894d25e60c): Total: 0.005 seconds - Initiated by StopAssetImportingV2(NoUpdateAssetOptions)
Start importing Assets/Local/MjImports/g1_lateral_open_imported/Resources/500659.mat using Guid(43bcfe62c701c76ffa2dddd1b661cd9d) Importer(-1,00000000000000000000000000000000) [PhysX] Initialized MultithreadedTaskDispatcher with 22 workers.
 -> (artifact id: '35730126a16b442b8239b0a7e1cd9147') in 0.000510 seconds
Refreshing native plugins compatible for Editor in 0.08 ms, found 0 plugins.
Preloading 0 native plugins for Editor in 0.00 ms.
Asset Pipeline Refresh (id=3f3039a43eb4c7300b6338660991fcb8): Total: 0.005 seconds - Initiated by StopAssetImportingV2(NoUpdateAssetOptions)
Start importing Assets/Local/MjImports/g1_lateral_open_imported/Resources/824135.mat using Guid(5ebc8a3700a6d2b90aa3554e0e49c984) Importer(-1,00000000000000000000000000000000) [PhysX] Initialized MultithreadedTaskDispatcher with 22 workers.
 -> (artifact id: 'bfa1e12156ef7f23e634a26c5a8b8989') in 0.000549 seconds
Refreshing native plugins compatible for Editor in 0.10 ms, found 0 plugins.
Preloading 0 native plugins for Editor in 0.00 ms.
Asset Pipeline Refresh (id=620b115e187ca54f48d85a5c6c2e765e): Total: 0.005 seconds - Initiated by StopAssetImportingV2(NoUpdateAssetOptions)
Start importing Assets/Local/MjImports/g1_lateral_open_imported/Resources/633471.mat using Guid(511ea13be929ed7e497fbc1226361ae8) Importer(-1,00000000000000000000000000000000) [PhysX] Initialized MultithreadedTaskDispatcher with 22 workers.
 -> (artifact id: '4462b2ec9157842a14f47963c98f9fa7') in 0.000525 seconds
Refreshing native plugins compatible for Editor in 0.09 ms, found 0 plugins.
Preloading 0 native plugins for Editor in 0.00 ms.
Asset Pipeline Refresh (id=b1f177155050298deb376b641f73913a): Total: 0.005 seconds - Initiated by StopAssetImportingV2(NoUpdateAssetOptions)
Start importing Assets/Local/MjImports/g1_lateral_open_imported/Resources/933386.mat using Guid(4ad5d77b8c444b04ab5d862aef319a08) Importer(-1,00000000000000000000000000000000) [PhysX] Initialized MultithreadedTaskDispatcher with 22 workers.
 -> (artifact id: 'ea6a8a5241f0364bb2d554e1df0b7bfb') in 0.000515 seconds
Refreshing native plugins compatible for Editor in 0.07 ms, found 0 plugins.
Preloading 0 native plugins for Editor in 0.00 ms.
Asset Pipeline Refresh (id=1010629e481e4b573a437d31526770b4): Total: 0.005 seconds - Initiated by StopAssetImportingV2(NoUpdateAssetOptions)
Start importing Assets/Local/MjImports/g1_lateral_open_imported/Resources/60704.mat using Guid(8f8641bbcf9c956c1b0f07dab16a4973) Importer(-1,00000000000000000000000000000000) [PhysX] Initialized MultithreadedTaskDispatcher with 22 workers.
 -> (artifact id: '5d35a6f42cf84a0b29c70f240593f0d7') in 0.000526 seconds
Refreshing native plugins compatible for Editor in 0.06 ms, found 0 plugins.
Preloading 0 native plugins for Editor in 0.00 ms.
Asset Pipeline Refresh (id=f67b9fa4e7aa816658319bca700b4d24): Total: 0.005 seconds - Initiated by StopAssetImportingV2(NoUpdateAssetOptions)
Start importing Assets/Local/MjImports/g1_lateral_open_imported/Resources/582115.mat using Guid(b9b98d577bc5bab6cb1c29452d5c8331) Importer(-1,00000000000000000000000000000000) [PhysX] Initialized MultithreadedTaskDispatcher with 22 workers.
 -> (artifact id: '4374da0465f098c87d199d40cb1e69fc') in 0.000522 seconds
Refreshing native plugins compatible for Editor in 0.06 ms, found 0 plugins.
Preloading 0 native plugins for Editor in 0.00 ms.
Asset Pipeline Refresh (id=6fbaa2a4a95e92847a31f355351b8678): Total: 0.004 seconds - Initiated by StopAssetImportingV2(NoUpdateAssetOptions)
Start importing Assets/Local/MjImports/g1_lateral_open_imported/Resources/340411.mat using Guid(9d33adb20ad3148fe98a2d43b3a0f15e) Importer(-1,00000000000000000000000000000000) [PhysX] Initialized MultithreadedTaskDispatcher with 22 workers.
 -> (artifact id: 'a079479730c140cc84ecda0e28d78b48') in 0.000498 seconds
Refreshing native plugins compatible for Editor in 0.08 ms, found 0 plugins.
Preloading 0 native plugins for Editor in 0.00 ms.
Asset Pipeline Refresh (id=a42e660463b6b4f4da756df5027813ec): Total: 0.005 seconds - Initiated by StopAssetImportingV2(NoUpdateAssetOptions)
Start importing Assets/Local/MjImports/g1_lateral_open_imported/Resources/457892.mat using Guid(bb6e0a3911a57630aa41918daf281971) Importer(-1,00000000000000000000000000000000) [PhysX] Initialized MultithreadedTaskDispatcher with 22 workers.
 -> (artifact id: '0aefe7fde3c2104fd425a0dc1f47f09d') in 0.000513 seconds
Refreshing native plugins compatible for Editor in 0.11 ms, found 0 plugins.
Preloading 0 native plugins for Editor in 0.00 ms.
Asset Pipeline Refresh (id=41df5633afaa2cb7ea683c465da85ae0): Total: 0.005 seconds - Initiated by StopAssetImportingV2(NoUpdateAssetOptions)
Start importing Assets/Local/MjImports/g1_lateral_open_imported/Resources/579834.mat using Guid(c119c5822a0dd64498a9fea4b7f96252) Importer(-1,00000000000000000000000000000000) [PhysX] Initialized MultithreadedTaskDispatcher with 22 workers.
 -> (artifact id: 'c1a548f48e82a3451e0161651665006e') in 0.000513 seconds
Refreshing native plugins compatible for Editor in 0.09 ms, found 0 plugins.
Preloading 0 native plugins for Editor in 0.00 ms.
Asset Pipeline Refresh (id=a0108ecf3de086fd98665359e8b75faa): Total: 0.005 seconds - Initiated by StopAssetImportingV2(NoUpdateAssetOptions)
Start importing Assets/Local/MjImports/g1_lateral_open_imported/Resources/548644.mat using Guid(f9be5f8e8ab017c6d9f4760d96fb6467) Importer(-1,00000000000000000000000000000000) [PhysX] Initialized MultithreadedTaskDispatcher with 22 workers.
 -> (artifact id: 'e7a6aa3644f171d74680d509038462d0') in 0.000509 seconds
Refreshing native plugins compatible for Editor in 0.09 ms, found 0 plugins.
Preloading 0 native plugins for Editor in 0.00 ms.
Asset Pipeline Refresh (id=28e1ded067a9c0bdc95cf4a7f16382a6): Total: 0.005 seconds - Initiated by StopAssetImportingV2(NoUpdateAssetOptions)
Start importing Assets/Local/MjImports/g1_lateral_open_imported/Resources/22466.mat using Guid(4a7e29c6f7a1fff9382098f63560d49f) Importer(-1,00000000000000000000000000000000) [PhysX] Initialized MultithreadedTaskDispatcher with 22 workers.
 -> (artifact id: '2bb18ade086423aff690f4aaf8e1c240') in 0.000511 seconds
Refreshing native plugins compatible for Editor in 0.09 ms, found 0 plugins.
Preloading 0 native plugins for Editor in 0.00 ms.
Asset Pipeline Refresh (id=42bea5a1f23c60aeb812a49cfbc024c0): Total: 0.005 seconds - Initiated by StopAssetImportingV2(NoUpdateAssetOptions)
Start importing Assets/Local/MjImports/g1_lateral_open_imported/Resources/722991.mat using Guid(dc58a26e190d56f7889ea322a3c44317) Importer(-1,00000000000000000000000000000000) [PhysX] Initialized MultithreadedTaskDispatcher with 22 workers.
 -> (artifact id: '973e265ce4dbd47f2d3cadc096cc1866') in 0.000507 seconds
Refreshing native plugins compatible for Editor in 0.11 ms, found 0 plugins.
Preloading 0 native plugins for Editor in 0.00 ms.
Asset Pipeline Refresh (id=306883263eecc506f998b399ad835158): Total: 0.005 seconds - Initiated by StopAssetImportingV2(NoUpdateAssetOptions)
Start importing Assets/Local/MjImports/g1_lateral_open_imported/Resources/719558.mat using Guid(3cc9a21856e755b50a0631d38c1ba311) Importer(-1,00000000000000000000000000000000) [PhysX] Initialized MultithreadedTaskDispatcher with 22 workers.
 -> (artifact id: 'f391f0b11780bba4b5e298448f64ee47') in 0.000513 seconds
Refreshing native plugins compatible for Editor in 0.11 ms, found 0 plugins.
Preloading 0 native plugins for Editor in 0.00 ms.
Asset Pipeline Refresh (id=5fb709d83bc61e115ba5788a1afec675): Total: 0.005 seconds - Initiated by StopAssetImportingV2(NoUpdateAssetOptions)
Start importing Assets/Local/MjImports/g1_lateral_open_imported/Resources/642012.mat using Guid(8e67d9a6b9b95819596c589f6aeb37a8) Importer(-1,00000000000000000000000000000000) [PhysX] Initialized MultithreadedTaskDispatcher with 22 workers.
 -> (artifact id: 'e2bf705b5f0701e945c14f4d870a714c') in 0.000521 seconds
Refreshing native plugins compatible for Editor in 0.06 ms, found 0 plugins.
Preloading 0 native plugins for Editor in 0.00 ms.
Asset Pipeline Refresh (id=6492448bbd64f6be6b52a89589df1447): Total: 0.005 seconds - Initiated by StopAssetImportingV2(NoUpdateAssetOptions)
Start importing Assets/Local/MjImports/g1_lateral_open_imported/Resources/898893.mat using Guid(e34f1b9fc36453e69ae0e2ef8cd50734) Importer(-1,00000000000000000000000000000000) [PhysX] Initialized MultithreadedTaskDispatcher with 22 workers.
 -> (artifact id: '2e5a565a79ae11d2c07292df62f0395d') in 0.000535 seconds
Refreshing native plugins compatible for Editor in 0.10 ms, found 0 plugins.
Preloading 0 native plugins for Editor in 0.00 ms.
Asset Pipeline Refresh (id=270c7c93b29fa7f7d9e9a2f2039e9724): Total: 0.005 seconds - Initiated by StopAssetImportingV2(NoUpdateAssetOptions)
Start importing Assets/Local/MjImports/g1_lateral_open_imported/Resources/586245.mat using Guid(fafc7c122d60c47f0bfa9e9e6ffedf72) Importer(-1,00000000000000000000000000000000) [PhysX] Initialized MultithreadedTaskDispatcher with 22 workers.
 -> (artifact id: '964e8fd1aa60d3c5da3895dedd38ed96') in 0.000516 seconds
Refreshing native plugins compatible for Editor in 0.11 ms, found 0 plugins.
Preloading 0 native plugins for Editor in 0.00 ms.
Asset Pipeline Refresh (id=8e1685c30c4408b3c94ca3d1ad8f2b5a): Total: 0.005 seconds - Initiated by StopAssetImportingV2(NoUpdateAssetOptions)
Start importing Assets/Local/MjImports/g1_lateral_open_imported/Resources/49557.mat using Guid(86afe8d8f058fb2e19db29a7bbc23d55) Importer(-1,00000000000000000000000000000000) [PhysX] Initialized MultithreadedTaskDispatcher with 22 workers.
 -> (artifact id: 'effe4af23bce21a29bcf8f3e2330ded5') in 0.000602 seconds
Refreshing native plugins compatible for Editor in 0.11 ms, found 0 plugins.
Preloading 0 native plugins for Editor in 0.00 ms.
Asset Pipeline Refresh (id=e1b956b9b754237ca886d7ef98d2a19d): Total: 0.005 seconds - Initiated by StopAssetImportingV2(NoUpdateAssetOptions)
The importer does not yet support tags <light>.
UnityEngine.StackTraceUtility:ExtractStackTrace () (at /home/bokken/build/output/unity/unity/Runtime/Export/Scripting/StackTrace.cs:37)
UnityEngine.DebugLogHandler:LogFormat (UnityEngine.LogType,UnityEngine.Object,string,object[])
UnityEngine.Logger:Log (UnityEngine.LogType,object)
UnityEngine.Debug:Log (object)
Mujoco.MjcfImporter:ParseBodyChild (System.Xml.XmlElement,UnityEngine.GameObject) (at ./Library/PackageCache/org.mujoco@72cb2b210d/Runtime/Importer/MjcfImporter.cs:293)
Mujoco.MjcfImporter:ParseBodyChildren (UnityEngine.GameObject,System.Xml.XmlElement) (at ./Library/PackageCache/org.mujoco@72cb2b210d/Runtime/Importer/MjcfImporter.cs:237)
Mujoco.MjcfImporter:ParseRoot (UnityEngine.GameObject,System.Xml.XmlElement) (at ./Library/PackageCache/org.mujoco@72cb2b210d/Runtime/Importer/MjcfImporter.cs:147)
Mujoco.MjImporterWithAssets:ParseRoot (UnityEngine.GameObject,System.Xml.XmlElement) (at ./Library/PackageCache/org.mujoco@72cb2b210d/Editor/Importer/MjImporterWithAssets.cs:91)
Mujoco.MjcfImporter:ImportXml (System.Xml.XmlDocument,string) (at ./Library/PackageCache/org.mujoco@72cb2b210d/Runtime/Importer/MjcfImporter.cs:100)
Mujoco.MjImporterWithAssets:ImportString (string,string,string) (at ./Library/PackageCache/org.mujoco@72cb2b210d/Editor/Importer/MjImporterWithAssets.cs:75)
Asimov.UnityMujoco.Editor.MjcfEpisodeSceneGenerator:ImportExpandedEpisodeScene (Asimov.UnityMujoco.EpisodeConfig,string) (at Assets/AsimovMujoco/Editor/MjcfEpisodeSceneGenerator.cs:128)
Asimov.UnityMujoco.Editor.MjcfEpisodeSceneGenerator:ImportEpisodeScene (Asimov.UnityMujoco.EpisodeConfig) (at Assets/AsimovMujoco/Editor/MjcfEpisodeSceneGenerator.cs:96)
Asimov.UnityMujoco.Editor.MjcfEpisodeSceneGenerator:ImportAllEpisodeScenes () (at Assets/AsimovMujoco/Editor/MjcfEpisodeSceneGenerator.cs:56)
Asimov.UnityMujoco.Editor.MjcfEpisodeSceneGenerator:BootstrapProject () (at Assets/AsimovMujoco/Editor/MjcfEpisodeSceneGenerator.cs:29)

(Filename: ./Library/PackageCache/org.mujoco@72cb2b210d/Runtime/Importer/MjcfImporter.cs Line: 293)

The importer does not yet support tags <light>.
UnityEngine.StackTraceUtility:ExtractStackTrace () (at /home/bokken/build/output/unity/unity/Runtime/Export/Scripting/StackTrace.cs:37)
UnityEngine.DebugLogHandler:LogFormat (UnityEngine.LogType,UnityEngine.Object,string,object[])
UnityEngine.Logger:Log (UnityEngine.LogType,object)
UnityEngine.Debug:Log (object)
Mujoco.MjcfImporter:ParseBodyChild (System.Xml.XmlElement,UnityEngine.GameObject) (at ./Library/PackageCache/org.mujoco@72cb2b210d/Runtime/Importer/MjcfImporter.cs:293)
Mujoco.MjcfImporter:ParseBodyChildren (UnityEngine.GameObject,System.Xml.XmlElement) (at ./Library/PackageCache/org.mujoco@72cb2b210d/Runtime/Importer/MjcfImporter.cs:237)
Mujoco.MjcfImporter:ParseRoot (UnityEngine.GameObject,System.Xml.XmlElement) (at ./Library/PackageCache/org.mujoco@72cb2b210d/Runtime/Importer/MjcfImporter.cs:147)
Mujoco.MjImporterWithAssets:ParseRoot (UnityEngine.GameObject,System.Xml.XmlElement) (at ./Library/PackageCache/org.mujoco@72cb2b210d/Editor/Importer/MjImporterWithAssets.cs:91)
Mujoco.MjcfImporter:ImportXml (System.Xml.XmlDocument,string) (at ./Library/PackageCache/org.mujoco@72cb2b210d/Runtime/Importer/MjcfImporter.cs:100)
Mujoco.MjImporterWithAssets:ImportString (string,string,string) (at ./Library/PackageCache/org.mujoco@72cb2b210d/Editor/Importer/MjImporterWithAssets.cs:75)
Asimov.UnityMujoco.Editor.MjcfEpisodeSceneGenerator:ImportExpandedEpisodeScene (Asimov.UnityMujoco.EpisodeConfig,string) (at Assets/AsimovMujoco/Editor/MjcfEpisodeSceneGenerator.cs:128)
Asimov.UnityMujoco.Editor.MjcfEpisodeSceneGenerator:ImportEpisodeScene (Asimov.UnityMujoco.EpisodeConfig) (at Assets/AsimovMujoco/Editor/MjcfEpisodeSceneGenerator.cs:96)
Asimov.UnityMujoco.Editor.MjcfEpisodeSceneGenerator:ImportAllEpisodeScenes () (at Assets/AsimovMujoco/Editor/MjcfEpisodeSceneGenerator.cs:56)
Asimov.UnityMujoco.Editor.MjcfEpisodeSceneGenerator:BootstrapProject () (at Assets/AsimovMujoco/Editor/MjcfEpisodeSceneGenerator.cs:29)

(Filename: ./Library/PackageCache/org.mujoco@72cb2b210d/Runtime/Importer/MjcfImporter.cs Line: 293)

The importer does not yet support sensor <jointactuatorfrc>.
UnityEngine.StackTraceUtility:ExtractStackTrace () (at /home/bokken/build/output/unity/unity/Runtime/Export/Scripting/StackTrace.cs:37)
UnityEngine.DebugLogHandler:LogFormat (UnityEngine.LogType,UnityEngine.Object,string,object[])
UnityEngine.Logger:Log (UnityEngine.LogType,object)
UnityEngine.Debug:Log (object)
Mujoco.MjcfImporter:ParseSensorType (System.Xml.XmlElement) (at ./Library/PackageCache/org.mujoco@72cb2b210d/Runtime/Importer/MjcfImporter.cs:398)
Mujoco.MjcfImporter:ParseRoot (UnityEngine.GameObject,System.Xml.XmlElement) (at ./Library/PackageCache/org.mujoco@72cb2b210d/Runtime/Importer/MjcfImporter.cs:208)
Mujoco.MjImporterWithAssets:ParseRoot (UnityEngine.GameObject,System.Xml.XmlElement) (at ./Library/PackageCache/org.mujoco@72cb2b210d/Editor/Importer/MjImporterWithAssets.cs:91)
Mujoco.MjcfImporter:ImportXml (System.Xml.XmlDocument,string) (at ./Library/PackageCache/org.mujoco@72cb2b210d/Runtime/Importer/MjcfImporter.cs:100)
Mujoco.MjImporterWithAssets:ImportString (string,string,string) (at ./Library/PackageCache/org.mujoco@72cb2b210d/Editor/Importer/MjImporterWithAssets.cs:75)
Asimov.UnityMujoco.Editor.MjcfEpisodeSceneGenerator:ImportExpandedEpisodeScene (Asimov.UnityMujoco.EpisodeConfig,string) (at Assets/AsimovMujoco/Editor/MjcfEpisodeSceneGenerator.cs:128)
Asimov.UnityMujoco.Editor.MjcfEpisodeSceneGenerator:ImportEpisodeScene (Asimov.UnityMujoco.EpisodeConfig) (at Assets/AsimovMujoco/Editor/MjcfEpisodeSceneGenerator.cs:96)
Asimov.UnityMujoco.Editor.MjcfEpisodeSceneGenerator:ImportAllEpisodeScenes () (at Assets/AsimovMujoco/Editor/MjcfEpisodeSceneGenerator.cs:56)
Asimov.UnityMujoco.Editor.MjcfEpisodeSceneGenerator:BootstrapProject () (at Assets/AsimovMujoco/Editor/MjcfEpisodeSceneGenerator.cs:29)

(Filename: ./Library/PackageCache/org.mujoco@72cb2b210d/Runtime/Importer/MjcfImporter.cs Line: 398)

The importer does not yet support sensor <jointactuatorfrc>.
UnityEngine.StackTraceUtility:ExtractStackTrace () (at /home/bokken/build/output/unity/unity/Runtime/Export/Scripting/StackTrace.cs:37)
UnityEngine.DebugLogHandler:LogFormat (UnityEngine.LogType,UnityEngine.Object,string,object[])
UnityEngine.Logger:Log (UnityEngine.LogType,object)
UnityEngine.Debug:Log (object)
Mujoco.MjcfImporter:ParseSensorType (System.Xml.XmlElement) (at ./Library/PackageCache/org.mujoco@72cb2b210d/Runtime/Importer/MjcfImporter.cs:398)
Mujoco.MjcfImporter:ParseRoot (UnityEngine.GameObject,System.Xml.XmlElement) (at ./Library/PackageCache/org.mujoco@72cb2b210d/Runtime/Importer/MjcfImporter.cs:208)
Mujoco.MjImporterWithAssets:ParseRoot (UnityEngine.GameObject,System.Xml.XmlElement) (at ./Library/PackageCache/org.mujoco@72cb2b210d/Editor/Importer/MjImporterWithAssets.cs:91)
Mujoco.MjcfImporter:ImportXml (System.Xml.XmlDocument,string) (at ./Library/PackageCache/org.mujoco@72cb2b210d/Runtime/Importer/MjcfImporter.cs:100)
Mujoco.MjImporterWithAssets:ImportString (string,string,string) (at ./Library/PackageCache/org.mujoco@72cb2b210d/Editor/Importer/MjImporterWithAssets.cs:75)
Asimov.UnityMujoco.Editor.MjcfEpisodeSceneGenerator:ImportExpandedEpisodeScene (Asimov.UnityMujoco.EpisodeConfig,string) (at Assets/AsimovMujoco/Editor/MjcfEpisodeSceneGenerator.cs:128)
Asimov.UnityMujoco.Editor.MjcfEpisodeSceneGenerator:ImportEpisodeScene (Asimov.UnityMujoco.EpisodeConfig) (at Assets/AsimovMujoco/Editor/MjcfEpisodeSceneGenerator.cs:96)
Asimov.UnityMujoco.Editor.MjcfEpisodeSceneGenerator:ImportAllEpisodeScenes () (at Assets/AsimovMujoco/Editor/MjcfEpisodeSceneGenerator.cs:56)
Asimov.UnityMujoco.Editor.MjcfEpisodeSceneGenerator:BootstrapProject () (at Assets/AsimovMujoco/Editor/MjcfEpisodeSceneGenerator.cs:29)

(Filename: ./Library/PackageCache/org.mujoco@72cb2b210d/Runtime/Importer/MjcfImporter.cs Line: 398)

The importer does not yet support sensor <jointactuatorfrc>.
UnityEngine.StackTraceUtility:ExtractStackTrace () (at /home/bokken/build/output/unity/unity/Runtime/Export/Scripting/StackTrace.cs:37)
UnityEngine.DebugLogHandler:LogFormat (UnityEngine.LogType,UnityEngine.Object,string,object[])
UnityEngine.Logger:Log (UnityEngine.LogType,object)
UnityEngine.Debug:Log (object)
Mujoco.MjcfImporter:ParseSensorType (System.Xml.XmlElement) (at ./Library/PackageCache/org.mujoco@72cb2b210d/Runtime/Importer/MjcfImporter.cs:398)
Mujoco.MjcfImporter:ParseRoot (UnityEngine.GameObject,System.Xml.XmlElement) (at ./Library/PackageCache/org.mujoco@72cb2b210d/Runtime/Importer/MjcfImporter.cs:208)
Mujoco.MjImporterWithAssets:ParseRoot (UnityEngine.GameObject,System.Xml.XmlElement) (at ./Library/PackageCache/org.mujoco@72cb2b210d/Editor/Importer/MjImporterWithAssets.cs:91)
Mujoco.MjcfImporter:ImportXml (System.Xml.XmlDocument,string) (at ./Library/PackageCache/org.mujoco@72cb2b210d/Runtime/Importer/MjcfImporter.cs:100)
Mujoco.MjImporterWithAssets:ImportString (string,string,string) (at ./Library/PackageCache/org.mujoco@72cb2b210d/Editor/Importer/MjImporterWithAssets.cs:75)
Asimov.UnityMujoco.Editor.MjcfEpisodeSceneGenerator:ImportExpandedEpisodeScene (Asimov.UnityMujoco.EpisodeConfig,string) (at Assets/AsimovMujoco/Editor/MjcfEpisodeSceneGenerator.cs:128)
Asimov.UnityMujoco.Editor.MjcfEpisodeSceneGenerator:ImportEpisodeScene (Asimov.UnityMujoco.EpisodeConfig) (at Assets/AsimovMujoco/Editor/MjcfEpisodeSceneGenerator.cs:96)
Asimov.UnityMujoco.Editor.MjcfEpisodeSceneGenerator:ImportAllEpisodeScenes () (at Assets/AsimovMujoco/Editor/MjcfEpisodeSceneGenerator.cs:56)
Asimov.UnityMujoco.Editor.MjcfEpisodeSceneGenerator:BootstrapProject () (at Assets/AsimovMujoco/Editor/MjcfEpisodeSceneGenerator.cs:29)

(Filename: ./Library/PackageCache/org.mujoco@72cb2b210d/Runtime/Importer/MjcfImporter.cs Line: 398)

The importer does not yet support sensor <jointactuatorfrc>.
UnityEngine.StackTraceUtility:ExtractStackTrace () (at /home/bokken/build/output/unity/unity/Runtime/Export/Scripting/StackTrace.cs:37)
UnityEngine.DebugLogHandler:LogFormat (UnityEngine.LogType,UnityEngine.Object,string,object[])
UnityEngine.Logger:Log (UnityEngine.LogType,object)
UnityEngine.Debug:Log (object)
Mujoco.MjcfImporter:ParseSensorType (System.Xml.XmlElement) (at ./Library/PackageCache/org.mujoco@72cb2b210d/Runtime/Importer/MjcfImporter.cs:398)
Mujoco.MjcfImporter:ParseRoot (UnityEngine.GameObject,System.Xml.XmlElement) (at ./Library/PackageCache/org.mujoco@72cb2b210d/Runtime/Importer/MjcfImporter.cs:208)
Mujoco.MjImporterWithAssets:ParseRoot (UnityEngine.GameObject,System.Xml.XmlElement) (at ./Library/PackageCache/org.mujoco@72cb2b210d/Editor/Importer/MjImporterWithAssets.cs:91)
Mujoco.MjcfImporter:ImportXml (System.Xml.XmlDocument,string) (at ./Library/PackageCache/org.mujoco@72cb2b210d/Runtime/Importer/MjcfImporter.cs:100)
Mujoco.MjImporterWithAssets:ImportString (string,string,string) (at ./Library/PackageCache/org.mujoco@72cb2b210d/Editor/Importer/MjImporterWithAssets.cs:75)
Asimov.UnityMujoco.Editor.MjcfEpisodeSceneGenerator:ImportExpandedEpisodeScene (Asimov.UnityMujoco.EpisodeConfig,string) (at Assets/AsimovMujoco/Editor/MjcfEpisodeSceneGenerator.cs:128)
Asimov.UnityMujoco.Editor.MjcfEpisodeSceneGenerator:ImportEpisodeScene (Asimov.UnityMujoco.EpisodeConfig) (at Assets/AsimovMujoco/Editor/MjcfEpisodeSceneGenerator.cs:96)
Asimov.UnityMujoco.Editor.MjcfEpisodeSceneGenerator:ImportAllEpisodeScenes () (at Assets/AsimovMujoco/Editor/MjcfEpisodeSceneGenerator.cs:56)
Asimov.UnityMujoco.Editor.MjcfEpisodeSceneGenerator:BootstrapProject () (at Assets/AsimovMujoco/Editor/MjcfEpisodeSceneGenerator.cs:29)

(Filename: ./Library/PackageCache/org.mujoco@72cb2b210d/Runtime/Importer/MjcfImporter.cs Line: 398)

The importer does not yet support sensor <jointactuatorfrc>.
UnityEngine.StackTraceUtility:ExtractStackTrace () (at /home/bokken/build/output/unity/unity/Runtime/Export/Scripting/StackTrace.cs:37)
UnityEngine.DebugLogHandler:LogFormat (UnityEngine.LogType,UnityEngine.Object,string,object[])
UnityEngine.Logger:Log (UnityEngine.LogType,object)
UnityEngine.Debug:Log (object)
Mujoco.MjcfImporter:ParseSensorType (System.Xml.XmlElement) (at ./Library/PackageCache/org.mujoco@72cb2b210d/Runtime/Importer/MjcfImporter.cs:398)
Mujoco.MjcfImporter:ParseRoot (UnityEngine.GameObject,System.Xml.XmlElement) (at ./Library/PackageCache/org.mujoco@72cb2b210d/Runtime/Importer/MjcfImporter.cs:208)
Mujoco.MjImporterWithAssets:ParseRoot (UnityEngine.GameObject,System.Xml.XmlElement) (at ./Library/PackageCache/org.mujoco@72cb2b210d/Editor/Importer/MjImporterWithAssets.cs:91)
Mujoco.MjcfImporter:ImportXml (System.Xml.XmlDocument,string) (at ./Library/PackageCache/org.mujoco@72cb2b210d/Runtime/Importer/MjcfImporter.cs:100)
Mujoco.MjImporterWithAssets:ImportString (string,string,string) (at ./Library/PackageCache/org.mujoco@72cb2b210d/Editor/Importer/MjImporterWithAssets.cs:75)
Asimov.UnityMujoco.Editor.MjcfEpisodeSceneGenerator:ImportExpandedEpisodeScene (Asimov.UnityMujoco.EpisodeConfig,string) (at Assets/AsimovMujoco/Editor/MjcfEpisodeSceneGenerator.cs:128)
Asimov.UnityMujoco.Editor.MjcfEpisodeSceneGenerator:ImportEpisodeScene (Asimov.UnityMujoco.EpisodeConfig) (at Assets/AsimovMujoco/Editor/MjcfEpisodeSceneGenerator.cs:96)
Asimov.UnityMujoco.Editor.MjcfEpisodeSceneGenerator:ImportAllEpisodeScenes () (at Assets/AsimovMujoco/Editor/MjcfEpisodeSceneGenerator.cs:56)
Asimov.UnityMujoco.Editor.MjcfEpisodeSceneGenerator:BootstrapProject () (at Assets/AsimovMujoco/Editor/MjcfEpisodeSceneGenerator.cs:29)

(Filename: ./Library/PackageCache/org.mujoco@72cb2b210d/Runtime/Importer/MjcfImporter.cs Line: 398)

The importer does not yet support sensor <jointactuatorfrc>.
UnityEngine.StackTraceUtility:ExtractStackTrace () (at /home/bokken/build/output/unity/unity/Runtime/Export/Scripting/StackTrace.cs:37)
UnityEngine.DebugLogHandler:LogFormat (UnityEngine.LogType,UnityEngine.Object,string,object[])
UnityEngine.Logger:Log (UnityEngine.LogType,object)
UnityEngine.Debug:Log (object)
Mujoco.MjcfImporter:ParseSensorType (System.Xml.XmlElement) (at ./Library/PackageCache/org.mujoco@72cb2b210d/Runtime/Importer/MjcfImporter.cs:398)
Mujoco.MjcfImporter:ParseRoot (UnityEngine.GameObject,System.Xml.XmlElement) (at ./Library/PackageCache/org.mujoco@72cb2b210d/Runtime/Importer/MjcfImporter.cs:208)
Mujoco.MjImporterWithAssets:ParseRoot (UnityEngine.GameObject,System.Xml.XmlElement) (at ./Library/PackageCache/org.mujoco@72cb2b210d/Editor/Importer/MjImporterWithAssets.cs:91)
Mujoco.MjcfImporter:ImportXml (System.Xml.XmlDocument,string) (at ./Library/PackageCache/org.mujoco@72cb2b210d/Runtime/Importer/MjcfImporter.cs:100)
Mujoco.MjImporterWithAssets:ImportString (string,string,string) (at ./Library/PackageCache/org.mujoco@72cb2b210d/Editor/Importer/MjImporterWithAssets.cs:75)
Asimov.UnityMujoco.Editor.MjcfEpisodeSceneGenerator:ImportExpandedEpisodeScene (Asimov.UnityMujoco.EpisodeConfig,string) (at Assets/AsimovMujoco/Editor/MjcfEpisodeSceneGenerator.cs:128)
Asimov.UnityMujoco.Editor.MjcfEpisodeSceneGenerator:ImportEpisodeScene (Asimov.UnityMujoco.EpisodeConfig) (at Assets/AsimovMujoco/Editor/MjcfEpisodeSceneGenerator.cs:96)
Asimov.UnityMujoco.Editor.MjcfEpisodeSceneGenerator:ImportAllEpisodeScenes () (at Assets/AsimovMujoco/Editor/MjcfEpisodeSceneGenerator.cs:56)
Asimov.UnityMujoco.Editor.MjcfEpisodeSceneGenerator:BootstrapProject () (at Assets/AsimovMujoco/Editor/MjcfEpisodeSceneGenerator.cs:29)

(Filename: ./Library/PackageCache/org.mujoco@72cb2b210d/Runtime/Importer/MjcfImporter.cs Line: 398)

The importer does not yet support sensor <jointactuatorfrc>.
UnityEngine.StackTraceUtility:ExtractStackTrace () (at /home/bokken/build/output/unity/unity/Runtime/Export/Scripting/StackTrace.cs:37)
UnityEngine.DebugLogHandler:LogFormat (UnityEngine.LogType,UnityEngine.Object,string,object[])
UnityEngine.Logger:Log (UnityEngine.LogType,object)
UnityEngine.Debug:Log (object)
Mujoco.MjcfImporter:ParseSensorType (System.Xml.XmlElement) (at ./Library/PackageCache/org.mujoco@72cb2b210d/Runtime/Importer/MjcfImporter.cs:398)
Mujoco.MjcfImporter:ParseRoot (UnityEngine.GameObject,System.Xml.XmlElement) (at ./Library/PackageCache/org.mujoco@72cb2b210d/Runtime/Importer/MjcfImporter.cs:208)
Mujoco.MjImporterWithAssets:ParseRoot (UnityEngine.GameObject,System.Xml.XmlElement) (at ./Library/PackageCache/org.mujoco@72cb2b210d/Editor/Importer/MjImporterWithAssets.cs:91)
Mujoco.MjcfImporter:ImportXml (System.Xml.XmlDocument,string) (at ./Library/PackageCache/org.mujoco@72cb2b210d/Runtime/Importer/MjcfImporter.cs:100)
Mujoco.MjImporterWithAssets:ImportString (string,string,string) (at ./Library/PackageCache/org.mujoco@72cb2b210d/Editor/Importer/MjImporterWithAssets.cs:75)
Asimov.UnityMujoco.Editor.MjcfEpisodeSceneGenerator:ImportExpandedEpisodeScene (Asimov.UnityMujoco.EpisodeConfig,string) (at Assets/AsimovMujoco/Editor/MjcfEpisodeSceneGenerator.cs:128)
Asimov.UnityMujoco.Editor.MjcfEpisodeSceneGenerator:ImportEpisodeScene (Asimov.UnityMujoco.EpisodeConfig) (at Assets/AsimovMujoco/Editor/MjcfEpisodeSceneGenerator.cs:96)
Asimov.UnityMujoco.Editor.MjcfEpisodeSceneGenerator:ImportAllEpisodeScenes () (at Assets/AsimovMujoco/Editor/MjcfEpisodeSceneGenerator.cs:56)
Asimov.UnityMujoco.Editor.MjcfEpisodeSceneGenerator:BootstrapProject () (at Assets/AsimovMujoco/Editor/MjcfEpisodeSceneGenerator.cs:29)

(Filename: ./Library/PackageCache/org.mujoco@72cb2b210d/Runtime/Importer/MjcfImporter.cs Line: 398)

The importer does not yet support sensor <jointactuatorfrc>.
UnityEngine.StackTraceUtility:ExtractStackTrace () (at /home/bokken/build/output/unity/unity/Runtime/Export/Scripting/StackTrace.cs:37)
UnityEngine.DebugLogHandler:LogFormat (UnityEngine.LogType,UnityEngine.Object,string,object[])
UnityEngine.Logger:Log (UnityEngine.LogType,object)
UnityEngine.Debug:Log (object)
Mujoco.MjcfImporter:ParseSensorType (System.Xml.XmlElement) (at ./Library/PackageCache/org.mujoco@72cb2b210d/Runtime/Importer/MjcfImporter.cs:398)
Mujoco.MjcfImporter:ParseRoot (UnityEngine.GameObject,System.Xml.XmlElement) (at ./Library/PackageCache/org.mujoco@72cb2b210d/Runtime/Importer/MjcfImporter.cs:208)
Mujoco.MjImporterWithAssets:ParseRoot (UnityEngine.GameObject,System.Xml.XmlElement) (at ./Library/PackageCache/org.mujoco@72cb2b210d/Editor/Importer/MjImporterWithAssets.cs:91)
Mujoco.MjcfImporter:ImportXml (System.Xml.XmlDocument,string) (at ./Library/PackageCache/org.mujoco@72cb2b210d/Runtime/Importer/MjcfImporter.cs:100)
Mujoco.MjImporterWithAssets:ImportString (string,string,string) (at ./Library/PackageCache/org.mujoco@72cb2b210d/Editor/Importer/MjImporterWithAssets.cs:75)
Asimov.UnityMujoco.Editor.MjcfEpisodeSceneGenerator:ImportExpandedEpisodeScene (Asimov.UnityMujoco.EpisodeConfig,string) (at Assets/AsimovMujoco/Editor/MjcfEpisodeSceneGenerator.cs:128)
Asimov.UnityMujoco.Editor.MjcfEpisodeSceneGenerator:ImportEpisodeScene (Asimov.UnityMujoco.EpisodeConfig) (at Assets/AsimovMujoco/Editor/MjcfEpisodeSceneGenerator.cs:96)
Asimov.UnityMujoco.Editor.MjcfEpisodeSceneGenerator:ImportAllEpisodeScenes () (at Assets/AsimovMujoco/Editor/MjcfEpisodeSceneGenerator.cs:56)
Asimov.UnityMujoco.Editor.MjcfEpisodeSceneGenerator:BootstrapProject () (at Assets/AsimovMujoco/Editor/MjcfEpisodeSceneGenerator.cs:29)

(Filename: ./Library/PackageCache/org.mujoco@72cb2b210d/Runtime/Importer/MjcfImporter.cs Line: 398)

The importer does not yet support sensor <jointactuatorfrc>.
UnityEngine.StackTraceUtility:ExtractStackTrace () (at /home/bokken/build/output/unity/unity/Runtime/Export/Scripting/StackTrace.cs:37)
UnityEngine.DebugLogHandler:LogFormat (UnityEngine.LogType,UnityEngine.Object,string,object[])
UnityEngine.Logger:Log (UnityEngine.LogType,object)
UnityEngine.Debug:Log (object)
Mujoco.MjcfImporter:ParseSensorType (System.Xml.XmlElement) (at ./Library/PackageCache/org.mujoco@72cb2b210d/Runtime/Importer/MjcfImporter.cs:398)
Mujoco.MjcfImporter:ParseRoot (UnityEngine.GameObject,System.Xml.XmlElement) (at ./Library/PackageCache/org.mujoco@72cb2b210d/Runtime/Importer/MjcfImporter.cs:208)
Mujoco.MjImporterWithAssets:ParseRoot (UnityEngine.GameObject,System.Xml.XmlElement) (at ./Library/PackageCache/org.mujoco@72cb2b210d/Editor/Importer/MjImporterWithAssets.cs:91)
Mujoco.MjcfImporter:ImportXml (System.Xml.XmlDocument,string) (at ./Library/PackageCache/org.mujoco@72cb2b210d/Runtime/Importer/MjcfImporter.cs:100)
Mujoco.MjImporterWithAssets:ImportString (string,string,string) (at ./Library/PackageCache/org.mujoco@72cb2b210d/Editor/Importer/MjImporterWithAssets.cs:75)
Asimov.UnityMujoco.Editor.MjcfEpisodeSceneGenerator:ImportExpandedEpisodeScene (Asimov.UnityMujoco.EpisodeConfig,string) (at Assets/AsimovMujoco/Editor/MjcfEpisodeSceneGenerator.cs:128)
Asimov.UnityMujoco.Editor.MjcfEpisodeSceneGenerator:ImportEpisodeScene (Asimov.UnityMujoco.EpisodeConfig) (at Assets/AsimovMujoco/Editor/MjcfEpisodeSceneGenerator.cs:96)
Asimov.UnityMujoco.Editor.MjcfEpisodeSceneGenerator:ImportAllEpisodeScenes () (at Assets/AsimovMujoco/Editor/MjcfEpisodeSceneGenerator.cs:56)
Asimov.UnityMujoco.Editor.MjcfEpisodeSceneGenerator:BootstrapProject () (at Assets/AsimovMujoco/Editor/MjcfEpisodeSceneGenerator.cs:29)

(Filename: ./Library/PackageCache/org.mujoco@72cb2b210d/Runtime/Importer/MjcfImporter.cs Line: 398)

The importer does not yet support sensor <jointactuatorfrc>.
UnityEngine.StackTraceUtility:ExtractStackTrace () (at /home/bokken/build/output/unity/unity/Runtime/Export/Scripting/StackTrace.cs:37)
UnityEngine.DebugLogHandler:LogFormat (UnityEngine.LogType,UnityEngine.Object,string,object[])
UnityEngine.Logger:Log (UnityEngine.LogType,object)
UnityEngine.Debug:Log (object)
Mujoco.MjcfImporter:ParseSensorType (System.Xml.XmlElement) (at ./Library/PackageCache/org.mujoco@72cb2b210d/Runtime/Importer/MjcfImporter.cs:398)
Mujoco.MjcfImporter:ParseRoot (UnityEngine.GameObject,System.Xml.XmlElement) (at ./Library/PackageCache/org.mujoco@72cb2b210d/Runtime/Importer/MjcfImporter.cs:208)
Mujoco.MjImporterWithAssets:ParseRoot (UnityEngine.GameObject,System.Xml.XmlElement) (at ./Library/PackageCache/org.mujoco@72cb2b210d/Editor/Importer/MjImporterWithAssets.cs:91)
Mujoco.MjcfImporter:ImportXml (System.Xml.XmlDocument,string) (at ./Library/PackageCache/org.mujoco@72cb2b210d/Runtime/Importer/MjcfImporter.cs:100)
Mujoco.MjImporterWithAssets:ImportString (string,string,string) (at ./Library/PackageCache/org.mujoco@72cb2b210d/Editor/Importer/MjImporterWithAssets.cs:75)
Asimov.UnityMujoco.Editor.MjcfEpisodeSceneGenerator:ImportExpandedEpisodeScene (Asimov.UnityMujoco.EpisodeConfig,string) (at Assets/AsimovMujoco/Editor/MjcfEpisodeSceneGenerator.cs:128)
Asimov.UnityMujoco.Editor.MjcfEpisodeSceneGenerator:ImportEpisodeScene (Asimov.UnityMujoco.EpisodeConfig) (at Assets/AsimovMujoco/Editor/MjcfEpisodeSceneGenerator.cs:96)
Asimov.UnityMujoco.Editor.MjcfEpisodeSceneGenerator:ImportAllEpisodeScenes () (at Assets/AsimovMujoco/Editor/MjcfEpisodeSceneGenerator.cs:56)
Asimov.UnityMujoco.Editor.MjcfEpisodeSceneGenerator:BootstrapProject () (at Assets/AsimovMujoco/Editor/MjcfEpisodeSceneGenerator.cs:29)

(Filename: ./Library/PackageCache/org.mujoco@72cb2b210d/Runtime/Importer/MjcfImporter.cs Line: 398)

The importer does not yet support sensor <jointactuatorfrc>.
UnityEngine.StackTraceUtility:ExtractStackTrace () (at /home/bokken/build/output/unity/unity/Runtime/Export/Scripting/StackTrace.cs:37)
UnityEngine.DebugLogHandler:LogFormat (UnityEngine.LogType,UnityEngine.Object,string,object[])
UnityEngine.Logger:Log (UnityEngine.LogType,object)
UnityEngine.Debug:Log (object)
Mujoco.MjcfImporter:ParseSensorType (System.Xml.XmlElement) (at ./Library/PackageCache/org.mujoco@72cb2b210d/Runtime/Importer/MjcfImporter.cs:398)
Mujoco.MjcfImporter:ParseRoot (UnityEngine.GameObject,System.Xml.XmlElement) (at ./Library/PackageCache/org.mujoco@72cb2b210d/Runtime/Importer/MjcfImporter.cs:208)
Mujoco.MjImporterWithAssets:ParseRoot (UnityEngine.GameObject,System.Xml.XmlElement) (at ./Library/PackageCache/org.mujoco@72cb2b210d/Editor/Importer/MjImporterWithAssets.cs:91)
Mujoco.MjcfImporter:ImportXml (System.Xml.XmlDocument,string) (at ./Library/PackageCache/org.mujoco@72cb2b210d/Runtime/Importer/MjcfImporter.cs:100)
Mujoco.MjImporterWithAssets:ImportString (string,string,string) (at ./Library/PackageCache/org.mujoco@72cb2b210d/Editor/Importer/MjImporterWithAssets.cs:75)
Asimov.UnityMujoco.Editor.MjcfEpisodeSceneGenerator:ImportExpandedEpisodeScene (Asimov.UnityMujoco.EpisodeConfig,string) (at Assets/AsimovMujoco/Editor/MjcfEpisodeSceneGenerator.cs:128)
Asimov.UnityMujoco.Editor.MjcfEpisodeSceneGenerator:ImportEpisodeScene (Asimov.UnityMujoco.EpisodeConfig) (at Assets/AsimovMujoco/Editor/MjcfEpisodeSceneGenerator.cs:96)
Asimov.UnityMujoco.Editor.MjcfEpisodeSceneGenerator:ImportAllEpisodeScenes () (at Assets/AsimovMujoco/Editor/MjcfEpisodeSceneGenerator.cs:56)
Asimov.UnityMujoco.Editor.MjcfEpisodeSceneGenerator:BootstrapProject () (at Assets/AsimovMujoco/Editor/MjcfEpisodeSceneGenerator.cs:29)

(Filename: ./Library/PackageCache/org.mujoco@72cb2b210d/Runtime/Importer/MjcfImporter.cs Line: 398)

The importer does not yet support sensor <jointactuatorfrc>.
UnityEngine.StackTraceUtility:ExtractStackTrace () (at /home/bokken/build/output/unity/unity/Runtime/Export/Scripting/StackTrace.cs:37)
UnityEngine.DebugLogHandler:LogFormat (UnityEngine.LogType,UnityEngine.Object,string,object[])
UnityEngine.Logger:Log (UnityEngine.LogType,object)
UnityEngine.Debug:Log (object)
Mujoco.MjcfImporter:ParseSensorType (System.Xml.XmlElement) (at ./Library/PackageCache/org.mujoco@72cb2b210d/Runtime/Importer/MjcfImporter.cs:398)
Mujoco.MjcfImporter:ParseRoot (UnityEngine.GameObject,System.Xml.XmlElement) (at ./Library/PackageCache/org.mujoco@72cb2b210d/Runtime/Importer/MjcfImporter.cs:208)
Mujoco.MjImporterWithAssets:ParseRoot (UnityEngine.GameObject,System.Xml.XmlElement) (at ./Library/PackageCache/org.mujoco@72cb2b210d/Editor/Importer/MjImporterWithAssets.cs:91)
Mujoco.MjcfImporter:ImportXml (System.Xml.XmlDocument,string) (at ./Library/PackageCache/org.mujoco@72cb2b210d/Runtime/Importer/MjcfImporter.cs:100)
Mujoco.MjImporterWithAssets:ImportString (string,string,string) (at ./Library/PackageCache/org.mujoco@72cb2b210d/Editor/Importer/MjImporterWithAssets.cs:75)
Asimov.UnityMujoco.Editor.MjcfEpisodeSceneGenerator:ImportExpandedEpisodeScene (Asimov.UnityMujoco.EpisodeConfig,string) (at Assets/AsimovMujoco/Editor/MjcfEpisodeSceneGenerator.cs:128)
Asimov.UnityMujoco.Editor.MjcfEpisodeSceneGenerator:ImportEpisodeScene (Asimov.UnityMujoco.EpisodeConfig) (at Assets/AsimovMujoco/Editor/MjcfEpisodeSceneGenerator.cs:96)
Asimov.UnityMujoco.Editor.MjcfEpisodeSceneGenerator:ImportAllEpisodeScenes () (at Assets/AsimovMujoco/Editor/MjcfEpisodeSceneGenerator.cs:56)
Asimov.UnityMujoco.Editor.MjcfEpisodeSceneGenerator:BootstrapProject () (at Assets/AsimovMujoco/Editor/MjcfEpisodeSceneGenerator.cs:29)

(Filename: ./Library/PackageCache/org.mujoco@72cb2b210d/Runtime/Importer/MjcfImporter.cs Line: 398)

The importer does not yet support sensor <jointactuatorfrc>.
UnityEngine.StackTraceUtility:ExtractStackTrace () (at /home/bokken/build/output/unity/unity/Runtime/Export/Scripting/StackTrace.cs:37)
UnityEngine.DebugLogHandler:LogFormat (UnityEngine.LogType,UnityEngine.Object,string,object[])
UnityEngine.Logger:Log (UnityEngine.LogType,object)
UnityEngine.Debug:Log (object)
Mujoco.MjcfImporter:ParseSensorType (System.Xml.XmlElement) (at ./Library/PackageCache/org.mujoco@72cb2b210d/Runtime/Importer/MjcfImporter.cs:398)
Mujoco.MjcfImporter:ParseRoot (UnityEngine.GameObject,System.Xml.XmlElement) (at ./Library/PackageCache/org.mujoco@72cb2b210d/Runtime/Importer/MjcfImporter.cs:208)
Mujoco.MjImporterWithAssets:ParseRoot (UnityEngine.GameObject,System.Xml.XmlElement) (at ./Library/PackageCache/org.mujoco@72cb2b210d/Editor/Importer/MjImporterWithAssets.cs:91)
Mujoco.MjcfImporter:ImportXml (System.Xml.XmlDocument,string) (at ./Library/PackageCache/org.mujoco@72cb2b210d/Runtime/Importer/MjcfImporter.cs:100)
Mujoco.MjImporterWithAssets:ImportString (string,string,string) (at ./Library/PackageCache/org.mujoco@72cb2b210d/Editor/Importer/MjImporterWithAssets.cs:75)
Asimov.UnityMujoco.Editor.MjcfEpisodeSceneGenerator:ImportExpandedEpisodeScene (Asimov.UnityMujoco.EpisodeConfig,string) (at Assets/AsimovMujoco/Editor/MjcfEpisodeSceneGenerator.cs:128)
Asimov.UnityMujoco.Editor.MjcfEpisodeSceneGenerator:ImportEpisodeScene (Asimov.UnityMujoco.EpisodeConfig) (at Assets/AsimovMujoco/Editor/MjcfEpisodeSceneGenerator.cs:96)
Asimov.UnityMujoco.Editor.MjcfEpisodeSceneGenerator:ImportAllEpisodeScenes () (at Assets/AsimovMujoco/Editor/MjcfEpisodeSceneGenerator.cs:56)
Asimov.UnityMujoco.Editor.MjcfEpisodeSceneGenerator:BootstrapProject () (at Assets/AsimovMujoco/Editor/MjcfEpisodeSceneGenerator.cs:29)

(Filename: ./Library/PackageCache/org.mujoco@72cb2b210d/Runtime/Importer/MjcfImporter.cs Line: 398)

The importer does not yet support sensor <jointactuatorfrc>.
UnityEngine.StackTraceUtility:ExtractStackTrace () (at /home/bokken/build/output/unity/unity/Runtime/Export/Scripting/StackTrace.cs:37)
UnityEngine.DebugLogHandler:LogFormat (UnityEngine.LogType,UnityEngine.Object,string,object[])
UnityEngine.Logger:Log (UnityEngine.LogType,object)
UnityEngine.Debug:Log (object)
Mujoco.MjcfImporter:ParseSensorType (System.Xml.XmlElement) (at ./Library/PackageCache/org.mujoco@72cb2b210d/Runtime/Importer/MjcfImporter.cs:398)
Mujoco.MjcfImporter:ParseRoot (UnityEngine.GameObject,System.Xml.XmlElement) (at ./Library/PackageCache/org.mujoco@72cb2b210d/Runtime/Importer/MjcfImporter.cs:208)
Mujoco.MjImporterWithAssets:ParseRoot (UnityEngine.GameObject,System.Xml.XmlElement) (at ./Library/PackageCache/org.mujoco@72cb2b210d/Editor/Importer/MjImporterWithAssets.cs:91)
Mujoco.MjcfImporter:ImportXml (System.Xml.XmlDocument,string) (at ./Library/PackageCache/org.mujoco@72cb2b210d/Runtime/Importer/MjcfImporter.cs:100)
Mujoco.MjImporterWithAssets:ImportString (string,string,string) (at ./Library/PackageCache/org.mujoco@72cb2b210d/Editor/Importer/MjImporterWithAssets.cs:75)
Asimov.UnityMujoco.Editor.MjcfEpisodeSceneGenerator:ImportExpandedEpisodeScene (Asimov.UnityMujoco.EpisodeConfig,string) (at Assets/AsimovMujoco/Editor/MjcfEpisodeSceneGenerator.cs:128)
Asimov.UnityMujoco.Editor.MjcfEpisodeSceneGenerator:ImportEpisodeScene (Asimov.UnityMujoco.EpisodeConfig) (at Assets/AsimovMujoco/Editor/MjcfEpisodeSceneGenerator.cs:96)
Asimov.UnityMujoco.Editor.MjcfEpisodeSceneGenerator:ImportAllEpisodeScenes () (at Assets/AsimovMujoco/Editor/MjcfEpisodeSceneGenerator.cs:56)
Asimov.UnityMujoco.Editor.MjcfEpisodeSceneGenerator:BootstrapProject () (at Assets/AsimovMujoco/Editor/MjcfEpisodeSceneGenerator.cs:29)

(Filename: ./Library/PackageCache/org.mujoco@72cb2b210d/Runtime/Importer/MjcfImporter.cs Line: 398)

The importer does not yet support sensor <jointactuatorfrc>.
UnityEngine.StackTraceUtility:ExtractStackTrace () (at /home/bokken/build/output/unity/unity/Runtime/Export/Scripting/StackTrace.cs:37)
UnityEngine.DebugLogHandler:LogFormat (UnityEngine.LogType,UnityEngine.Object,string,object[])
UnityEngine.Logger:Log (UnityEngine.LogType,object)
UnityEngine.Debug:Log (object)
Mujoco.MjcfImporter:ParseSensorType (System.Xml.XmlElement) (at ./Library/PackageCache/org.mujoco@72cb2b210d/Runtime/Importer/MjcfImporter.cs:398)
Mujoco.MjcfImporter:ParseRoot (UnityEngine.GameObject,System.Xml.XmlElement) (at ./Library/PackageCache/org.mujoco@72cb2b210d/Runtime/Importer/MjcfImporter.cs:208)
Mujoco.MjImporterWithAssets:ParseRoot (UnityEngine.GameObject,System.Xml.XmlElement) (at ./Library/PackageCache/org.mujoco@72cb2b210d/Editor/Importer/MjImporterWithAssets.cs:91)
Mujoco.MjcfImporter:ImportXml (System.Xml.XmlDocument,string) (at ./Library/PackageCache/org.mujoco@72cb2b210d/Runtime/Importer/MjcfImporter.cs:100)
Mujoco.MjImporterWithAssets:ImportString (string,string,string) (at ./Library/PackageCache/org.mujoco@72cb2b210d/Editor/Importer/MjImporterWithAssets.cs:75)
Asimov.UnityMujoco.Editor.MjcfEpisodeSceneGenerator:ImportExpandedEpisodeScene (Asimov.UnityMujoco.EpisodeConfig,string) (at Assets/AsimovMujoco/Editor/MjcfEpisodeSceneGenerator.cs:128)
Asimov.UnityMujoco.Editor.MjcfEpisodeSceneGenerator:ImportEpisodeScene (Asimov.UnityMujoco.EpisodeConfig) (at Assets/AsimovMujoco/Editor/MjcfEpisodeSceneGenerator.cs:96)
Asimov.UnityMujoco.Editor.MjcfEpisodeSceneGenerator:ImportAllEpisodeScenes () (at Assets/AsimovMujoco/Editor/MjcfEpisodeSceneGenerator.cs:56)
Asimov.UnityMujoco.Editor.MjcfEpisodeSceneGenerator:BootstrapProject () (at Assets/AsimovMujoco/Editor/MjcfEpisodeSceneGenerator.cs:29)

(Filename: ./Library/PackageCache/org.mujoco@72cb2b210d/Runtime/Importer/MjcfImporter.cs Line: 398)

The importer does not yet support sensor <jointactuatorfrc>.
UnityEngine.StackTraceUtility:ExtractStackTrace () (at /home/bokken/build/output/unity/unity/Runtime/Export/Scripting/StackTrace.cs:37)
UnityEngine.DebugLogHandler:LogFormat (UnityEngine.LogType,UnityEngine.Object,string,object[])
UnityEngine.Logger:Log (UnityEngine.LogType,object)
UnityEngine.Debug:Log (object)
Mujoco.MjcfImporter:ParseSensorType (System.Xml.XmlElement) (at ./Library/PackageCache/org.mujoco@72cb2b210d/Runtime/Importer/MjcfImporter.cs:398)
Mujoco.MjcfImporter:ParseRoot (UnityEngine.GameObject,System.Xml.XmlElement) (at ./Library/PackageCache/org.mujoco@72cb2b210d/Runtime/Importer/MjcfImporter.cs:208)
Mujoco.MjImporterWithAssets:ParseRoot (UnityEngine.GameObject,System.Xml.XmlElement) (at ./Library/PackageCache/org.mujoco@72cb2b210d/Editor/Importer/MjImporterWithAssets.cs:91)
Mujoco.MjcfImporter:ImportXml (System.Xml.XmlDocument,string) (at ./Library/PackageCache/org.mujoco@72cb2b210d/Runtime/Importer/MjcfImporter.cs:100)
Mujoco.MjImporterWithAssets:ImportString (string,string,string) (at ./Library/PackageCache/org.mujoco@72cb2b210d/Editor/Importer/MjImporterWithAssets.cs:75)
Asimov.UnityMujoco.Editor.MjcfEpisodeSceneGenerator:ImportExpandedEpisodeScene (Asimov.UnityMujoco.EpisodeConfig,string) (at Assets/AsimovMujoco/Editor/MjcfEpisodeSceneGenerator.cs:128)
Asimov.UnityMujoco.Editor.MjcfEpisodeSceneGenerator:ImportEpisodeScene (Asimov.UnityMujoco.EpisodeConfig) (at Assets/AsimovMujoco/Editor/MjcfEpisodeSceneGenerator.cs:96)
Asimov.UnityMujoco.Editor.MjcfEpisodeSceneGenerator:ImportAllEpisodeScenes () (at Assets/AsimovMujoco/Editor/MjcfEpisodeSceneGenerator.cs:56)
Asimov.UnityMujoco.Editor.MjcfEpisodeSceneGenerator:BootstrapProject () (at Assets/AsimovMujoco/Editor/MjcfEpisodeSceneGenerator.cs:29)

(Filename: ./Library/PackageCache/org.mujoco@72cb2b210d/Runtime/Importer/MjcfImporter.cs Line: 398)

The importer does not yet support sensor <jointactuatorfrc>.
UnityEngine.StackTraceUtility:ExtractStackTrace () (at /home/bokken/build/output/unity/unity/Runtime/Export/Scripting/StackTrace.cs:37)
UnityEngine.DebugLogHandler:LogFormat (UnityEngine.LogType,UnityEngine.Object,string,object[])
UnityEngine.Logger:Log (UnityEngine.LogType,object)
UnityEngine.Debug:Log (object)
Mujoco.MjcfImporter:ParseSensorType (System.Xml.XmlElement) (at ./Library/PackageCache/org.mujoco@72cb2b210d/Runtime/Importer/MjcfImporter.cs:398)
Mujoco.MjcfImporter:ParseRoot (UnityEngine.GameObject,System.Xml.XmlElement) (at ./Library/PackageCache/org.mujoco@72cb2b210d/Runtime/Importer/MjcfImporter.cs:208)
Mujoco.MjImporterWithAssets:ParseRoot (UnityEngine.GameObject,System.Xml.XmlElement) (at ./Library/PackageCache/org.mujoco@72cb2b210d/Editor/Importer/MjImporterWithAssets.cs:91)
Mujoco.MjcfImporter:ImportXml (System.Xml.XmlDocument,string) (at ./Library/PackageCache/org.mujoco@72cb2b210d/Runtime/Importer/MjcfImporter.cs:100)
Mujoco.MjImporterWithAssets:ImportString (string,string,string) (at ./Library/PackageCache/org.mujoco@72cb2b210d/Editor/Importer/MjImporterWithAssets.cs:75)
Asimov.UnityMujoco.Editor.MjcfEpisodeSceneGenerator:ImportExpandedEpisodeScene (Asimov.UnityMujoco.EpisodeConfig,string) (at Assets/AsimovMujoco/Editor/MjcfEpisodeSceneGenerator.cs:128)
Asimov.UnityMujoco.Editor.MjcfEpisodeSceneGenerator:ImportEpisodeScene (Asimov.UnityMujoco.EpisodeConfig) (at Assets/AsimovMujoco/Editor/MjcfEpisodeSceneGenerator.cs:96)
Asimov.UnityMujoco.Editor.MjcfEpisodeSceneGenerator:ImportAllEpisodeScenes () (at Assets/AsimovMujoco/Editor/MjcfEpisodeSceneGenerator.cs:56)
Asimov.UnityMujoco.Editor.MjcfEpisodeSceneGenerator:BootstrapProject () (at Assets/AsimovMujoco/Editor/MjcfEpisodeSceneGenerator.cs:29)

(Filename: ./Library/PackageCache/org.mujoco@72cb2b210d/Runtime/Importer/MjcfImporter.cs Line: 398)

The importer does not yet support sensor <jointactuatorfrc>.
UnityEngine.StackTraceUtility:ExtractStackTrace () (at /home/bokken/build/output/unity/unity/Runtime/Export/Scripting/StackTrace.cs:37)
UnityEngine.DebugLogHandler:LogFormat (UnityEngine.LogType,UnityEngine.Object,string,object[])
UnityEngine.Logger:Log (UnityEngine.LogType,object)
UnityEngine.Debug:Log (object)
Mujoco.MjcfImporter:ParseSensorType (System.Xml.XmlElement) (at ./Library/PackageCache/org.mujoco@72cb2b210d/Runtime/Importer/MjcfImporter.cs:398)
Mujoco.MjcfImporter:ParseRoot (UnityEngine.GameObject,System.Xml.XmlElement) (at ./Library/PackageCache/org.mujoco@72cb2b210d/Runtime/Importer/MjcfImporter.cs:208)
Mujoco.MjImporterWithAssets:ParseRoot (UnityEngine.GameObject,System.Xml.XmlElement) (at ./Library/PackageCache/org.mujoco@72cb2b210d/Editor/Importer/MjImporterWithAssets.cs:91)
Mujoco.MjcfImporter:ImportXml (System.Xml.XmlDocument,string) (at ./Library/PackageCache/org.mujoco@72cb2b210d/Runtime/Importer/MjcfImporter.cs:100)
Mujoco.MjImporterWithAssets:ImportString (string,string,string) (at ./Library/PackageCache/org.mujoco@72cb2b210d/Editor/Importer/MjImporterWithAssets.cs:75)
Asimov.UnityMujoco.Editor.MjcfEpisodeSceneGenerator:ImportExpandedEpisodeScene (Asimov.UnityMujoco.EpisodeConfig,string) (at Assets/AsimovMujoco/Editor/MjcfEpisodeSceneGenerator.cs:128)
Asimov.UnityMujoco.Editor.MjcfEpisodeSceneGenerator:ImportEpisodeScene (Asimov.UnityMujoco.EpisodeConfig) (at Assets/AsimovMujoco/Editor/MjcfEpisodeSceneGenerator.cs:96)
Asimov.UnityMujoco.Editor.MjcfEpisodeSceneGenerator:ImportAllEpisodeScenes () (at Assets/AsimovMujoco/Editor/MjcfEpisodeSceneGenerator.cs:56)
Asimov.UnityMujoco.Editor.MjcfEpisodeSceneGenerator:BootstrapProject () (at Assets/AsimovMujoco/Editor/MjcfEpisodeSceneGenerator.cs:29)

(Filename: ./Library/PackageCache/org.mujoco@72cb2b210d/Runtime/Importer/MjcfImporter.cs Line: 398)

The importer does not yet support sensor <jointactuatorfrc>.
UnityEngine.StackTraceUtility:ExtractStackTrace () (at /home/bokken/build/output/unity/unity/Runtime/Export/Scripting/StackTrace.cs:37)
UnityEngine.DebugLogHandler:LogFormat (UnityEngine.LogType,UnityEngine.Object,string,object[])
UnityEngine.Logger:Log (UnityEngine.LogType,object)
UnityEngine.Debug:Log (object)
Mujoco.MjcfImporter:ParseSensorType (System.Xml.XmlElement) (at ./Library/PackageCache/org.mujoco@72cb2b210d/Runtime/Importer/MjcfImporter.cs:398)
Mujoco.MjcfImporter:ParseRoot (UnityEngine.GameObject,System.Xml.XmlElement) (at ./Library/PackageCache/org.mujoco@72cb2b210d/Runtime/Importer/MjcfImporter.cs:208)
Mujoco.MjImporterWithAssets:ParseRoot (UnityEngine.GameObject,System.Xml.XmlElement) (at ./Library/PackageCache/org.mujoco@72cb2b210d/Editor/Importer/MjImporterWithAssets.cs:91)
Mujoco.MjcfImporter:ImportXml (System.Xml.XmlDocument,string) (at ./Library/PackageCache/org.mujoco@72cb2b210d/Runtime/Importer/MjcfImporter.cs:100)
Mujoco.MjImporterWithAssets:ImportString (string,string,string) (at ./Library/PackageCache/org.mujoco@72cb2b210d/Editor/Importer/MjImporterWithAssets.cs:75)
Asimov.UnityMujoco.Editor.MjcfEpisodeSceneGenerator:ImportExpandedEpisodeScene (Asimov.UnityMujoco.EpisodeConfig,string) (at Assets/AsimovMujoco/Editor/MjcfEpisodeSceneGenerator.cs:128)
Asimov.UnityMujoco.Editor.MjcfEpisodeSceneGenerator:ImportEpisodeScene (Asimov.UnityMujoco.EpisodeConfig) (at Assets/AsimovMujoco/Editor/MjcfEpisodeSceneGenerator.cs:96)
Asimov.UnityMujoco.Editor.MjcfEpisodeSceneGenerator:ImportAllEpisodeScenes () (at Assets/AsimovMujoco/Editor/MjcfEpisodeSceneGenerator.cs:56)
Asimov.UnityMujoco.Editor.MjcfEpisodeSceneGenerator:BootstrapProject () (at Assets/AsimovMujoco/Editor/MjcfEpisodeSceneGenerator.cs:29)

(Filename: ./Library/PackageCache/org.mujoco@72cb2b210d/Runtime/Importer/MjcfImporter.cs Line: 398)

The importer does not yet support sensor <jointactuatorfrc>.
UnityEngine.StackTraceUtility:ExtractStackTrace () (at /home/bokken/build/output/unity/unity/Runtime/Export/Scripting/StackTrace.cs:37)
UnityEngine.DebugLogHandler:LogFormat (UnityEngine.LogType,UnityEngine.Object,string,object[])
UnityEngine.Logger:Log (UnityEngine.LogType,object)
UnityEngine.Debug:Log (object)
Mujoco.MjcfImporter:ParseSensorType (System.Xml.XmlElement) (at ./Library/PackageCache/org.mujoco@72cb2b210d/Runtime/Importer/MjcfImporter.cs:398)
Mujoco.MjcfImporter:ParseRoot (UnityEngine.GameObject,System.Xml.XmlElement) (at ./Library/PackageCache/org.mujoco@72cb2b210d/Runtime/Importer/MjcfImporter.cs:208)
Mujoco.MjImporterWithAssets:ParseRoot (UnityEngine.GameObject,System.Xml.XmlElement) (at ./Library/PackageCache/org.mujoco@72cb2b210d/Editor/Importer/MjImporterWithAssets.cs:91)
Mujoco.MjcfImporter:ImportXml (System.Xml.XmlDocument,string) (at ./Library/PackageCache/org.mujoco@72cb2b210d/Runtime/Importer/MjcfImporter.cs:100)
Mujoco.MjImporterWithAssets:ImportString (string,string,string) (at ./Library/PackageCache/org.mujoco@72cb2b210d/Editor/Importer/MjImporterWithAssets.cs:75)
Asimov.UnityMujoco.Editor.MjcfEpisodeSceneGenerator:ImportExpandedEpisodeScene (Asimov.UnityMujoco.EpisodeConfig,string) (at Assets/AsimovMujoco/Editor/MjcfEpisodeSceneGenerator.cs:128)
Asimov.UnityMujoco.Editor.MjcfEpisodeSceneGenerator:ImportEpisodeScene (Asimov.UnityMujoco.EpisodeConfig) (at Assets/AsimovMujoco/Editor/MjcfEpisodeSceneGenerator.cs:96)
Asimov.UnityMujoco.Editor.MjcfEpisodeSceneGenerator:ImportAllEpisodeScenes () (at Assets/AsimovMujoco/Editor/MjcfEpisodeSceneGenerator.cs:56)
Asimov.UnityMujoco.Editor.MjcfEpisodeSceneGenerator:BootstrapProject () (at Assets/AsimovMujoco/Editor/MjcfEpisodeSceneGenerator.cs:29)

(Filename: ./Library/PackageCache/org.mujoco@72cb2b210d/Runtime/Importer/MjcfImporter.cs Line: 398)

The importer does not yet support sensor <jointactuatorfrc>.
UnityEngine.StackTraceUtility:ExtractStackTrace () (at /home/bokken/build/output/unity/unity/Runtime/Export/Scripting/StackTrace.cs:37)
UnityEngine.DebugLogHandler:LogFormat (UnityEngine.LogType,UnityEngine.Object,string,object[])
UnityEngine.Logger:Log (UnityEngine.LogType,object)
UnityEngine.Debug:Log (object)
Mujoco.MjcfImporter:ParseSensorType (System.Xml.XmlElement) (at ./Library/PackageCache/org.mujoco@72cb2b210d/Runtime/Importer/MjcfImporter.cs:398)
Mujoco.MjcfImporter:ParseRoot (UnityEngine.GameObject,System.Xml.XmlElement) (at ./Library/PackageCache/org.mujoco@72cb2b210d/Runtime/Importer/MjcfImporter.cs:208)
Mujoco.MjImporterWithAssets:ParseRoot (UnityEngine.GameObject,System.Xml.XmlElement) (at ./Library/PackageCache/org.mujoco@72cb2b210d/Editor/Importer/MjImporterWithAssets.cs:91)
Mujoco.MjcfImporter:ImportXml (System.Xml.XmlDocument,string) (at ./Library/PackageCache/org.mujoco@72cb2b210d/Runtime/Importer/MjcfImporter.cs:100)
Mujoco.MjImporterWithAssets:ImportString (string,string,string) (at ./Library/PackageCache/org.mujoco@72cb2b210d/Editor/Importer/MjImporterWithAssets.cs:75)
Asimov.UnityMujoco.Editor.MjcfEpisodeSceneGenerator:ImportExpandedEpisodeScene (Asimov.UnityMujoco.EpisodeConfig,string) (at Assets/AsimovMujoco/Editor/MjcfEpisodeSceneGenerator.cs:128)
Asimov.UnityMujoco.Editor.MjcfEpisodeSceneGenerator:ImportEpisodeScene (Asimov.UnityMujoco.EpisodeConfig) (at Assets/AsimovMujoco/Editor/MjcfEpisodeSceneGenerator.cs:96)
Asimov.UnityMujoco.Editor.MjcfEpisodeSceneGenerator:ImportAllEpisodeScenes () (at Assets/AsimovMujoco/Editor/MjcfEpisodeSceneGenerator.cs:56)
Asimov.UnityMujoco.Editor.MjcfEpisodeSceneGenerator:BootstrapProject () (at Assets/AsimovMujoco/Editor/MjcfEpisodeSceneGenerator.cs:29)

(Filename: ./Library/PackageCache/org.mujoco@72cb2b210d/Runtime/Importer/MjcfImporter.cs Line: 398)

The importer does not yet support sensor <jointactuatorfrc>.
UnityEngine.StackTraceUtility:ExtractStackTrace () (at /home/bokken/build/output/unity/unity/Runtime/Export/Scripting/StackTrace.cs:37)
UnityEngine.DebugLogHandler:LogFormat (UnityEngine.LogType,UnityEngine.Object,string,object[])
UnityEngine.Logger:Log (UnityEngine.LogType,object)
UnityEngine.Debug:Log (object)
Mujoco.MjcfImporter:ParseSensorType (System.Xml.XmlElement) (at ./Library/PackageCache/org.mujoco@72cb2b210d/Runtime/Importer/MjcfImporter.cs:398)
Mujoco.MjcfImporter:ParseRoot (UnityEngine.GameObject,System.Xml.XmlElement) (at ./Library/PackageCache/org.mujoco@72cb2b210d/Runtime/Importer/MjcfImporter.cs:208)
Mujoco.MjImporterWithAssets:ParseRoot (UnityEngine.GameObject,System.Xml.XmlElement) (at ./Library/PackageCache/org.mujoco@72cb2b210d/Editor/Importer/MjImporterWithAssets.cs:91)
Mujoco.MjcfImporter:ImportXml (System.Xml.XmlDocument,string) (at ./Library/PackageCache/org.mujoco@72cb2b210d/Runtime/Importer/MjcfImporter.cs:100)
Mujoco.MjImporterWithAssets:ImportString (string,string,string) (at ./Library/PackageCache/org.mujoco@72cb2b210d/Editor/Importer/MjImporterWithAssets.cs:75)
Asimov.UnityMujoco.Editor.MjcfEpisodeSceneGenerator:ImportExpandedEpisodeScene (Asimov.UnityMujoco.EpisodeConfig,string) (at Assets/AsimovMujoco/Editor/MjcfEpisodeSceneGenerator.cs:128)
Asimov.UnityMujoco.Editor.MjcfEpisodeSceneGenerator:ImportEpisodeScene (Asimov.UnityMujoco.EpisodeConfig) (at Assets/AsimovMujoco/Editor/MjcfEpisodeSceneGenerator.cs:96)
Asimov.UnityMujoco.Editor.MjcfEpisodeSceneGenerator:ImportAllEpisodeScenes () (at Assets/AsimovMujoco/Editor/MjcfEpisodeSceneGenerator.cs:56)
Asimov.UnityMujoco.Editor.MjcfEpisodeSceneGenerator:BootstrapProject () (at Assets/AsimovMujoco/Editor/MjcfEpisodeSceneGenerator.cs:29)

(Filename: ./Library/PackageCache/org.mujoco@72cb2b210d/Runtime/Importer/MjcfImporter.cs Line: 398)

The importer does not yet support sensor <jointactuatorfrc>.
UnityEngine.StackTraceUtility:ExtractStackTrace () (at /home/bokken/build/output/unity/unity/Runtime/Export/Scripting/StackTrace.cs:37)
UnityEngine.DebugLogHandler:LogFormat (UnityEngine.LogType,UnityEngine.Object,string,object[])
UnityEngine.Logger:Log (UnityEngine.LogType,object)
UnityEngine.Debug:Log (object)
Mujoco.MjcfImporter:ParseSensorType (System.Xml.XmlElement) (at ./Library/PackageCache/org.mujoco@72cb2b210d/Runtime/Importer/MjcfImporter.cs:398)
Mujoco.MjcfImporter:ParseRoot (UnityEngine.GameObject,System.Xml.XmlElement) (at ./Library/PackageCache/org.mujoco@72cb2b210d/Runtime/Importer/MjcfImporter.cs:208)
Mujoco.MjImporterWithAssets:ParseRoot (UnityEngine.GameObject,System.Xml.XmlElement) (at ./Library/PackageCache/org.mujoco@72cb2b210d/Editor/Importer/MjImporterWithAssets.cs:91)
Mujoco.MjcfImporter:ImportXml (System.Xml.XmlDocument,string) (at ./Library/PackageCache/org.mujoco@72cb2b210d/Runtime/Importer/MjcfImporter.cs:100)
Mujoco.MjImporterWithAssets:ImportString (string,string,string) (at ./Library/PackageCache/org.mujoco@72cb2b210d/Editor/Importer/MjImporterWithAssets.cs:75)
Asimov.UnityMujoco.Editor.MjcfEpisodeSceneGenerator:ImportExpandedEpisodeScene (Asimov.UnityMujoco.EpisodeConfig,string) (at Assets/AsimovMujoco/Editor/MjcfEpisodeSceneGenerator.cs:128)
Asimov.UnityMujoco.Editor.MjcfEpisodeSceneGenerator:ImportEpisodeScene (Asimov.UnityMujoco.EpisodeConfig) (at Assets/AsimovMujoco/Editor/MjcfEpisodeSceneGenerator.cs:96)
Asimov.UnityMujoco.Editor.MjcfEpisodeSceneGenerator:ImportAllEpisodeScenes () (at Assets/AsimovMujoco/Editor/MjcfEpisodeSceneGenerator.cs:56)
Asimov.UnityMujoco.Editor.MjcfEpisodeSceneGenerator:BootstrapProject () (at Assets/AsimovMujoco/Editor/MjcfEpisodeSceneGenerator.cs:29)

(Filename: ./Library/PackageCache/org.mujoco@72cb2b210d/Runtime/Importer/MjcfImporter.cs Line: 398)

The importer does not yet support sensor <jointactuatorfrc>.
UnityEngine.StackTraceUtility:ExtractStackTrace () (at /home/bokken/build/output/unity/unity/Runtime/Export/Scripting/StackTrace.cs:37)
UnityEngine.DebugLogHandler:LogFormat (UnityEngine.LogType,UnityEngine.Object,string,object[])
UnityEngine.Logger:Log (UnityEngine.LogType,object)
UnityEngine.Debug:Log (object)
Mujoco.MjcfImporter:ParseSensorType (System.Xml.XmlElement) (at ./Library/PackageCache/org.mujoco@72cb2b210d/Runtime/Importer/MjcfImporter.cs:398)
Mujoco.MjcfImporter:ParseRoot (UnityEngine.GameObject,System.Xml.XmlElement) (at ./Library/PackageCache/org.mujoco@72cb2b210d/Runtime/Importer/MjcfImporter.cs:208)
Mujoco.MjImporterWithAssets:ParseRoot (UnityEngine.GameObject,System.Xml.XmlElement) (at ./Library/PackageCache/org.mujoco@72cb2b210d/Editor/Importer/MjImporterWithAssets.cs:91)
Mujoco.MjcfImporter:ImportXml (System.Xml.XmlDocument,string) (at ./Library/PackageCache/org.mujoco@72cb2b210d/Runtime/Importer/MjcfImporter.cs:100)
Mujoco.MjImporterWithAssets:ImportString (string,string,string) (at ./Library/PackageCache/org.mujoco@72cb2b210d/Editor/Importer/MjImporterWithAssets.cs:75)
Asimov.UnityMujoco.Editor.MjcfEpisodeSceneGenerator:ImportExpandedEpisodeScene (Asimov.UnityMujoco.EpisodeConfig,string) (at Assets/AsimovMujoco/Editor/MjcfEpisodeSceneGenerator.cs:128)
Asimov.UnityMujoco.Editor.MjcfEpisodeSceneGenerator:ImportEpisodeScene (Asimov.UnityMujoco.EpisodeConfig) (at Assets/AsimovMujoco/Editor/MjcfEpisodeSceneGenerator.cs:96)
Asimov.UnityMujoco.Editor.MjcfEpisodeSceneGenerator:ImportAllEpisodeScenes () (at Assets/AsimovMujoco/Editor/MjcfEpisodeSceneGenerator.cs:56)
Asimov.UnityMujoco.Editor.MjcfEpisodeSceneGenerator:BootstrapProject () (at Assets/AsimovMujoco/Editor/MjcfEpisodeSceneGenerator.cs:29)

(Filename: ./Library/PackageCache/org.mujoco@72cb2b210d/Runtime/Importer/MjcfImporter.cs Line: 398)

The importer does not yet support sensor <jointactuatorfrc>.
UnityEngine.StackTraceUtility:ExtractStackTrace () (at /home/bokken/build/output/unity/unity/Runtime/Export/Scripting/StackTrace.cs:37)
UnityEngine.DebugLogHandler:LogFormat (UnityEngine.LogType,UnityEngine.Object,string,object[])
UnityEngine.Logger:Log (UnityEngine.LogType,object)
UnityEngine.Debug:Log (object)
Mujoco.MjcfImporter:ParseSensorType (System.Xml.XmlElement) (at ./Library/PackageCache/org.mujoco@72cb2b210d/Runtime/Importer/MjcfImporter.cs:398)
Mujoco.MjcfImporter:ParseRoot (UnityEngine.GameObject,System.Xml.XmlElement) (at ./Library/PackageCache/org.mujoco@72cb2b210d/Runtime/Importer/MjcfImporter.cs:208)
Mujoco.MjImporterWithAssets:ParseRoot (UnityEngine.GameObject,System.Xml.XmlElement) (at ./Library/PackageCache/org.mujoco@72cb2b210d/Editor/Importer/MjImporterWithAssets.cs:91)
Mujoco.MjcfImporter:ImportXml (System.Xml.XmlDocument,string) (at ./Library/PackageCache/org.mujoco@72cb2b210d/Runtime/Importer/MjcfImporter.cs:100)
Mujoco.MjImporterWithAssets:ImportString (string,string,string) (at ./Library/PackageCache/org.mujoco@72cb2b210d/Editor/Importer/MjImporterWithAssets.cs:75)
Asimov.UnityMujoco.Editor.MjcfEpisodeSceneGenerator:ImportExpandedEpisodeScene (Asimov.UnityMujoco.EpisodeConfig,string) (at Assets/AsimovMujoco/Editor/MjcfEpisodeSceneGenerator.cs:128)
Asimov.UnityMujoco.Editor.MjcfEpisodeSceneGenerator:ImportEpisodeScene (Asimov.UnityMujoco.EpisodeConfig) (at Assets/AsimovMujoco/Editor/MjcfEpisodeSceneGenerator.cs:96)
Asimov.UnityMujoco.Editor.MjcfEpisodeSceneGenerator:ImportAllEpisodeScenes () (at Assets/AsimovMujoco/Editor/MjcfEpisodeSceneGenerator.cs:56)
Asimov.UnityMujoco.Editor.MjcfEpisodeSceneGenerator:BootstrapProject () (at Assets/AsimovMujoco/Editor/MjcfEpisodeSceneGenerator.cs:29)

(Filename: ./Library/PackageCache/org.mujoco@72cb2b210d/Runtime/Importer/MjcfImporter.cs Line: 398)

The importer does not yet support sensor <jointactuatorfrc>.
UnityEngine.StackTraceUtility:ExtractStackTrace () (at /home/bokken/build/output/unity/unity/Runtime/Export/Scripting/StackTrace.cs:37)
UnityEngine.DebugLogHandler:LogFormat (UnityEngine.LogType,UnityEngine.Object,string,object[])
UnityEngine.Logger:Log (UnityEngine.LogType,object)
UnityEngine.Debug:Log (object)
Mujoco.MjcfImporter:ParseSensorType (System.Xml.XmlElement) (at ./Library/PackageCache/org.mujoco@72cb2b210d/Runtime/Importer/MjcfImporter.cs:398)
Mujoco.MjcfImporter:ParseRoot (UnityEngine.GameObject,System.Xml.XmlElement) (at ./Library/PackageCache/org.mujoco@72cb2b210d/Runtime/Importer/MjcfImporter.cs:208)
Mujoco.MjImporterWithAssets:ParseRoot (UnityEngine.GameObject,System.Xml.XmlElement) (at ./Library/PackageCache/org.mujoco@72cb2b210d/Editor/Importer/MjImporterWithAssets.cs:91)
Mujoco.MjcfImporter:ImportXml (System.Xml.XmlDocument,string) (at ./Library/PackageCache/org.mujoco@72cb2b210d/Runtime/Importer/MjcfImporter.cs:100)
Mujoco.MjImporterWithAssets:ImportString (string,string,string) (at ./Library/PackageCache/org.mujoco@72cb2b210d/Editor/Importer/MjImporterWithAssets.cs:75)
Asimov.UnityMujoco.Editor.MjcfEpisodeSceneGenerator:ImportExpandedEpisodeScene (Asimov.UnityMujoco.EpisodeConfig,string) (at Assets/AsimovMujoco/Editor/MjcfEpisodeSceneGenerator.cs:128)
Asimov.UnityMujoco.Editor.MjcfEpisodeSceneGenerator:ImportEpisodeScene (Asimov.UnityMujoco.EpisodeConfig) (at Assets/AsimovMujoco/Editor/MjcfEpisodeSceneGenerator.cs:96)
Asimov.UnityMujoco.Editor.MjcfEpisodeSceneGenerator:ImportAllEpisodeScenes () (at Assets/AsimovMujoco/Editor/MjcfEpisodeSceneGenerator.cs:56)
Asimov.UnityMujoco.Editor.MjcfEpisodeSceneGenerator:BootstrapProject () (at Assets/AsimovMujoco/Editor/MjcfEpisodeSceneGenerator.cs:29)

(Filename: ./Library/PackageCache/org.mujoco@72cb2b210d/Runtime/Importer/MjcfImporter.cs Line: 398)

The importer does not yet support sensor <jointactuatorfrc>.
UnityEngine.StackTraceUtility:ExtractStackTrace () (at /home/bokken/build/output/unity/unity/Runtime/Export/Scripting/StackTrace.cs:37)
UnityEngine.DebugLogHandler:LogFormat (UnityEngine.LogType,UnityEngine.Object,string,object[])
UnityEngine.Logger:Log (UnityEngine.LogType,object)
UnityEngine.Debug:Log (object)
Mujoco.MjcfImporter:ParseSensorType (System.Xml.XmlElement) (at ./Library/PackageCache/org.mujoco@72cb2b210d/Runtime/Importer/MjcfImporter.cs:398)
Mujoco.MjcfImporter:ParseRoot (UnityEngine.GameObject,System.Xml.XmlElement) (at ./Library/PackageCache/org.mujoco@72cb2b210d/Runtime/Importer/MjcfImporter.cs:208)
Mujoco.MjImporterWithAssets:ParseRoot (UnityEngine.GameObject,System.Xml.XmlElement) (at ./Library/PackageCache/org.mujoco@72cb2b210d/Editor/Importer/MjImporterWithAssets.cs:91)
Mujoco.MjcfImporter:ImportXml (System.Xml.XmlDocument,string) (at ./Library/PackageCache/org.mujoco@72cb2b210d/Runtime/Importer/MjcfImporter.cs:100)
Mujoco.MjImporterWithAssets:ImportString (string,string,string) (at ./Library/PackageCache/org.mujoco@72cb2b210d/Editor/Importer/MjImporterWithAssets.cs:75)
Asimov.UnityMujoco.Editor.MjcfEpisodeSceneGenerator:ImportExpandedEpisodeScene (Asimov.UnityMujoco.EpisodeConfig,string) (at Assets/AsimovMujoco/Editor/MjcfEpisodeSceneGenerator.cs:128)
Asimov.UnityMujoco.Editor.MjcfEpisodeSceneGenerator:ImportEpisodeScene (Asimov.UnityMujoco.EpisodeConfig) (at Assets/AsimovMujoco/Editor/MjcfEpisodeSceneGenerator.cs:96)
Asimov.UnityMujoco.Editor.MjcfEpisodeSceneGenerator:ImportAllEpisodeScenes () (at Assets/AsimovMujoco/Editor/MjcfEpisodeSceneGenerator.cs:56)
Asimov.UnityMujoco.Editor.MjcfEpisodeSceneGenerator:BootstrapProject () (at Assets/AsimovMujoco/Editor/MjcfEpisodeSceneGenerator.cs:29)

(Filename: ./Library/PackageCache/org.mujoco@72cb2b210d/Runtime/Importer/MjcfImporter.cs Line: 398)

The importer does not yet support sensor <jointactuatorfrc>.
UnityEngine.StackTraceUtility:ExtractStackTrace () (at /home/bokken/build/output/unity/unity/Runtime/Export/Scripting/StackTrace.cs:37)
UnityEngine.DebugLogHandler:LogFormat (UnityEngine.LogType,UnityEngine.Object,string,object[])
UnityEngine.Logger:Log (UnityEngine.LogType,object)
UnityEngine.Debug:Log (object)
Mujoco.MjcfImporter:ParseSensorType (System.Xml.XmlElement) (at ./Library/PackageCache/org.mujoco@72cb2b210d/Runtime/Importer/MjcfImporter.cs:398)
Mujoco.MjcfImporter:ParseRoot (UnityEngine.GameObject,System.Xml.XmlElement) (at ./Library/PackageCache/org.mujoco@72cb2b210d/Runtime/Importer/MjcfImporter.cs:208)
Mujoco.MjImporterWithAssets:ParseRoot (UnityEngine.GameObject,System.Xml.XmlElement) (at ./Library/PackageCache/org.mujoco@72cb2b210d/Editor/Importer/MjImporterWithAssets.cs:91)
Mujoco.MjcfImporter:ImportXml (System.Xml.XmlDocument,string) (at ./Library/PackageCache/org.mujoco@72cb2b210d/Runtime/Importer/MjcfImporter.cs:100)
Mujoco.MjImporterWithAssets:ImportString (string,string,string) (at ./Library/PackageCache/org.mujoco@72cb2b210d/Editor/Importer/MjImporterWithAssets.cs:75)
Asimov.UnityMujoco.Editor.MjcfEpisodeSceneGenerator:ImportExpandedEpisodeScene (Asimov.UnityMujoco.EpisodeConfig,string) (at Assets/AsimovMujoco/Editor/MjcfEpisodeSceneGenerator.cs:128)
Asimov.UnityMujoco.Editor.MjcfEpisodeSceneGenerator:ImportEpisodeScene (Asimov.UnityMujoco.EpisodeConfig) (at Assets/AsimovMujoco/Editor/MjcfEpisodeSceneGenerator.cs:96)
Asimov.UnityMujoco.Editor.MjcfEpisodeSceneGenerator:ImportAllEpisodeScenes () (at Assets/AsimovMujoco/Editor/MjcfEpisodeSceneGenerator.cs:56)
Asimov.UnityMujoco.Editor.MjcfEpisodeSceneGenerator:BootstrapProject () (at Assets/AsimovMujoco/Editor/MjcfEpisodeSceneGenerator.cs:29)

(Filename: ./Library/PackageCache/org.mujoco@72cb2b210d/Runtime/Importer/MjcfImporter.cs Line: 398)

The importer does not yet support sensor <jointactuatorfrc>.
UnityEngine.StackTraceUtility:ExtractStackTrace () (at /home/bokken/build/output/unity/unity/Runtime/Export/Scripting/StackTrace.cs:37)
UnityEngine.DebugLogHandler:LogFormat (UnityEngine.LogType,UnityEngine.Object,string,object[])
UnityEngine.Logger:Log (UnityEngine.LogType,object)
UnityEngine.Debug:Log (object)
Mujoco.MjcfImporter:ParseSensorType (System.Xml.XmlElement) (at ./Library/PackageCache/org.mujoco@72cb2b210d/Runtime/Importer/MjcfImporter.cs:398)
Mujoco.MjcfImporter:ParseRoot (UnityEngine.GameObject,System.Xml.XmlElement) (at ./Library/PackageCache/org.mujoco@72cb2b210d/Runtime/Importer/MjcfImporter.cs:208)
Mujoco.MjImporterWithAssets:ParseRoot (UnityEngine.GameObject,System.Xml.XmlElement) (at ./Library/PackageCache/org.mujoco@72cb2b210d/Editor/Importer/MjImporterWithAssets.cs:91)
Mujoco.MjcfImporter:ImportXml (System.Xml.XmlDocument,string) (at ./Library/PackageCache/org.mujoco@72cb2b210d/Runtime/Importer/MjcfImporter.cs:100)
Mujoco.MjImporterWithAssets:ImportString (string,string,string) (at ./Library/PackageCache/org.mujoco@72cb2b210d/Editor/Importer/MjImporterWithAssets.cs:75)
Asimov.UnityMujoco.Editor.MjcfEpisodeSceneGenerator:ImportExpandedEpisodeScene (Asimov.UnityMujoco.EpisodeConfig,string) (at Assets/AsimovMujoco/Editor/MjcfEpisodeSceneGenerator.cs:128)
Asimov.UnityMujoco.Editor.MjcfEpisodeSceneGenerator:ImportEpisodeScene (Asimov.UnityMujoco.EpisodeConfig) (at Assets/AsimovMujoco/Editor/MjcfEpisodeSceneGenerator.cs:96)
Asimov.UnityMujoco.Editor.MjcfEpisodeSceneGenerator:ImportAllEpisodeScenes () (at Assets/AsimovMujoco/Editor/MjcfEpisodeSceneGenerator.cs:56)
Asimov.UnityMujoco.Editor.MjcfEpisodeSceneGenerator:BootstrapProject () (at Assets/AsimovMujoco/Editor/MjcfEpisodeSceneGenerator.cs:29)

(Filename: ./Library/PackageCache/org.mujoco@72cb2b210d/Runtime/Importer/MjcfImporter.cs Line: 398)

Start importing Assets/AsimovMujoco/Scenes/g1_lateral_open.unity using Guid(cc038b99bea5b4c4ea85bae3bd71d738) Importer(-1,00000000000000000000000000000000) [PhysX] Initialized MultithreadedTaskDispatcher with 22 workers.
 -> (artifact id: '94695a2255e26781ca4b43b0ebe1de1a') in 0.000542 seconds
Refreshing native plugins compatible for Editor in 0.06 ms, found 0 plugins.
Preloading 0 native plugins for Editor in 0.00 ms.
Asset Pipeline Refresh (id=9f9021802af4e9298b1ed9bc52f3b084): Total: 0.005 seconds - Initiated by StopAssetImportingV2(NoUpdateAssetOptions)
Created imported MuJoCo episode scene Assets/AsimovMujoco/Scenes/g1_lateral_open.unity
UnityEngine.StackTraceUtility:ExtractStackTrace () (at /home/bokken/build/output/unity/unity/Runtime/Export/Scripting/StackTrace.cs:37)
UnityEngine.DebugLogHandler:LogFormat (UnityEngine.LogType,UnityEngine.Object,string,object[])
UnityEngine.Logger:Log (UnityEngine.LogType,object)
UnityEngine.Debug:Log (object)
Asimov.UnityMujoco.Editor.MjcfEpisodeSceneGenerator:ImportEpisodeScene (Asimov.UnityMujoco.EpisodeConfig) (at Assets/AsimovMujoco/Editor/MjcfEpisodeSceneGenerator.cs:121)
Asimov.UnityMujoco.Editor.MjcfEpisodeSceneGenerator:ImportAllEpisodeScenes () (at Assets/AsimovMujoco/Editor/MjcfEpisodeSceneGenerator.cs:56)
Asimov.UnityMujoco.Editor.MjcfEpisodeSceneGenerator:BootstrapProject () (at Assets/AsimovMujoco/Editor/MjcfEpisodeSceneGenerator.cs:29)

(Filename: Assets/AsimovMujoco/Editor/MjcfEpisodeSceneGenerator.cs Line: 121)

[PhysX] Initialized MultithreadedTaskDispatcher with 22 workers.
Unloading 1 Unused Serialized files (Serialized files now loaded: 0)
Unloading 267 unused Assets / (333.9 KB). Loaded Objects now: 1250.
Memory consumption went from 96.9 MB to 96.6 MB.
Total: 3.195974 ms (FindLiveObjects: 0.058748 ms CreateObjectMapping: 0.012115 ms MarkObjects: 2.773160 ms  DeleteObjects: 0.351069 ms)

Refreshing native plugins compatible for Editor in 0.07 ms, found 0 plugins.
Preloading 0 native plugins for Editor in 0.00 ms.
Asset Pipeline Refresh (id=5f65f4ad6c43f29be9b83895b7b5b62b): Total: 0.011 seconds - Initiated by StopAssetImportingV2(NoUpdateAssetOptions)
Meshes locations: source = /home/luis/palingenesys/asimovbm/unity_mujoco_slam/Assets/AsimovMujoco/GeneratedMjcf/../GeneratedMeshes/g1, target = /home/luis/palingenesys/asimovbm/unity_mujoco_slam/Assets/Local/MjImports/g1_lateral_static_dynamic_obstacles_imported/Resources
UnityEngine.StackTraceUtility:ExtractStackTrace () (at /home/bokken/build/output/unity/unity/Runtime/Export/Scripting/StackTrace.cs:37)
UnityEngine.DebugLogHandler:LogFormat (UnityEngine.LogType,UnityEngine.Object,string,object[])
UnityEngine.Logger:Log (UnityEngine.LogType,object)
UnityEngine.Debug:Log (object)
Mujoco.MjImporterWithAssets:ConfigureMeshPath (string,string,System.Xml.XmlDocument) (at ./Library/PackageCache/org.mujoco@72cb2b210d/Editor/Importer/MjImporterWithAssets.cs:119)
Mujoco.MjImporterWithAssets:ImportString (string,string,string) (at ./Library/PackageCache/org.mujoco@72cb2b210d/Editor/Importer/MjImporterWithAssets.cs:72)
Asimov.UnityMujoco.Editor.MjcfEpisodeSceneGenerator:ImportExpandedEpisodeScene (Asimov.UnityMujoco.EpisodeConfig,string) (at Assets/AsimovMujoco/Editor/MjcfEpisodeSceneGenerator.cs:128)
Asimov.UnityMujoco.Editor.MjcfEpisodeSceneGenerator:ImportEpisodeScene (Asimov.UnityMujoco.EpisodeConfig) (at Assets/AsimovMujoco/Editor/MjcfEpisodeSceneGenerator.cs:96)
Asimov.UnityMujoco.Editor.MjcfEpisodeSceneGenerator:ImportAllEpisodeScenes () (at Assets/AsimovMujoco/Editor/MjcfEpisodeSceneGenerator.cs:56)
Asimov.UnityMujoco.Editor.MjcfEpisodeSceneGenerator:BootstrapProject () (at Assets/AsimovMujoco/Editor/MjcfEpisodeSceneGenerator.cs:29)

(Filename: ./Library/PackageCache/org.mujoco@72cb2b210d/Editor/Importer/MjImporterWithAssets.cs Line: 119)

Start importing Assets/Local/MjImports/g1_lateral_static_dynamic_obstacles_imported using Guid(28895d58ce65edba68066bef89dd38ae) Importer(-1,00000000000000000000000000000000) [PhysX] Initialized MultithreadedTaskDispatcher with 22 workers.
 -> (artifact id: '3f159fb27295f3c232bf4873b70f0396') in 0.000655 seconds
Start importing Assets/Local/MjImports/g1_lateral_static_dynamic_obstacles_imported/Resources using Guid(2c95bb3cf6e1b8a98abe077d3038be32) Importer(-1,00000000000000000000000000000000) [PhysX] Initialized MultithreadedTaskDispatcher with 22 workers.
 -> (artifact id: '0a618f3fe2241e8964502a46a9287c9d') in 0.000398 seconds
Start importing Assets/Local/MjImports/g1_lateral_static_dynamic_obstacles_imported/Resources/pelvis.stl using Guid(5fbb78a3ca2ad38f8ad3648a8f04ac7d) Importer(-1,00000000000000000000000000000000) [PhysX] Initialized MultithreadedTaskDispatcher with 22 workers.
 -> (artifact id: '7ce829f03c8a366c8752b2ed8dacfc15') in 0.027348 seconds
Refreshing native plugins compatible for Editor in 0.08 ms, found 0 plugins.
Preloading 0 native plugins for Editor in 0.00 ms.
Asset Pipeline Refresh (id=333458ef8d9077246b29e1fc39263f38): Total: 0.060 seconds - Initiated by StopAssetImportingV2(NoUpdateAssetOptions)
Start importing Assets/Local/MjImports/g1_lateral_static_dynamic_obstacles_imported/Resources/pelvis_contour_link.stl using Guid(853745e820257754f8a2661cfdafd640) Importer(-1,00000000000000000000000000000000) [PhysX] Initialized MultithreadedTaskDispatcher with 22 workers.
 -> (artifact id: 'a02453f59cf6889a7d401259b9494870') in 0.042066 seconds
Refreshing native plugins compatible for Editor in 0.09 ms, found 0 plugins.
Preloading 0 native plugins for Editor in 0.00 ms.
Asset Pipeline Refresh (id=2e333d92d10fe642a8d4d8a29f180315): Total: 0.058 seconds - Initiated by StopAssetImportingV2(NoUpdateAssetOptions)
Start importing Assets/Local/MjImports/g1_lateral_static_dynamic_obstacles_imported/Resources/left_hip_pitch_link.stl using Guid(b246bfd4da470e18b939ad2f5ef09aab) Importer(-1,00000000000000000000000000000000) [PhysX] Initialized MultithreadedTaskDispatcher with 22 workers.
 -> (artifact id: '0573ab12347ddc51ca2671c5b5151e66') in 0.005243 seconds
Refreshing native plugins compatible for Editor in 0.14 ms, found 0 plugins.
Preloading 0 native plugins for Editor in 0.00 ms.
Asset Pipeline Refresh (id=b82efc4f9075b5a25bf038cf6f531d7e): Total: 0.032 seconds - Initiated by StopAssetImportingV2(NoUpdateAssetOptions)
Start importing Assets/Local/MjImports/g1_lateral_static_dynamic_obstacles_imported/Resources/left_hip_roll_link.stl using Guid(7d15e459ebb10694c8d6281440f8602e) Importer(-1,00000000000000000000000000000000) [PhysX] Initialized MultithreadedTaskDispatcher with 22 workers.
 -> (artifact id: 'a0969a1e836e4e60edca6074822191f1') in 0.005832 seconds
Refreshing native plugins compatible for Editor in 0.14 ms, found 0 plugins.
Preloading 0 native plugins for Editor in 0.00 ms.
Asset Pipeline Refresh (id=c817a106ef636588d850895afc56bf2e): Total: 0.016 seconds - Initiated by StopAssetImportingV2(NoUpdateAssetOptions)
Start importing Assets/Local/MjImports/g1_lateral_static_dynamic_obstacles_imported/Resources/left_hip_yaw_link.stl using Guid(5f825e2fd19d8531a86ec59785c5462c) Importer(-1,00000000000000000000000000000000) [PhysX] Initialized MultithreadedTaskDispatcher with 22 workers.
 -> (artifact id: '829362a23fecc5d6f85525b2a194ad4c') in 0.009812 seconds
Refreshing native plugins compatible for Editor in 0.12 ms, found 0 plugins.
Preloading 0 native plugins for Editor in 0.00 ms.
Asset Pipeline Refresh (id=b0b686e38e956ebadaa35756be42b27b): Total: 0.017 seconds - Initiated by StopAssetImportingV2(NoUpdateAssetOptions)
Start importing Assets/Local/MjImports/g1_lateral_static_dynamic_obstacles_imported/Resources/left_knee_link.stl using Guid(d139511eeab5e92efb274140aa327ea0) Importer(-1,00000000000000000000000000000000) [PhysX] Initialized MultithreadedTaskDispatcher with 22 workers.
 -> (artifact id: 'd789ae0fc2f1a5379aa9b58747bea14a') in 0.021970 seconds
Refreshing native plugins compatible for Editor in 0.11 ms, found 0 plugins.
Preloading 0 native plugins for Editor in 0.00 ms.
Asset Pipeline Refresh (id=102372c92c07b8dac89b2398c0a8e3b2): Total: 0.035 seconds - Initiated by StopAssetImportingV2(NoUpdateAssetOptions)
Start importing Assets/Local/MjImports/g1_lateral_static_dynamic_obstacles_imported/Resources/left_ankle_pitch_link.stl using Guid(da0cd81a0f64c6f59a33a0aa1774992c) Importer(-1,00000000000000000000000000000000) [PhysX] Initialized MultithreadedTaskDispatcher with 22 workers.
 -> (artifact id: '9a7effffe6c91188d1ebcbc81873ec6f') in 0.003344 seconds
Refreshing native plugins compatible for Editor in 0.09 ms, found 0 plugins.
Preloading 0 native plugins for Editor in 0.00 ms.
Asset Pipeline Refresh (id=a8eae6138effc6340817e5fbedd86d1a): Total: 0.016 seconds - Initiated by StopAssetImportingV2(NoUpdateAssetOptions)
Start importing Assets/Local/MjImports/g1_lateral_static_dynamic_obstacles_imported/Resources/left_ankle_roll_link.stl using Guid(c765c2da569d1007db6cc773b78e04ed) Importer(-1,00000000000000000000000000000000) [PhysX] Initialized MultithreadedTaskDispatcher with 22 workers.
 -> (artifact id: '5babd9447e14905db650be0d792ecde0') in 0.017146 seconds
Refreshing native plugins compatible for Editor in 0.13 ms, found 0 plugins.
Preloading 0 native plugins for Editor in 0.00 ms.
Asset Pipeline Refresh (id=9c9c884759f73be07ba0b80043f1a439): Total: 0.026 seconds - Initiated by StopAssetImportingV2(NoUpdateAssetOptions)
Start importing Assets/Local/MjImports/g1_lateral_static_dynamic_obstacles_imported/Resources/right_hip_pitch_link.stl using Guid(eb4db06aa235c1266b9fe873a13162d8) Importer(-1,00000000000000000000000000000000) [PhysX] Initialized MultithreadedTaskDispatcher with 22 workers.
 -> (artifact id: 'a1e2f55eab04ded3b5785ddbc3baf50f') in 0.004617 seconds
Refreshing native plugins compatible for Editor in 0.11 ms, found 0 plugins.
Preloading 0 native plugins for Editor in 0.00 ms.
Asset Pipeline Refresh (id=65bf498657720b13d8e7a30439a82890): Total: 0.009 seconds - Initiated by StopAssetImportingV2(NoUpdateAssetOptions)
Start importing Assets/Local/MjImports/g1_lateral_static_dynamic_obstacles_imported/Resources/right_hip_roll_link.stl using Guid(6c4e611c90c0e411e8670bfd10e3ff2c) Importer(-1,00000000000000000000000000000000) [PhysX] Initialized MultithreadedTaskDispatcher with 22 workers.
 -> (artifact id: 'c01b1c0d21772f3194d6f5144dea1f10') in 0.005576 seconds
Refreshing native plugins compatible for Editor in 0.07 ms, found 0 plugins.
Preloading 0 native plugins for Editor in 0.00 ms.
Asset Pipeline Refresh (id=14b04d41bf144d751814874af94cb9cd): Total: 0.017 seconds - Initiated by StopAssetImportingV2(NoUpdateAssetOptions)
Start importing Assets/Local/MjImports/g1_lateral_static_dynamic_obstacles_imported/Resources/right_hip_yaw_link.stl using Guid(4f77fa963438883f8a2c293195b4805f) Importer(-1,00000000000000000000000000000000) [PhysX] Initialized MultithreadedTaskDispatcher with 22 workers.
 -> (artifact id: 'd2d3c578d10a24569f8e116f8dbb739c') in 0.009604 seconds
Refreshing native plugins compatible for Editor in 0.14 ms, found 0 plugins.
Preloading 0 native plugins for Editor in 0.00 ms.
Asset Pipeline Refresh (id=435690350d3c118cbb6852617a0adbe8): Total: 0.022 seconds - Initiated by StopAssetImportingV2(NoUpdateAssetOptions)
Start importing Assets/Local/MjImports/g1_lateral_static_dynamic_obstacles_imported/Resources/right_knee_link.stl using Guid(4ba09815330129955930cebbb1dc1e08) Importer(-1,00000000000000000000000000000000) [PhysX] Initialized MultithreadedTaskDispatcher with 22 workers.
 -> (artifact id: 'ee77d02ae3f42f4dd546391c6731fc9c') in 0.022857 seconds
Refreshing native plugins compatible for Editor in 0.14 ms, found 0 plugins.
Preloading 0 native plugins for Editor in 0.00 ms.
Asset Pipeline Refresh (id=b3eba3dd95bc20de890c6881dfef47ee): Total: 0.032 seconds - Initiated by StopAssetImportingV2(NoUpdateAssetOptions)
Start importing Assets/Local/MjImports/g1_lateral_static_dynamic_obstacles_imported/Resources/right_ankle_pitch_link.stl using Guid(94060319e559e7878ac63e7fde691785) Importer(-1,00000000000000000000000000000000) [PhysX] Initialized MultithreadedTaskDispatcher with 22 workers.
 -> (artifact id: '96c716e093718edcb2f15a434d2401ac') in 0.002827 seconds
Refreshing native plugins compatible for Editor in 0.12 ms, found 0 plugins.
Preloading 0 native plugins for Editor in 0.00 ms.
Asset Pipeline Refresh (id=2eeb051615b9f518da4b9b9542ca18d9): Total: 0.008 seconds - Initiated by StopAssetImportingV2(NoUpdateAssetOptions)
Start importing Assets/Local/MjImports/g1_lateral_static_dynamic_obstacles_imported/Resources/right_ankle_roll_link.stl using Guid(43b8fedaa0579eeb49831f27d0831f3f) Importer(-1,00000000000000000000000000000000) [PhysX] Initialized MultithreadedTaskDispatcher with 22 workers.
 -> (artifact id: '7600b1fe7ba9b2bb7282a95c31409068') in 0.016562 seconds
Refreshing native plugins compatible for Editor in 0.13 ms, found 0 plugins.
Preloading 0 native plugins for Editor in 0.00 ms.
Asset Pipeline Refresh (id=a4ec3a00e2da7d8e193d76916e27fcb5): Total: 0.025 seconds - Initiated by StopAssetImportingV2(NoUpdateAssetOptions)
Start importing Assets/Local/MjImports/g1_lateral_static_dynamic_obstacles_imported/Resources/waist_yaw_link.stl using Guid(2f7458a082b724792894d3b17d13dad3) Importer(-1,00000000000000000000000000000000) [PhysX] Initialized MultithreadedTaskDispatcher with 22 workers.
 -> (artifact id: 'd870359f2b96453141914584c284aadb') in 0.010668 seconds
Refreshing native plugins compatible for Editor in 0.12 ms, found 0 plugins.
Preloading 0 native plugins for Editor in 0.00 ms.
Asset Pipeline Refresh (id=1a2ef300d3b0e09deba3f496c12d5ea6): Total: 0.022 seconds - Initiated by StopAssetImportingV2(NoUpdateAssetOptions)
Start importing Assets/Local/MjImports/g1_lateral_static_dynamic_obstacles_imported/Resources/waist_roll_link.stl using Guid(a2dfaaed0bec2c6fb8e408918f5d30c4) Importer(-1,00000000000000000000000000000000) [PhysX] Initialized MultithreadedTaskDispatcher with 22 workers.
 -> (artifact id: 'a75a5e7592b7a21bf8d9a528554c64bc') in 0.002536 seconds
Refreshing native plugins compatible for Editor in 0.10 ms, found 0 plugins.
Preloading 0 native plugins for Editor in 0.00 ms.
Asset Pipeline Refresh (id=17be4711c731399639a6c0b74356d4c5): Total: 0.008 seconds - Initiated by StopAssetImportingV2(NoUpdateAssetOptions)
Start importing Assets/Local/MjImports/g1_lateral_static_dynamic_obstacles_imported/Resources/torso_link.stl using Guid(dab499e52e836680cbc0358e00ff379e) Importer(-1,00000000000000000000000000000000) [PhysX] Initialized MultithreadedTaskDispatcher with 22 workers.
 -> (artifact id: '3fd71f230232a8b0e5037aa6a3ceed1b') in 0.056069 seconds
Refreshing native plugins compatible for Editor in 0.08 ms, found 0 plugins.
Preloading 0 native plugins for Editor in 0.00 ms.
Asset Pipeline Refresh (id=8adb183b378bfbc9080e3c633ea957e7): Total: 0.066 seconds - Initiated by StopAssetImportingV2(NoUpdateAssetOptions)
Start importing Assets/Local/MjImports/g1_lateral_static_dynamic_obstacles_imported/Resources/logo_link.stl using Guid(d1f4b42206ed406ee8657f51588324e7) Importer(-1,00000000000000000000000000000000) [PhysX] Initialized MultithreadedTaskDispatcher with 22 workers.
 -> (artifact id: '6b1a88d92d74a8cd1de0384052fde274') in 0.008080 seconds
Refreshing native plugins compatible for Editor in 0.07 ms, found 0 plugins.
Preloading 0 native plugins for Editor in 0.00 ms.
Asset Pipeline Refresh (id=0dc5c902b14699d79af94302ac55e3e9): Total: 0.013 seconds - Initiated by StopAssetImportingV2(NoUpdateAssetOptions)
Start importing Assets/Local/MjImports/g1_lateral_static_dynamic_obstacles_imported/Resources/head_link.stl using Guid(473742e090c9a844ab85e18cc0353a30) Importer(-1,00000000000000000000000000000000) [PhysX] Initialized MultithreadedTaskDispatcher with 22 workers.
 -> (artifact id: '339a1691ad983358afdfe3ac94a65c3e') in 0.011580 seconds
Refreshing native plugins compatible for Editor in 0.07 ms, found 0 plugins.
Preloading 0 native plugins for Editor in 0.00 ms.
Asset Pipeline Refresh (id=15eff695ad47189fb862725968a529b7): Total: 0.016 seconds - Initiated by StopAssetImportingV2(NoUpdateAssetOptions)
Start importing Assets/Local/MjImports/g1_lateral_static_dynamic_obstacles_imported/Resources/waist_support_link.stl using Guid(3f8b1c93a6e6becfd8572662e2a0fba4) Importer(-1,00000000000000000000000000000000) [PhysX] Initialized MultithreadedTaskDispatcher with 22 workers.
 -> (artifact id: '8fb7add254725ee63bf1ed7a0466b426') in 0.004348 seconds
Refreshing native plugins compatible for Editor in 0.07 ms, found 0 plugins.
Preloading 0 native plugins for Editor in 0.00 ms.
Asset Pipeline Refresh (id=44b4389edb4bea7c6a37160cd8093a79): Total: 0.008 seconds - Initiated by StopAssetImportingV2(NoUpdateAssetOptions)
Start importing Assets/Local/MjImports/g1_lateral_static_dynamic_obstacles_imported/Resources/left_shoulder_pitch_link.stl using Guid(2eeffeeb31ee21cdb82ec89eaa18d789) Importer(-1,00000000000000000000000000000000) [PhysX] Initialized MultithreadedTaskDispatcher with 22 workers.
 -> (artifact id: '0db114a7de6ebfb5dbcb955c54a99e62') in 0.005476 seconds
Refreshing native plugins compatible for Editor in 0.13 ms, found 0 plugins.
Preloading 0 native plugins for Editor in 0.00 ms.
Asset Pipeline Refresh (id=148b6529740ec13a09cf92ffdc73368a): Total: 0.012 seconds - Initiated by StopAssetImportingV2(NoUpdateAssetOptions)
Start importing Assets/Local/MjImports/g1_lateral_static_dynamic_obstacles_imported/Resources/left_shoulder_roll_link.stl using Guid(0e913259d5d5123b8894631b56860223) Importer(-1,00000000000000000000000000000000) [PhysX] Initialized MultithreadedTaskDispatcher with 22 workers.
 -> (artifact id: '06dfb198fbb805b50fe4b4f73d0d5643') in 0.010861 seconds
Refreshing native plugins compatible for Editor in 0.07 ms, found 0 plugins.
Preloading 0 native plugins for Editor in 0.00 ms.
Asset Pipeline Refresh (id=a070d20e688b444e88c6536df25efb06): Total: 0.015 seconds - Initiated by StopAssetImportingV2(NoUpdateAssetOptions)
Start importing Assets/Local/MjImports/g1_lateral_static_dynamic_obstacles_imported/Resources/left_shoulder_yaw_link.stl using Guid(e902e3c30f66e364b840bf0f42b18700) Importer(-1,00000000000000000000000000000000) [PhysX] Initialized MultithreadedTaskDispatcher with 22 workers.
 -> (artifact id: 'da42a22344c3bf9a8b0ea3fc577b829a') in 0.007758 seconds
Refreshing native plugins compatible for Editor in 0.14 ms, found 0 plugins.
Preloading 0 native plugins for Editor in 0.00 ms.
Asset Pipeline Refresh (id=51ed0015c694fd097b9da0994cef520a): Total: 0.012 seconds - Initiated by StopAssetImportingV2(NoUpdateAssetOptions)
Start importing Assets/Local/MjImports/g1_lateral_static_dynamic_obstacles_imported/Resources/left_elbow_link.stl using Guid(20b2e09dd32048fe98f566e07cdfa79b) Importer(-1,00000000000000000000000000000000) [PhysX] Initialized MultithreadedTaskDispatcher with 22 workers.
 -> (artifact id: '382c8eb0378f395453f138312b4658da') in 0.004520 seconds
Refreshing native plugins compatible for Editor in 0.07 ms, found 0 plugins.
Preloading 0 native plugins for Editor in 0.00 ms.
Asset Pipeline Refresh (id=59d23b05886e28bffbe5d8af7f2efee5): Total: 0.009 seconds - Initiated by StopAssetImportingV2(NoUpdateAssetOptions)
Start importing Assets/Local/MjImports/g1_lateral_static_dynamic_obstacles_imported/Resources/left_wrist_roll_link.stl using Guid(4b4e8b5879f1454fe9b6b58fef4f274f) Importer(-1,00000000000000000000000000000000) [PhysX] Initialized MultithreadedTaskDispatcher with 22 workers.
 -> (artifact id: 'ff2f3d37a6bdfb43a0d1f62cf87b4084') in 0.009861 seconds
Refreshing native plugins compatible for Editor in 0.08 ms, found 0 plugins.
Preloading 0 native plugins for Editor in 0.00 ms.
Asset Pipeline Refresh (id=4643482f7e761c1879f77c51c4182532): Total: 0.014 seconds - Initiated by StopAssetImportingV2(NoUpdateAssetOptions)
Start importing Assets/Local/MjImports/g1_lateral_static_dynamic_obstacles_imported/Resources/left_wrist_pitch_link.stl using Guid(62f8003ba2eeef7cc8074cdf9271e5bc) Importer(-1,00000000000000000000000000000000) [PhysX] Initialized MultithreadedTaskDispatcher with 22 workers.
 -> (artifact id: '135d21123bb490a9ad2c2480a35e23a8') in 0.002865 seconds
Refreshing native plugins compatible for Editor in 0.12 ms, found 0 plugins.
Preloading 0 native plugins for Editor in 0.00 ms.
Asset Pipeline Refresh (id=641b4d6d4c1d15524843f5b2a2ec658e): Total: 0.007 seconds - Initiated by StopAssetImportingV2(NoUpdateAssetOptions)
Start importing Assets/Local/MjImports/g1_lateral_static_dynamic_obstacles_imported/Resources/left_wrist_yaw_link.stl using Guid(6ed2d5dc29a59d85da89e1bb0264039f) Importer(-1,00000000000000000000000000000000) [PhysX] Initialized MultithreadedTaskDispatcher with 22 workers.
 -> (artifact id: '7c1867afb01f74e79c61c0e398b397da') in 0.010403 seconds
Refreshing native plugins compatible for Editor in 0.08 ms, found 0 plugins.
Preloading 0 native plugins for Editor in 0.00 ms.
Asset Pipeline Refresh (id=3717f1037b4c49185ab5311986c9df35): Total: 0.015 seconds - Initiated by StopAssetImportingV2(NoUpdateAssetOptions)
Start importing Assets/Local/MjImports/g1_lateral_static_dynamic_obstacles_imported/Resources/left_rubber_hand.stl using Guid(c299403d5fa7bcb84be4a794f27cb69e) Importer(-1,00000000000000000000000000000000) [PhysX] Initialized MultithreadedTaskDispatcher with 22 workers.
 -> (artifact id: '5197afb8b1f0b3330fbcebdb50a0d2ef') in 0.049286 seconds
Refreshing native plugins compatible for Editor in 0.09 ms, found 0 plugins.
Preloading 0 native plugins for Editor in 0.00 ms.
Asset Pipeline Refresh (id=0aafe4914916d3ab0bb9519c575bf13a): Total: 0.056 seconds - Initiated by StopAssetImportingV2(NoUpdateAssetOptions)
Start importing Assets/Local/MjImports/g1_lateral_static_dynamic_obstacles_imported/Resources/right_shoulder_pitch_link.stl using Guid(9f2d74320e16154b8820b5a38260c9f1) Importer(-1,00000000000000000000000000000000) [PhysX] Initialized MultithreadedTaskDispatcher with 22 workers.
 -> (artifact id: 'bbdc8b056a75b8a0651e3993afdbfe32') in 0.004544 seconds
Refreshing native plugins compatible for Editor in 0.12 ms, found 0 plugins.
Preloading 0 native plugins for Editor in 0.00 ms.
Asset Pipeline Refresh (id=d893d032d47135aa29d722245577d2ce): Total: 0.009 seconds - Initiated by StopAssetImportingV2(NoUpdateAssetOptions)
Start importing Assets/Local/MjImports/g1_lateral_static_dynamic_obstacles_imported/Resources/right_shoulder_roll_link.stl using Guid(b1a744eff48a4d2009560659dad6ea60) Importer(-1,00000000000000000000000000000000) [PhysX] Initialized MultithreadedTaskDispatcher with 22 workers.
 -> (artifact id: '0f9730ddb4fd36ca1d7b02c3375de55e') in 0.009341 seconds
Refreshing native plugins compatible for Editor in 0.11 ms, found 0 plugins.
Preloading 0 native plugins for Editor in 0.00 ms.
Asset Pipeline Refresh (id=df31ee6805f45f4e9969c7a886a025fb): Total: 0.014 seconds - Initiated by StopAssetImportingV2(NoUpdateAssetOptions)
Start importing Assets/Local/MjImports/g1_lateral_static_dynamic_obstacles_imported/Resources/right_shoulder_yaw_link.stl using Guid(5103d92d4cd4a425fbeedf5d3d4ad8fa) Importer(-1,00000000000000000000000000000000) [PhysX] Initialized MultithreadedTaskDispatcher with 22 workers.
 -> (artifact id: '3e5d578a8b3142ad3953ca241c4d72d6') in 0.006191 seconds
Refreshing native plugins compatible for Editor in 0.10 ms, found 0 plugins.
Preloading 0 native plugins for Editor in 0.00 ms.
Asset Pipeline Refresh (id=9e6cfec59d72afcd185323f46f13b90a): Total: 0.013 seconds - Initiated by StopAssetImportingV2(NoUpdateAssetOptions)
Start importing Assets/Local/MjImports/g1_lateral_static_dynamic_obstacles_imported/Resources/right_elbow_link.stl using Guid(e409f6291c9235ef4a735c57daf1a9f4) Importer(-1,00000000000000000000000000000000) [PhysX] Initialized MultithreadedTaskDispatcher with 22 workers.
 -> (artifact id: '25f3d971ddc6df358f7c7544e9e60dd5') in 0.003165 seconds
Refreshing native plugins compatible for Editor in 0.07 ms, found 0 plugins.
Preloading 0 native plugins for Editor in 0.00 ms.
Asset Pipeline Refresh (id=deb177862e040145e8ce0881fc310e37): Total: 0.007 seconds - Initiated by StopAssetImportingV2(NoUpdateAssetOptions)
Start importing Assets/Local/MjImports/g1_lateral_static_dynamic_obstacles_imported/Resources/right_wrist_roll_link.stl using Guid(9c0bc36d2401136c3bacdd0e4eba3b45) Importer(-1,00000000000000000000000000000000) [PhysX] Initialized MultithreadedTaskDispatcher with 22 workers.
 -> (artifact id: '5c253b466aabe599d7853c83defc920e') in 0.010321 seconds
Refreshing native plugins compatible for Editor in 0.10 ms, found 0 plugins.
Preloading 0 native plugins for Editor in 0.00 ms.
Asset Pipeline Refresh (id=4589cab5693157de39c2d197e7e49faa): Total: 0.015 seconds - Initiated by StopAssetImportingV2(NoUpdateAssetOptions)
Start importing Assets/Local/MjImports/g1_lateral_static_dynamic_obstacles_imported/Resources/right_wrist_pitch_link.stl using Guid(f83a2dd1a6e35ec0dbbf896f1ea98a8a) Importer(-1,00000000000000000000000000000000) [PhysX] Initialized MultithreadedTaskDispatcher with 22 workers.
 -> (artifact id: '32d0db8c472da1d94c319f9d284b6d29') in 0.003064 seconds
Refreshing native plugins compatible for Editor in 0.10 ms, found 0 plugins.
Preloading 0 native plugins for Editor in 0.00 ms.
Asset Pipeline Refresh (id=5f69cb3cac2d6094e9361dc3897ecc9e): Total: 0.007 seconds - Initiated by StopAssetImportingV2(NoUpdateAssetOptions)
Start importing Assets/Local/MjImports/g1_lateral_static_dynamic_obstacles_imported/Resources/right_wrist_yaw_link.stl using Guid(4871d2a1d71470f0ea31052047649b76) Importer(-1,00000000000000000000000000000000) [PhysX] Initialized MultithreadedTaskDispatcher with 22 workers.
 -> (artifact id: '7ff672362c435e9c6843d9ad8a087159') in 0.009994 seconds
Refreshing native plugins compatible for Editor in 0.07 ms, found 0 plugins.
Preloading 0 native plugins for Editor in 0.00 ms.
Asset Pipeline Refresh (id=04fcaf3fc7229277881298d68afc4f6d): Total: 0.014 seconds - Initiated by StopAssetImportingV2(NoUpdateAssetOptions)
Start importing Assets/Local/MjImports/g1_lateral_static_dynamic_obstacles_imported/Resources/right_rubber_hand.stl using Guid(d9e5e8adb482c811b8c7425287a20aa9) Importer(-1,00000000000000000000000000000000) [PhysX] Initialized MultithreadedTaskDispatcher with 22 workers.
 -> (artifact id: '057057a7200e54cc47ab17b754df88e8') in 0.053517 seconds
Refreshing native plugins compatible for Editor in 0.11 ms, found 0 plugins.
Preloading 0 native plugins for Editor in 0.00 ms.
Asset Pipeline Refresh (id=c8f41d82d0ac2be17a4371b60e608ac0): Total: 0.058 seconds - Initiated by StopAssetImportingV2(NoUpdateAssetOptions)
Refreshing native plugins compatible for Editor in 0.06 ms, found 0 plugins.
Preloading 0 native plugins for Editor in 0.00 ms.
Asset Pipeline Refresh (id=8dfe492aafe8177cbbf2b70a5b308c00): Total: 0.004 seconds - Initiated by StopAssetImportingV2(NoUpdateAssetOptions)
Refreshing native plugins compatible for Editor in 0.06 ms, found 0 plugins.
Preloading 0 native plugins for Editor in 0.00 ms.
Asset Pipeline Refresh (id=ac9dfca906bcf362298b7610a18a568f): Total: 0.003 seconds - Initiated by StopAssetImportingV2(NoUpdateAssetOptions)
Refreshing native plugins compatible for Editor in 0.09 ms, found 0 plugins.
Preloading 0 native plugins for Editor in 0.00 ms.
Asset Pipeline Refresh (id=5796c1303e47f4d1c805acb3b2985b97): Total: 0.003 seconds - Initiated by StopAssetImportingV2(NoUpdateAssetOptions)
Refreshing native plugins compatible for Editor in 0.05 ms, found 0 plugins.
Preloading 0 native plugins for Editor in 0.00 ms.
Asset Pipeline Refresh (id=f8e0c9b1c915a8687801ecfe208e183c): Total: 0.003 seconds - Initiated by StopAssetImportingV2(NoUpdateAssetOptions)
Refreshing native plugins compatible for Editor in 0.05 ms, found 0 plugins.
Preloading 0 native plugins for Editor in 0.00 ms.
Asset Pipeline Refresh (id=409ec15b6e1a3420d8af1550d54d6185): Total: 0.003 seconds - Initiated by StopAssetImportingV2(NoUpdateAssetOptions)
Start importing Assets/Local/MjImports/g1_lateral_static_dynamic_obstacles_imported/Resources/5063.mat using Guid(15f6d65d57fd8ab3facde876dc3de015) Importer(-1,00000000000000000000000000000000) [PhysX] Initialized MultithreadedTaskDispatcher with 22 workers.
 -> (artifact id: 'aaf83e0d4d87c99d4e5a95d8ffa778df') in 0.000582 seconds
Refreshing native plugins compatible for Editor in 0.06 ms, found 0 plugins.
Preloading 0 native plugins for Editor in 0.00 ms.
Asset Pipeline Refresh (id=5d6ff72764489a8a8907825b58398563): Total: 0.004 seconds - Initiated by StopAssetImportingV2(NoUpdateAssetOptions)
Start importing Assets/Local/MjImports/g1_lateral_static_dynamic_obstacles_imported/Resources/284094.mat using Guid(cb80c23b0e5a72ab6acf7425e2e6f69c) Importer(-1,00000000000000000000000000000000) [PhysX] Initialized MultithreadedTaskDispatcher with 22 workers.
 -> (artifact id: '1dd3d969bf073332a6a70e54c3ca1fa9') in 0.000553 seconds
Refreshing native plugins compatible for Editor in 0.06 ms, found 0 plugins.
Preloading 0 native plugins for Editor in 0.00 ms.
Asset Pipeline Refresh (id=57e1fe7f8d08838bfb768d1c8ccd7ba6): Total: 0.004 seconds - Initiated by StopAssetImportingV2(NoUpdateAssetOptions)
Start importing Assets/Local/MjImports/g1_lateral_static_dynamic_obstacles_imported/Resources/44416.mat using Guid(24f2a8ed093766c25b6ade5245ddf026) Importer(-1,00000000000000000000000000000000) [PhysX] Initialized MultithreadedTaskDispatcher with 22 workers.
 -> (artifact id: '1c1aa43cc93b59c0af61cdebc9f2bb2b') in 0.000508 seconds
Refreshing native plugins compatible for Editor in 0.10 ms, found 0 plugins.
Preloading 0 native plugins for Editor in 0.00 ms.
Asset Pipeline Refresh (id=c86801bc96d7a8194b8c905175828d14): Total: 0.004 seconds - Initiated by StopAssetImportingV2(NoUpdateAssetOptions)
Start importing Assets/Local/MjImports/g1_lateral_static_dynamic_obstacles_imported/Resources/173584.mat using Guid(a28d07035f71d0f07910c6c477ae27aa) Importer(-1,00000000000000000000000000000000) [PhysX] Initialized MultithreadedTaskDispatcher with 22 workers.
 -> (artifact id: 'bbbd8b28327eab9de29b2cb5cbf54a24') in 0.000525 seconds
Refreshing native plugins compatible for Editor in 0.06 ms, found 0 plugins.
Preloading 0 native plugins for Editor in 0.00 ms.
Asset Pipeline Refresh (id=6813708d9e8f895ada2e3b2bd61949b7): Total: 0.004 seconds - Initiated by StopAssetImportingV2(NoUpdateAssetOptions)
Start importing Assets/Local/MjImports/g1_lateral_static_dynamic_obstacles_imported/Resources/777170.mat using Guid(b8f61e422031fef799ce87f7c3ee9e81) Importer(-1,00000000000000000000000000000000) [PhysX] Initialized MultithreadedTaskDispatcher with 22 workers.
 -> (artifact id: 'de5e031ab7025df30a4cbf80edd3339a') in 0.000499 seconds
Refreshing native plugins compatible for Editor in 0.09 ms, found 0 plugins.
Preloading 0 native plugins for Editor in 0.00 ms.
Asset Pipeline Refresh (id=6bb5ec23510572b598dd60b8da32af07): Total: 0.004 seconds - Initiated by StopAssetImportingV2(NoUpdateAssetOptions)
Start importing Assets/Local/MjImports/g1_lateral_static_dynamic_obstacles_imported/Resources/218133.mat using Guid(3f69bfff71013d333a94da3d9cda7e1a) Importer(-1,00000000000000000000000000000000) [PhysX] Initialized MultithreadedTaskDispatcher with 22 workers.
 -> (artifact id: '8b70cdbcc38a4463e45015bd2ac86c60') in 0.000514 seconds
Refreshing native plugins compatible for Editor in 0.11 ms, found 0 plugins.
Preloading 0 native plugins for Editor in 0.00 ms.
Asset Pipeline Refresh (id=7a43da9c45af3f0608ea62d91f730275): Total: 0.004 seconds - Initiated by StopAssetImportingV2(NoUpdateAssetOptions)
Start importing Assets/Local/MjImports/g1_lateral_static_dynamic_obstacles_imported/Resources/549128.mat using Guid(8ab6b35e2924182b19b41ed1621bfd24) Importer(-1,00000000000000000000000000000000) [PhysX] Initialized MultithreadedTaskDispatcher with 22 workers.
 -> (artifact id: '37cfde82f55bd4683694e3690b83a01d') in 0.000639 seconds
Refreshing native plugins compatible for Editor in 0.11 ms, found 0 plugins.
Preloading 0 native plugins for Editor in 0.00 ms.
Asset Pipeline Refresh (id=9883c8f2a9ab65ebdaed45b5804d02f4): Total: 0.005 seconds - Initiated by StopAssetImportingV2(NoUpdateAssetOptions)
Start importing Assets/Local/MjImports/g1_lateral_static_dynamic_obstacles_imported/Resources/622615.mat using Guid(947f3891491e2a1c1a4bc3486e0f8ddb) Importer(-1,00000000000000000000000000000000) [PhysX] Initialized MultithreadedTaskDispatcher with 22 workers.
 -> (artifact id: '884bfc5ffea77985cf900bd732081534') in 0.000539 seconds
Refreshing native plugins compatible for Editor in 0.13 ms, found 0 plugins.
Preloading 0 native plugins for Editor in 0.00 ms.
Asset Pipeline Refresh (id=c94fe26f2d438e7649533366d8a2e613): Total: 0.005 seconds - Initiated by StopAssetImportingV2(NoUpdateAssetOptions)
Start importing Assets/Local/MjImports/g1_lateral_static_dynamic_obstacles_imported/Resources/252643.mat using Guid(74ed1b0f6712c37ccb9351272f96e15d) Importer(-1,00000000000000000000000000000000) [PhysX] Initialized MultithreadedTaskDispatcher with 22 workers.
 -> (artifact id: '163275efe1404c907284bbe4b7720ec9') in 0.000522 seconds
Refreshing native plugins compatible for Editor in 0.10 ms, found 0 plugins.
Preloading 0 native plugins for Editor in 0.00 ms.
Asset Pipeline Refresh (id=31d1165c131e66bde95a7263e975c904): Total: 0.004 seconds - Initiated by StopAssetImportingV2(NoUpdateAssetOptions)
Start importing Assets/Local/MjImports/g1_lateral_static_dynamic_obstacles_imported/Resources/396161.mat using Guid(ce2c1a644baf261d186b4f38cac8f97d) Importer(-1,00000000000000000000000000000000) [PhysX] Initialized MultithreadedTaskDispatcher with 22 workers.
 -> (artifact id: '8b24b82e74a3ab818894cd34723a5645') in 0.000522 seconds
Refreshing native plugins compatible for Editor in 0.11 ms, found 0 plugins.
Preloading 0 native plugins for Editor in 0.00 ms.
Asset Pipeline Refresh (id=f63e747c07fed6d18a93896c9c182deb): Total: 0.004 seconds - Initiated by StopAssetImportingV2(NoUpdateAssetOptions)
Start importing Assets/Local/MjImports/g1_lateral_static_dynamic_obstacles_imported/Resources/192603.mat using Guid(14dd55e28c7d686b6b4d322c6e296f6f) Importer(-1,00000000000000000000000000000000) [PhysX] Initialized MultithreadedTaskDispatcher with 22 workers.
 -> (artifact id: '7215df77104f460156b18ed32dee7ba6') in 0.000519 seconds
Refreshing native plugins compatible for Editor in 0.09 ms, found 0 plugins.
Preloading 0 native plugins for Editor in 0.00 ms.
Asset Pipeline Refresh (id=cdc0bc158d95ffd2c939a7a67ec80b17): Total: 0.004 seconds - Initiated by StopAssetImportingV2(NoUpdateAssetOptions)
Start importing Assets/Local/MjImports/g1_lateral_static_dynamic_obstacles_imported/Resources/214182.mat using Guid(668eedcdd06b695e7bd5066e4f2c6f22) Importer(-1,00000000000000000000000000000000) [PhysX] Initialized MultithreadedTaskDispatcher with 22 workers.
 -> (artifact id: '6134e25bad2df31f89c4ee8b268f5082') in 0.000522 seconds
Refreshing native plugins compatible for Editor in 0.06 ms, found 0 plugins.
Preloading 0 native plugins for Editor in 0.00 ms.
Asset Pipeline Refresh (id=4f1fd742696167ec08f40ab9d64ba96f): Total: 0.004 seconds - Initiated by StopAssetImportingV2(NoUpdateAssetOptions)
Start importing Assets/Local/MjImports/g1_lateral_static_dynamic_obstacles_imported/Resources/488039.mat using Guid(24d403dc05baad46fb5f5bb9f94557b7) Importer(-1,00000000000000000000000000000000) [PhysX] Initialized MultithreadedTaskDispatcher with 22 workers.
 -> (artifact id: '612ce86d816576c9b3bdb5bb83bba1d2') in 0.000524 seconds
Refreshing native plugins compatible for Editor in 0.10 ms, found 0 plugins.
Preloading 0 native plugins for Editor in 0.00 ms.
Asset Pipeline Refresh (id=09a3ec65960dd1c5598ee921e2a079e8): Total: 0.004 seconds - Initiated by StopAssetImportingV2(NoUpdateAssetOptions)
Start importing Assets/Local/MjImports/g1_lateral_static_dynamic_obstacles_imported/Resources/198911.mat using Guid(3f0444f51217fdf34b1b1a00f6c0ac89) Importer(-1,00000000000000000000000000000000) [PhysX] Initialized MultithreadedTaskDispatcher with 22 workers.
 -> (artifact id: '16c3eb97f47c09f23b789b4e4ae52c9e') in 0.000529 seconds
Refreshing native plugins compatible for Editor in 0.10 ms, found 0 plugins.
Preloading 0 native plugins for Editor in 0.00 ms.
Asset Pipeline Refresh (id=4d6f7b5a6b65871b3be5e519167bb177): Total: 0.004 seconds - Initiated by StopAssetImportingV2(NoUpdateAssetOptions)
Start importing Assets/Local/MjImports/g1_lateral_static_dynamic_obstacles_imported/Resources/307730.mat using Guid(6e8b6faef5bbb651d9c79116f4f0db66) Importer(-1,00000000000000000000000000000000) [PhysX] Initialized MultithreadedTaskDispatcher with 22 workers.
 -> (artifact id: '8a1a2952b27937a9e1fa8eb791ea5fae') in 0.000527 seconds
Refreshing native plugins compatible for Editor in 0.06 ms, found 0 plugins.
Preloading 0 native plugins for Editor in 0.00 ms.
Asset Pipeline Refresh (id=1738091fc5607e2d0bacfe0c95407311): Total: 0.004 seconds - Initiated by StopAssetImportingV2(NoUpdateAssetOptions)
Start importing Assets/Local/MjImports/g1_lateral_static_dynamic_obstacles_imported/Resources/177290.mat using Guid(3542354acacea98299a718d2f83a5efd) Importer(-1,00000000000000000000000000000000) [PhysX] Initialized MultithreadedTaskDispatcher with 22 workers.
 -> (artifact id: 'a1512a4c1a4c61fd26a8a1a2025c01b9') in 0.000557 seconds
Refreshing native plugins compatible for Editor in 0.09 ms, found 0 plugins.
Preloading 0 native plugins for Editor in 0.00 ms.
Asset Pipeline Refresh (id=ba45b706f147055328b2599e5f019de9): Total: 0.005 seconds - Initiated by StopAssetImportingV2(NoUpdateAssetOptions)
Start importing Assets/Local/MjImports/g1_lateral_static_dynamic_obstacles_imported/Resources/537723.mat using Guid(fb21afbee16530005ac12760f0f72899) Importer(-1,00000000000000000000000000000000) [PhysX] Initialized MultithreadedTaskDispatcher with 22 workers.
 -> (artifact id: 'a660fe2d23fe6892845b5d18eedc9495') in 0.000504 seconds
Refreshing native plugins compatible for Editor in 0.06 ms, found 0 plugins.
Preloading 0 native plugins for Editor in 0.00 ms.
Asset Pipeline Refresh (id=3941601b3919a76f6adf83a2c9cf54ff): Total: 0.004 seconds - Initiated by StopAssetImportingV2(NoUpdateAssetOptions)
Start importing Assets/Local/MjImports/g1_lateral_static_dynamic_obstacles_imported/Resources/472522.mat using Guid(148741aed37963b689904dbdefb71250) Importer(-1,00000000000000000000000000000000) [PhysX] Initialized MultithreadedTaskDispatcher with 22 workers.
 -> (artifact id: '1fb53ed56f9a31ea8fb1cd24f8f78f4f') in 0.000505 seconds
Refreshing native plugins compatible for Editor in 0.08 ms, found 0 plugins.
Preloading 0 native plugins for Editor in 0.00 ms.
Asset Pipeline Refresh (id=7d3c21c5f37db3ebd96098d35fcb5033): Total: 0.004 seconds - Initiated by StopAssetImportingV2(NoUpdateAssetOptions)
Start importing Assets/Local/MjImports/g1_lateral_static_dynamic_obstacles_imported/Resources/503699.mat using Guid(dd55aba41bdece38ead4e64481c82910) Importer(-1,00000000000000000000000000000000) [PhysX] Initialized MultithreadedTaskDispatcher with 22 workers.
 -> (artifact id: 'a1c73f2852171b85b234db151d9fb373') in 0.000528 seconds
Refreshing native plugins compatible for Editor in 0.06 ms, found 0 plugins.
Preloading 0 native plugins for Editor in 0.00 ms.
Asset Pipeline Refresh (id=6880376bfcace3514874059102a484db): Total: 0.004 seconds - Initiated by StopAssetImportingV2(NoUpdateAssetOptions)
Start importing Assets/Local/MjImports/g1_lateral_static_dynamic_obstacles_imported/Resources/773900.mat using Guid(b26ea727b0430f35488826d45d298d06) Importer(-1,00000000000000000000000000000000) [PhysX] Initialized MultithreadedTaskDispatcher with 22 workers.
 -> (artifact id: 'cec96b037b92161db90a93c90f726f9b') in 0.000516 seconds
Refreshing native plugins compatible for Editor in 0.06 ms, found 0 plugins.
Preloading 0 native plugins for Editor in 0.00 ms.
Asset Pipeline Refresh (id=a9e793c981a344921bf35892bf4f0bed): Total: 0.004 seconds - Initiated by StopAssetImportingV2(NoUpdateAssetOptions)
Start importing Assets/Local/MjImports/g1_lateral_static_dynamic_obstacles_imported/Resources/315758.mat using Guid(f0d9253f4739fc8afa75034be3966228) Importer(-1,00000000000000000000000000000000) [PhysX] Initialized MultithreadedTaskDispatcher with 22 workers.
 -> (artifact id: '22175657292d5435fc97edc39e2d988c') in 0.000513 seconds
Refreshing native plugins compatible for Editor in 0.10 ms, found 0 plugins.
Preloading 0 native plugins for Editor in 0.00 ms.
Asset Pipeline Refresh (id=de479ea85c8e29165bf0c91459e88b72): Total: 0.004 seconds - Initiated by StopAssetImportingV2(NoUpdateAssetOptions)
Start importing Assets/Local/MjImports/g1_lateral_static_dynamic_obstacles_imported/Resources/204319.mat using Guid(4fe13eba0a9fee46299d37a703bcb508) Importer(-1,00000000000000000000000000000000) [PhysX] Initialized MultithreadedTaskDispatcher with 22 workers.
 -> (artifact id: '54c165f0a96004200578a90532259e6a') in 0.000497 seconds
Refreshing native plugins compatible for Editor in 0.11 ms, found 0 plugins.
Preloading 0 native plugins for Editor in 0.00 ms.
Asset Pipeline Refresh (id=d27986a422d2b8f05b49e91501ce4e3b): Total: 0.004 seconds - Initiated by StopAssetImportingV2(NoUpdateAssetOptions)
Start importing Assets/Local/MjImports/g1_lateral_static_dynamic_obstacles_imported/Resources/848492.mat using Guid(963c8834e6235963e917ab128743579d) Importer(-1,00000000000000000000000000000000) [PhysX] Initialized MultithreadedTaskDispatcher with 22 workers.
 -> (artifact id: '803802bb0ae41b577b87a3604f1df97e') in 0.000533 seconds
Refreshing native plugins compatible for Editor in 0.06 ms, found 0 plugins.
Preloading 0 native plugins for Editor in 0.00 ms.
Asset Pipeline Refresh (id=f46378403944d2491900f63fc27af65d): Total: 0.004 seconds - Initiated by StopAssetImportingV2(NoUpdateAssetOptions)
Start importing Assets/Local/MjImports/g1_lateral_static_dynamic_obstacles_imported/Resources/414963.mat using Guid(7387910b66ee850f6b29ddb03b322daa) Importer(-1,00000000000000000000000000000000) [PhysX] Initialized MultithreadedTaskDispatcher with 22 workers.
 -> (artifact id: '16fb850d9f8701d7383c482ad8f7aa24') in 0.000520 seconds
Refreshing native plugins compatible for Editor in 0.10 ms, found 0 plugins.
Preloading 0 native plugins for Editor in 0.00 ms.
Asset Pipeline Refresh (id=7ef1b6263a3f28ae9998aeedae45f427): Total: 0.004 seconds - Initiated by StopAssetImportingV2(NoUpdateAssetOptions)
Start importing Assets/Local/MjImports/g1_lateral_static_dynamic_obstacles_imported/Resources/982548.mat using Guid(d90145274ac6b4057a9242106f35d028) Importer(-1,00000000000000000000000000000000) [PhysX] Initialized MultithreadedTaskDispatcher with 22 workers.
 -> (artifact id: '93aaf5adfbf1307267f0b6de5cce6c27') in 0.000521 seconds
Refreshing native plugins compatible for Editor in 0.09 ms, found 0 plugins.
Preloading 0 native plugins for Editor in 0.00 ms.
Asset Pipeline Refresh (id=b52b768b7bd4f53b08babd3f86a7de88): Total: 0.004 seconds - Initiated by StopAssetImportingV2(NoUpdateAssetOptions)
Start importing Assets/Local/MjImports/g1_lateral_static_dynamic_obstacles_imported/Resources/99487.mat using Guid(2ae8edada8a8e1003a246714aba9a40b) Importer(-1,00000000000000000000000000000000) [PhysX] Initialized MultithreadedTaskDispatcher with 22 workers.
 -> (artifact id: 'f5e364c651c04603b9c4119588539b67') in 0.000501 seconds
Refreshing native plugins compatible for Editor in 0.09 ms, found 0 plugins.
Preloading 0 native plugins for Editor in 0.00 ms.
Asset Pipeline Refresh (id=0850a7e934db83d7390ad3ce9044f474): Total: 0.004 seconds - Initiated by StopAssetImportingV2(NoUpdateAssetOptions)
Start importing Assets/Local/MjImports/g1_lateral_static_dynamic_obstacles_imported/Resources/269479.mat using Guid(e9c062e54bcf02bb896b9d8d09b99814) Importer(-1,00000000000000000000000000000000) [PhysX] Initialized MultithreadedTaskDispatcher with 22 workers.
 -> (artifact id: '3ffdb2c85d57642efcaa28f7ee485c96') in 0.000527 seconds
Refreshing native plugins compatible for Editor in 0.06 ms, found 0 plugins.
Preloading 0 native plugins for Editor in 0.00 ms.
Asset Pipeline Refresh (id=cdb033d8ce1071bfea282d84d6b12743): Total: 0.004 seconds - Initiated by StopAssetImportingV2(NoUpdateAssetOptions)
Start importing Assets/Local/MjImports/g1_lateral_static_dynamic_obstacles_imported/Resources/216293.mat using Guid(8ef5b6820da8fee60bc917c485e71baf) Importer(-1,00000000000000000000000000000000) [PhysX] Initialized MultithreadedTaskDispatcher with 22 workers.
 -> (artifact id: '02355fddf2dd443e42e5f604086ee1f5') in 0.000521 seconds
Refreshing native plugins compatible for Editor in 0.10 ms, found 0 plugins.
Preloading 0 native plugins for Editor in 0.00 ms.
Asset Pipeline Refresh (id=1040bac1dbabe646fa5b44845e65f028): Total: 0.004 seconds - Initiated by StopAssetImportingV2(NoUpdateAssetOptions)
Start importing Assets/Local/MjImports/g1_lateral_static_dynamic_obstacles_imported/Resources/740533.mat using Guid(e0f0985b89cb0cb88b48e32a225a1419) Importer(-1,00000000000000000000000000000000) [PhysX] Initialized MultithreadedTaskDispatcher with 22 workers.
 -> (artifact id: '81f95d8e6065011d2e88abb1ca7bb3b3') in 0.000561 seconds
Refreshing native plugins compatible for Editor in 0.06 ms, found 0 plugins.
Preloading 0 native plugins for Editor in 0.00 ms.
Asset Pipeline Refresh (id=5e08bdd249ed584fbaeb7b12be3b31ec): Total: 0.004 seconds - Initiated by StopAssetImportingV2(NoUpdateAssetOptions)
Start importing Assets/Local/MjImports/g1_lateral_static_dynamic_obstacles_imported/Resources/569986.mat using Guid(7b25a81542ec0104c8415c9ac56bb33b) Importer(-1,00000000000000000000000000000000) [PhysX] Initialized MultithreadedTaskDispatcher with 22 workers.
 -> (artifact id: 'b689814ae8c81c7637774ecd2e232b39') in 0.000505 seconds
Refreshing native plugins compatible for Editor in 0.05 ms, found 0 plugins.
Preloading 0 native plugins for Editor in 0.00 ms.
Asset Pipeline Refresh (id=59ae78311c1821362b0bf32a3f08aa33): Total: 0.004 seconds - Initiated by StopAssetImportingV2(NoUpdateAssetOptions)
Start importing Assets/Local/MjImports/g1_lateral_static_dynamic_obstacles_imported/Resources/105031.mat using Guid(bcbab81db01611c06bdd1d424611862d) Importer(-1,00000000000000000000000000000000) [PhysX] Initialized MultithreadedTaskDispatcher with 22 workers.
 -> (artifact id: 'b00ccc486992228ec93a09b5620d1c74') in 0.000485 seconds
Refreshing native plugins compatible for Editor in 0.10 ms, found 0 plugins.
Preloading 0 native plugins for Editor in 0.00 ms.
Asset Pipeline Refresh (id=4a076c637b0cff7979f9f1e25fb037b8): Total: 0.004 seconds - Initiated by StopAssetImportingV2(NoUpdateAssetOptions)
Start importing Assets/Local/MjImports/g1_lateral_static_dynamic_obstacles_imported/Resources/233596.mat using Guid(1fbeabf7037f030318ba0e974f90653f) Importer(-1,00000000000000000000000000000000) [PhysX] Initialized MultithreadedTaskDispatcher with 22 workers.
 -> (artifact id: '48cc86e5e6c3ae61b7e0c6c2bf23e614') in 0.000502 seconds
Refreshing native plugins compatible for Editor in 0.09 ms, found 0 plugins.
Preloading 0 native plugins for Editor in 0.00 ms.
Asset Pipeline Refresh (id=5c8bfa45c529c639da366080ad362b50): Total: 0.004 seconds - Initiated by StopAssetImportingV2(NoUpdateAssetOptions)
Start importing Assets/Local/MjImports/g1_lateral_static_dynamic_obstacles_imported/Resources/141342.mat using Guid(38713b38aba5601b19fe6b872bf5eb72) Importer(-1,00000000000000000000000000000000) [PhysX] Initialized MultithreadedTaskDispatcher with 22 workers.
 -> (artifact id: '8a3c5d82b8af8229f5de9902b1be5967') in 0.000503 seconds
Refreshing native plugins compatible for Editor in 0.06 ms, found 0 plugins.
Preloading 0 native plugins for Editor in 0.00 ms.
Asset Pipeline Refresh (id=03c417bc751efc4aeb476493615eb25c): Total: 0.004 seconds - Initiated by StopAssetImportingV2(NoUpdateAssetOptions)
Start importing Assets/Local/MjImports/g1_lateral_static_dynamic_obstacles_imported/Resources/890829.mat using Guid(5dc2d2f345aa9ac43b8d7bca5589dd83) Importer(-1,00000000000000000000000000000000) [PhysX] Initialized MultithreadedTaskDispatcher with 22 workers.
 -> (artifact id: '36ad0d8528045465718f8c2a8891b219') in 0.000498 seconds
Refreshing native plugins compatible for Editor in 0.08 ms, found 0 plugins.
Preloading 0 native plugins for Editor in 0.00 ms.
Asset Pipeline Refresh (id=6ce4db5cc8c695f719e5636df34e912f): Total: 0.004 seconds - Initiated by StopAssetImportingV2(NoUpdateAssetOptions)
Start importing Assets/Local/MjImports/g1_lateral_static_dynamic_obstacles_imported/Resources/654409.mat using Guid(b7f1ca500a195fdc2a7d954fda91a46b) Importer(-1,00000000000000000000000000000000) [PhysX] Initialized MultithreadedTaskDispatcher with 22 workers.
 -> (artifact id: 'b815e9671674c0abb7ff03fcdb920084') in 0.000513 seconds
Refreshing native plugins compatible for Editor in 0.09 ms, found 0 plugins.
Preloading 0 native plugins for Editor in 0.00 ms.
Asset Pipeline Refresh (id=8786d497b8e31f0c99761f2afb2d7492): Total: 0.004 seconds - Initiated by StopAssetImportingV2(NoUpdateAssetOptions)
Start importing Assets/Local/MjImports/g1_lateral_static_dynamic_obstacles_imported/Resources/410337.mat using Guid(da856f2351b6a4ccfa059574c094607b) Importer(-1,00000000000000000000000000000000) [PhysX] Initialized MultithreadedTaskDispatcher with 22 workers.
 -> (artifact id: '95b929a04493a5ed0f15bc05d6c014fd') in 0.000522 seconds
Refreshing native plugins compatible for Editor in 0.06 ms, found 0 plugins.
Preloading 0 native plugins for Editor in 0.00 ms.
Asset Pipeline Refresh (id=8ad9b6d375bf5615a8e343f26300c6f8): Total: 0.004 seconds - Initiated by StopAssetImportingV2(NoUpdateAssetOptions)
Start importing Assets/Local/MjImports/g1_lateral_static_dynamic_obstacles_imported/Resources/573924.mat using Guid(df731a8ca95e6434eb938a68e73a8798) Importer(-1,00000000000000000000000000000000) [PhysX] Initialized MultithreadedTaskDispatcher with 22 workers.
 -> (artifact id: 'd2b8eda2b5c23774c1038d889d8397df') in 0.001284 seconds
Refreshing native plugins compatible for Editor in 0.10 ms, found 0 plugins.
Preloading 0 native plugins for Editor in 0.00 ms.
Asset Pipeline Refresh (id=8946f74cabe8d113bb8005632448d740): Total: 0.005 seconds - Initiated by StopAssetImportingV2(NoUpdateAssetOptions)
Start importing Assets/Local/MjImports/g1_lateral_static_dynamic_obstacles_imported/Resources/261230.mat using Guid(03a26c5e6bd9eb9feaca54edda5afb6e) Importer(-1,00000000000000000000000000000000) [PhysX] Initialized MultithreadedTaskDispatcher with 22 workers.
 -> (artifact id: '48b4fd4a1501323e6e3622ad7f21d5d6') in 0.000523 seconds
Refreshing native plugins compatible for Editor in 0.09 ms, found 0 plugins.
Preloading 0 native plugins for Editor in 0.00 ms.
Asset Pipeline Refresh (id=79607f101599c992595d49d780b13787): Total: 0.004 seconds - Initiated by StopAssetImportingV2(NoUpdateAssetOptions)
Start importing Assets/Local/MjImports/g1_lateral_static_dynamic_obstacles_imported/Resources/446384.mat using Guid(c5ce85caf3a87b7119155875b33371e2) Importer(-1,00000000000000000000000000000000) [PhysX] Initialized MultithreadedTaskDispatcher with 22 workers.
 -> (artifact id: 'c0a19de327fb9bd21e01158966c575a4') in 0.000507 seconds
Refreshing native plugins compatible for Editor in 0.05 ms, found 0 plugins.
Preloading 0 native plugins for Editor in 0.00 ms.
Asset Pipeline Refresh (id=7db26517d403d03c696959a9e4015ff9): Total: 0.004 seconds - Initiated by StopAssetImportingV2(NoUpdateAssetOptions)
Start importing Assets/Local/MjImports/g1_lateral_static_dynamic_obstacles_imported/Resources/317673.mat using Guid(b990de61993fb9f30b1e586c56d29f3f) Importer(-1,00000000000000000000000000000000) [PhysX] Initialized MultithreadedTaskDispatcher with 22 workers.
 -> (artifact id: 'e672c7fb560efb40f7886b47e911bc3a') in 0.000494 seconds
Refreshing native plugins compatible for Editor in 0.09 ms, found 0 plugins.
Preloading 0 native plugins for Editor in 0.00 ms.
Asset Pipeline Refresh (id=953ed8100ee885760873927dd3821b91): Total: 0.004 seconds - Initiated by StopAssetImportingV2(NoUpdateAssetOptions)
Start importing Assets/Local/MjImports/g1_lateral_static_dynamic_obstacles_imported/Resources/891271.mat using Guid(c6174e4334db90bf7b8b95e5b941f8ed) Importer(-1,00000000000000000000000000000000) [PhysX] Initialized MultithreadedTaskDispatcher with 22 workers.
 -> (artifact id: 'ad920df975a2c15af947c25df56e724f') in 0.000498 seconds
Refreshing native plugins compatible for Editor in 0.06 ms, found 0 plugins.
Preloading 0 native plugins for Editor in 0.00 ms.
Asset Pipeline Refresh (id=4d9fc28386d77965b8ae657d87cd50f9): Total: 0.004 seconds - Initiated by StopAssetImportingV2(NoUpdateAssetOptions)
Start importing Assets/Local/MjImports/g1_lateral_static_dynamic_obstacles_imported/Resources/613753.mat using Guid(b8a08bc40a1bd0f0ba9615e448d596d2) Importer(-1,00000000000000000000000000000000) [PhysX] Initialized MultithreadedTaskDispatcher with 22 workers.
 -> (artifact id: '6e2e99b6d39592c2415509d717144116') in 0.000492 seconds
Refreshing native plugins compatible for Editor in 0.05 ms, found 0 plugins.
Preloading 0 native plugins for Editor in 0.00 ms.
Asset Pipeline Refresh (id=4ba500f875d786213b23a738a4c4b326): Total: 0.004 seconds - Initiated by StopAssetImportingV2(NoUpdateAssetOptions)
Start importing Assets/Local/MjImports/g1_lateral_static_dynamic_obstacles_imported/Resources/139787.mat using Guid(ff6f69bacbd8fbe46a0f5b79f580b922) Importer(-1,00000000000000000000000000000000) [PhysX] Initialized MultithreadedTaskDispatcher with 22 workers.
 -> (artifact id: '0b037fc6c0930e4eb513f05301d81117') in 0.000488 seconds
Refreshing native plugins compatible for Editor in 0.10 ms, found 0 plugins.
Preloading 0 native plugins for Editor in 0.00 ms.
Asset Pipeline Refresh (id=b183d5143927cf9f6af052e01d935ca1): Total: 0.004 seconds - Initiated by StopAssetImportingV2(NoUpdateAssetOptions)
Start importing Assets/Local/MjImports/g1_lateral_static_dynamic_obstacles_imported/Resources/60899.mat using Guid(a0a4c0d4a87782f809ab9fb40921b8ac) Importer(-1,00000000000000000000000000000000) [PhysX] Initialized MultithreadedTaskDispatcher with 22 workers.
 -> (artifact id: '942417e854053e06aed6b7eed190ec21') in 0.000536 seconds
Refreshing native plugins compatible for Editor in 0.06 ms, found 0 plugins.
Preloading 0 native plugins for Editor in 0.00 ms.
Asset Pipeline Refresh (id=ada313a15a579a433b4d0d4f9c7ad1ac): Total: 0.004 seconds - Initiated by StopAssetImportingV2(NoUpdateAssetOptions)
Start importing Assets/Local/MjImports/g1_lateral_static_dynamic_obstacles_imported/Resources/904294.mat using Guid(62754c0421233e4ccb31bf18ebfbb680) Importer(-1,00000000000000000000000000000000) [PhysX] Initialized MultithreadedTaskDispatcher with 22 workers.
 -> (artifact id: '6b047244b694f97ca5f3123300e7deb1') in 0.000483 seconds
Refreshing native plugins compatible for Editor in 0.09 ms, found 0 plugins.
Preloading 0 native plugins for Editor in 0.00 ms.
Asset Pipeline Refresh (id=77d48b474f146c01da25f31ca451f6b5): Total: 0.004 seconds - Initiated by StopAssetImportingV2(NoUpdateAssetOptions)
Start importing Assets/Local/MjImports/g1_lateral_static_dynamic_obstacles_imported/Resources/440005.mat using Guid(bd16f5a15288b24ffb400c30493ee963) Importer(-1,00000000000000000000000000000000) [PhysX] Initialized MultithreadedTaskDispatcher with 22 workers.
 -> (artifact id: 'd7469adb5181e83b2f2d1c447404f4b7') in 0.000502 seconds
Refreshing native plugins compatible for Editor in 0.12 ms, found 0 plugins.
Preloading 0 native plugins for Editor in 0.00 ms.
Asset Pipeline Refresh (id=4847daa116482b30bb6edc9060acc5cd): Total: 0.005 seconds - Initiated by StopAssetImportingV2(NoUpdateAssetOptions)
Start importing Assets/Local/MjImports/g1_lateral_static_dynamic_obstacles_imported/Resources/795321.mat using Guid(bf5645704ca9b621e92f0db61c196de5) Importer(-1,00000000000000000000000000000000) [PhysX] Initialized MultithreadedTaskDispatcher with 22 workers.
 -> (artifact id: '7902bea807825696a45edfed90342492') in 0.000531 seconds
Refreshing native plugins compatible for Editor in 0.09 ms, found 0 plugins.
Preloading 0 native plugins for Editor in 0.00 ms.
Asset Pipeline Refresh (id=6c599b207a81604689bef3cb8a9ba981): Total: 0.005 seconds - Initiated by StopAssetImportingV2(NoUpdateAssetOptions)
Start importing Assets/Local/MjImports/g1_lateral_static_dynamic_obstacles_imported/Resources/528850.mat using Guid(08b75b8cb8c9b107eaad8d48b021ce35) Importer(-1,00000000000000000000000000000000) [PhysX] Initialized MultithreadedTaskDispatcher with 22 workers.
 -> (artifact id: 'ab086aa14150aae3e8e2138f8d5f1c7d') in 0.000506 seconds
Refreshing native plugins compatible for Editor in 0.09 ms, found 0 plugins.
Preloading 0 native plugins for Editor in 0.00 ms.
Asset Pipeline Refresh (id=b45610de2f4bf38dc9a95d2eced46529): Total: 0.004 seconds - Initiated by StopAssetImportingV2(NoUpdateAssetOptions)
Start importing Assets/Local/MjImports/g1_lateral_static_dynamic_obstacles_imported/Resources/903287.mat using Guid(6f0279a9221e12ffcad891c60a82971f) Importer(-1,00000000000000000000000000000000) [PhysX] Initialized MultithreadedTaskDispatcher with 22 workers.
 -> (artifact id: '4ae316a6c910325df4454098a7b0f681') in 0.000496 seconds
Refreshing native plugins compatible for Editor in 0.06 ms, found 0 plugins.
Preloading 0 native plugins for Editor in 0.00 ms.
Asset Pipeline Refresh (id=ffc7839365f243c8c97f00d142b9e049): Total: 0.004 seconds - Initiated by StopAssetImportingV2(NoUpdateAssetOptions)
Start importing Assets/Local/MjImports/g1_lateral_static_dynamic_obstacles_imported/Resources/15240.mat using Guid(664fccdf1930957f5b95fdada6ef601e) Importer(-1,00000000000000000000000000000000) [PhysX] Initialized MultithreadedTaskDispatcher with 22 workers.
 -> (artifact id: '680485fc13eac3baf71d17e24a84ded1') in 0.000504 seconds
Refreshing native plugins compatible for Editor in 0.05 ms, found 0 plugins.
Preloading 0 native plugins for Editor in 0.00 ms.
Asset Pipeline Refresh (id=87193c3546eb60b50b98814db19f3579): Total: 0.004 seconds - Initiated by StopAssetImportingV2(NoUpdateAssetOptions)
Start importing Assets/Local/MjImports/g1_lateral_static_dynamic_obstacles_imported/Resources/540212.mat using Guid(8d9e897fb5f71a9778b1510e217c8b09) Importer(-1,00000000000000000000000000000000) [PhysX] Initialized MultithreadedTaskDispatcher with 22 workers.
 -> (artifact id: 'ca8076a0575d7dcda9bffc4ca3535fc6') in 0.000515 seconds
Refreshing native plugins compatible for Editor in 0.06 ms, found 0 plugins.
Preloading 0 native plugins for Editor in 0.00 ms.
Asset Pipeline Refresh (id=84e6a7d9e30c171f187db3ac05d27611): Total: 0.004 seconds - Initiated by StopAssetImportingV2(NoUpdateAssetOptions)
Start importing Assets/Local/MjImports/g1_lateral_static_dynamic_obstacles_imported/Resources/112077.mat using Guid(8d94efb7691952b2e9947adffb774477) Importer(-1,00000000000000000000000000000000) [PhysX] Initialized MultithreadedTaskDispatcher with 22 workers.
 -> (artifact id: '11541bff9526d0e792c5c9f5da51ebe3') in 0.000511 seconds
Refreshing native plugins compatible for Editor in 0.08 ms, found 0 plugins.
Preloading 0 native plugins for Editor in 0.00 ms.
Asset Pipeline Refresh (id=0f9e93e7e69a6391ba618dbc5d89b262): Total: 0.005 seconds - Initiated by StopAssetImportingV2(NoUpdateAssetOptions)
Start importing Assets/Local/MjImports/g1_lateral_static_dynamic_obstacles_imported/Resources/368493.mat using Guid(9d0aaabf98f64de0d871396853b988a2) Importer(-1,00000000000000000000000000000000) [PhysX] Initialized MultithreadedTaskDispatcher with 22 workers.
 -> (artifact id: '03b1bc5ee44271a3358c74616ac89a56') in 0.000513 seconds
Refreshing native plugins compatible for Editor in 0.06 ms, found 0 plugins.
Preloading 0 native plugins for Editor in 0.00 ms.
Asset Pipeline Refresh (id=f455f0f81d178f8dbb9a40b33b9957d4): Total: 0.004 seconds - Initiated by StopAssetImportingV2(NoUpdateAssetOptions)
Start importing Assets/Local/MjImports/g1_lateral_static_dynamic_obstacles_imported/Resources/945526.mat using Guid(a29897a92bd12f4238afe4c8a26ff4dc) Importer(-1,00000000000000000000000000000000) [PhysX] Initialized MultithreadedTaskDispatcher with 22 workers.
 -> (artifact id: 'b1dfd1e5b55fe4f6d0418fdfdabddff0') in 0.000490 seconds
Refreshing native plugins compatible for Editor in 0.10 ms, found 0 plugins.
Preloading 0 native plugins for Editor in 0.00 ms.
Asset Pipeline Refresh (id=8ca2465b99054ee8e9749155435d86e5): Total: 0.004 seconds - Initiated by StopAssetImportingV2(NoUpdateAssetOptions)
Start importing Assets/Local/MjImports/g1_lateral_static_dynamic_obstacles_imported/Resources/443359.mat using Guid(8b5524fb6b83dc331a688ac1ed6df48d) Importer(-1,00000000000000000000000000000000) [PhysX] Initialized MultithreadedTaskDispatcher with 22 workers.
 -> (artifact id: '687c5ed60e12a62d777bdc0f26eeb3e2') in 0.001986 seconds
Refreshing native plugins compatible for Editor in 0.09 ms, found 0 plugins.
Preloading 0 native plugins for Editor in 0.00 ms.
Asset Pipeline Refresh (id=f433d69c61faf2f17be7e69ac57e0a74): Total: 0.006 seconds - Initiated by StopAssetImportingV2(NoUpdateAssetOptions)
Start importing Assets/Local/MjImports/g1_lateral_static_dynamic_obstacles_imported/Resources/984626.mat using Guid(9c903b3e9f54137c0821a682234f3bfa) Importer(-1,00000000000000000000000000000000) [PhysX] Initialized MultithreadedTaskDispatcher with 22 workers.
 -> (artifact id: 'bc7f9fe540820aad82749a32d664dbcc') in 0.000535 seconds
Refreshing native plugins compatible for Editor in 0.06 ms, found 0 plugins.
Preloading 0 native plugins for Editor in 0.00 ms.
Asset Pipeline Refresh (id=3efb56fa59d490009b8e150decc1b532): Total: 0.004 seconds - Initiated by StopAssetImportingV2(NoUpdateAssetOptions)
Start importing Assets/Local/MjImports/g1_lateral_static_dynamic_obstacles_imported/Resources/388312.mat using Guid(73a0e56e24d85a3bbbc0a8bbeb0c0ae3) Importer(-1,00000000000000000000000000000000) [PhysX] Initialized MultithreadedTaskDispatcher with 22 workers.
 -> (artifact id: '172a732454fd78278c0144bf97efe215') in 0.000497 seconds
Refreshing native plugins compatible for Editor in 0.10 ms, found 0 plugins.
Preloading 0 native plugins for Editor in 0.00 ms.
Asset Pipeline Refresh (id=508fbf788cd758973a4095d76461c3da): Total: 0.004 seconds - Initiated by StopAssetImportingV2(NoUpdateAssetOptions)
Start importing Assets/Local/MjImports/g1_lateral_static_dynamic_obstacles_imported/Resources/834285.mat using Guid(5a67dfe4300151fb89e2791647c501eb) Importer(-1,00000000000000000000000000000000) [PhysX] Initialized MultithreadedTaskDispatcher with 22 workers.
 -> (artifact id: '3e5deef60dad0776863f9f039598f74c') in 0.000510 seconds
Refreshing native plugins compatible for Editor in 0.06 ms, found 0 plugins.
Preloading 0 native plugins for Editor in 0.00 ms.
Asset Pipeline Refresh (id=9a5ed6916bb89fbe68361391af7eadfa): Total: 0.004 seconds - Initiated by StopAssetImportingV2(NoUpdateAssetOptions)
Start importing Assets/Local/MjImports/g1_lateral_static_dynamic_obstacles_imported/Resources/301602.mat using Guid(812bcd841c518055695caf69585da0b9) Importer(-1,00000000000000000000000000000000) [PhysX] Initialized MultithreadedTaskDispatcher with 22 workers.
 -> (artifact id: 'ef73d6c35d278602a1aa86e5de4a28d8') in 0.000494 seconds
Refreshing native plugins compatible for Editor in 0.05 ms, found 0 plugins.
Preloading 0 native plugins for Editor in 0.00 ms.
Asset Pipeline Refresh (id=4d703e7ca96567629865cb23d58d231b): Total: 0.004 seconds - Initiated by StopAssetImportingV2(NoUpdateAssetOptions)
Start importing Assets/Local/MjImports/g1_lateral_static_dynamic_obstacles_imported/Resources/610852.mat using Guid(3253d4d5add24cbe9bb6f3da8e2647db) Importer(-1,00000000000000000000000000000000) [PhysX] Initialized MultithreadedTaskDispatcher with 22 workers.
 -> (artifact id: '76e3a65a33645a161559b971f5483b88') in 0.000501 seconds
Refreshing native plugins compatible for Editor in 0.06 ms, found 0 plugins.
Preloading 0 native plugins for Editor in 0.00 ms.
Asset Pipeline Refresh (id=8c9c567ad59e713cfb17ae7455c75873): Total: 0.004 seconds - Initiated by StopAssetImportingV2(NoUpdateAssetOptions)
Start importing Assets/Local/MjImports/g1_lateral_static_dynamic_obstacles_imported/Resources/65165.mat using Guid(dd0df93d8011f0c639be2773379ab57d) Importer(-1,00000000000000000000000000000000) [PhysX] Initialized MultithreadedTaskDispatcher with 22 workers.
 -> (artifact id: '0b6abf74af45f3dc734d996d03acf151') in 0.000492 seconds
Refreshing native plugins compatible for Editor in 0.05 ms, found 0 plugins.
Preloading 0 native plugins for Editor in 0.00 ms.
Asset Pipeline Refresh (id=0d9b612c8e59d3ec69bab4032ec98b51): Total: 0.004 seconds - Initiated by StopAssetImportingV2(NoUpdateAssetOptions)
Start importing Assets/Local/MjImports/g1_lateral_static_dynamic_obstacles_imported/Resources/749412.mat using Guid(c47e197d7d2805bc8ba7bd52ee6a1f57) Importer(-1,00000000000000000000000000000000) [PhysX] Initialized MultithreadedTaskDispatcher with 22 workers.
 -> (artifact id: '312269a4f262ad088ab6d37b55d8685b') in 0.000505 seconds
Refreshing native plugins compatible for Editor in 0.06 ms, found 0 plugins.
Preloading 0 native plugins for Editor in 0.00 ms.
Asset Pipeline Refresh (id=de43edd5dc7960061b5879603838d286): Total: 0.004 seconds - Initiated by StopAssetImportingV2(NoUpdateAssetOptions)
Start importing Assets/Local/MjImports/g1_lateral_static_dynamic_obstacles_imported/Resources/941281.mat using Guid(156cad5f2bca93f5cbdd270eda94e120) Importer(-1,00000000000000000000000000000000) [PhysX] Initialized MultithreadedTaskDispatcher with 22 workers.
 -> (artifact id: '997a8cb0e8f8ba18de66e69182fcff5f') in 0.000509 seconds
Refreshing native plugins compatible for Editor in 0.09 ms, found 0 plugins.
Preloading 0 native plugins for Editor in 0.00 ms.
Asset Pipeline Refresh (id=968937bb1ed6d54dc894600b2a9644f3): Total: 0.004 seconds - Initiated by StopAssetImportingV2(NoUpdateAssetOptions)
Start importing Assets/Local/MjImports/g1_lateral_static_dynamic_obstacles_imported/Resources/552879.mat using Guid(da5988b1873200df9899f55d6bfb005e) Importer(-1,00000000000000000000000000000000) [PhysX] Initialized MultithreadedTaskDispatcher with 22 workers.
 -> (artifact id: 'a769b2664867e2611e4acc7a72c21186') in 0.000496 seconds
Refreshing native plugins compatible for Editor in 0.06 ms, found 0 plugins.
Preloading 0 native plugins for Editor in 0.00 ms.
Asset Pipeline Refresh (id=e2fd7f6e66ef46c41a212ed3c100c834): Total: 0.004 seconds - Initiated by StopAssetImportingV2(NoUpdateAssetOptions)
Start importing Assets/Local/MjImports/g1_lateral_static_dynamic_obstacles_imported/Resources/230412.mat using Guid(71f592ec3dcd6536e97b25da6d417ecb) Importer(-1,00000000000000000000000000000000) [PhysX] Initialized MultithreadedTaskDispatcher with 22 workers.
 -> (artifact id: 'a2243e55255e93e61093159b6bfa391c') in 0.000503 seconds
Refreshing native plugins compatible for Editor in 0.06 ms, found 0 plugins.
Preloading 0 native plugins for Editor in 0.00 ms.
Asset Pipeline Refresh (id=daf7078f68895cba69eb88562f5d5500): Total: 0.004 seconds - Initiated by StopAssetImportingV2(NoUpdateAssetOptions)
Start importing Assets/Local/MjImports/g1_lateral_static_dynamic_obstacles_imported/Resources/598795.mat using Guid(e0918a6e7962ebdf29b2b2ae465d3eff) Importer(-1,00000000000000000000000000000000) [PhysX] Initialized MultithreadedTaskDispatcher with 22 workers.
 -> (artifact id: '3519288f9a8fd7032b496744cceed0f3') in 0.000498 seconds
Refreshing native plugins compatible for Editor in 0.12 ms, found 0 plugins.
Preloading 0 native plugins for Editor in 0.00 ms.
Asset Pipeline Refresh (id=faeb7807129b98b39bd42e5c8fc46879): Total: 0.005 seconds - Initiated by StopAssetImportingV2(NoUpdateAssetOptions)
Start importing Assets/Local/MjImports/g1_lateral_static_dynamic_obstacles_imported/Resources/109231.mat using Guid(a2290ff92bd8f2235b35f1996a637b32) Importer(-1,00000000000000000000000000000000) [PhysX] Initialized MultithreadedTaskDispatcher with 22 workers.
 -> (artifact id: 'c06381d81b64927f9502d40d8d869784') in 0.000589 seconds
Refreshing native plugins compatible for Editor in 0.09 ms, found 0 plugins.
Preloading 0 native plugins for Editor in 0.00 ms.
Asset Pipeline Refresh (id=208bcabd0479953a98909939a7f1ba9f): Total: 0.009 seconds - Initiated by StopAssetImportingV2(NoUpdateAssetOptions)
Start importing Assets/Local/MjImports/g1_lateral_static_dynamic_obstacles_imported/Resources/341721.mat using Guid(854c597d0dd9ab5feb44f8eed7488a6b) Importer(-1,00000000000000000000000000000000) [PhysX] Initialized MultithreadedTaskDispatcher with 22 workers.
 -> (artifact id: '44ac13c7258562aecb39b844b3de7487') in 0.000571 seconds
Refreshing native plugins compatible for Editor in 0.09 ms, found 0 plugins.
Preloading 0 native plugins for Editor in 0.00 ms.
Asset Pipeline Refresh (id=63363c672e92b23008e07821bc85d2e3): Total: 0.005 seconds - Initiated by StopAssetImportingV2(NoUpdateAssetOptions)
Start importing Assets/Local/MjImports/g1_lateral_static_dynamic_obstacles_imported/Resources/56065.mat using Guid(a857730fb8280ba4380db342f731bb71) Importer(-1,00000000000000000000000000000000) [PhysX] Initialized MultithreadedTaskDispatcher with 22 workers.
 -> (artifact id: 'd635d747185ba20ed2c7c868ea554090') in 0.000530 seconds
Refreshing native plugins compatible for Editor in 0.06 ms, found 0 plugins.
Preloading 0 native plugins for Editor in 0.00 ms.
Asset Pipeline Refresh (id=9eeeeb6a7ce24fa309b920743ccde9b8): Total: 0.008 seconds - Initiated by StopAssetImportingV2(NoUpdateAssetOptions)
Start importing Assets/Local/MjImports/g1_lateral_static_dynamic_obstacles_imported/Resources/687213.mat using Guid(8d7d72b5958279a1096c7dda92a5e008) Importer(-1,00000000000000000000000000000000) [PhysX] Initialized MultithreadedTaskDispatcher with 22 workers.
 -> (artifact id: 'dd400c3b37797f3decddfe2b6483d5b2') in 0.000499 seconds
Refreshing native plugins compatible for Editor in 0.11 ms, found 0 plugins.
Preloading 0 native plugins for Editor in 0.00 ms.
Asset Pipeline Refresh (id=38abff4d116a575b9a3b1f24b16c8f92): Total: 0.005 seconds - Initiated by StopAssetImportingV2(NoUpdateAssetOptions)
Start importing Assets/Local/MjImports/g1_lateral_static_dynamic_obstacles_imported/Resources/518010.mat using Guid(da86ebbf65eb0e6b8ac847fa9e1b8218) Importer(-1,00000000000000000000000000000000) [PhysX] Initialized MultithreadedTaskDispatcher with 22 workers.
 -> (artifact id: 'ca7b90deec687c16fe9b37f0ff967997') in 0.000528 seconds
Refreshing native plugins compatible for Editor in 0.06 ms, found 0 plugins.
Preloading 0 native plugins for Editor in 0.00 ms.
Asset Pipeline Refresh (id=6059c56a884067e4ea5ea4b5bac1a009): Total: 0.005 seconds - Initiated by StopAssetImportingV2(NoUpdateAssetOptions)
Start importing Assets/Local/MjImports/g1_lateral_static_dynamic_obstacles_imported/Resources/412844.mat using Guid(26503a687389f250b84a648774407b95) Importer(-1,00000000000000000000000000000000) [PhysX] Initialized MultithreadedTaskDispatcher with 22 workers.
 -> (artifact id: '4ebc772b2904a829bf5cb8a6039afd39') in 0.000521 seconds
Refreshing native plugins compatible for Editor in 0.06 ms, found 0 plugins.
Preloading 0 native plugins for Editor in 0.00 ms.
Asset Pipeline Refresh (id=5abe799de1d8a85d69984c8e8d132019): Total: 0.005 seconds - Initiated by StopAssetImportingV2(NoUpdateAssetOptions)
Start importing Assets/Local/MjImports/g1_lateral_static_dynamic_obstacles_imported/Resources/781481.mat using Guid(59f7f3f41e79f875f8c0b6bc8c3525a3) Importer(-1,00000000000000000000000000000000) [PhysX] Initialized MultithreadedTaskDispatcher with 22 workers.
 -> (artifact id: '340bedbf67d774489dda544c7cb8bcb9') in 0.000877 seconds
Refreshing native plugins compatible for Editor in 0.06 ms, found 0 plugins.
Preloading 0 native plugins for Editor in 0.00 ms.
Asset Pipeline Refresh (id=178314a3d6cded861bb57da4285dcf6e): Total: 0.006 seconds - Initiated by StopAssetImportingV2(NoUpdateAssetOptions)
The importer does not yet support tags <light>.
UnityEngine.StackTraceUtility:ExtractStackTrace () (at /home/bokken/build/output/unity/unity/Runtime/Export/Scripting/StackTrace.cs:37)
UnityEngine.DebugLogHandler:LogFormat (UnityEngine.LogType,UnityEngine.Object,string,object[])
UnityEngine.Logger:Log (UnityEngine.LogType,object)
UnityEngine.Debug:Log (object)
Mujoco.MjcfImporter:ParseBodyChild (System.Xml.XmlElement,UnityEngine.GameObject) (at ./Library/PackageCache/org.mujoco@72cb2b210d/Runtime/Importer/MjcfImporter.cs:293)
Mujoco.MjcfImporter:ParseBodyChildren (UnityEngine.GameObject,System.Xml.XmlElement) (at ./Library/PackageCache/org.mujoco@72cb2b210d/Runtime/Importer/MjcfImporter.cs:237)
Mujoco.MjcfImporter:ParseRoot (UnityEngine.GameObject,System.Xml.XmlElement) (at ./Library/PackageCache/org.mujoco@72cb2b210d/Runtime/Importer/MjcfImporter.cs:147)
Mujoco.MjImporterWithAssets:ParseRoot (UnityEngine.GameObject,System.Xml.XmlElement) (at ./Library/PackageCache/org.mujoco@72cb2b210d/Editor/Importer/MjImporterWithAssets.cs:91)
Mujoco.MjcfImporter:ImportXml (System.Xml.XmlDocument,string) (at ./Library/PackageCache/org.mujoco@72cb2b210d/Runtime/Importer/MjcfImporter.cs:100)
Mujoco.MjImporterWithAssets:ImportString (string,string,string) (at ./Library/PackageCache/org.mujoco@72cb2b210d/Editor/Importer/MjImporterWithAssets.cs:75)
Asimov.UnityMujoco.Editor.MjcfEpisodeSceneGenerator:ImportExpandedEpisodeScene (Asimov.UnityMujoco.EpisodeConfig,string) (at Assets/AsimovMujoco/Editor/MjcfEpisodeSceneGenerator.cs:128)
Asimov.UnityMujoco.Editor.MjcfEpisodeSceneGenerator:ImportEpisodeScene (Asimov.UnityMujoco.EpisodeConfig) (at Assets/AsimovMujoco/Editor/MjcfEpisodeSceneGenerator.cs:96)
Asimov.UnityMujoco.Editor.MjcfEpisodeSceneGenerator:ImportAllEpisodeScenes () (at Assets/AsimovMujoco/Editor/MjcfEpisodeSceneGenerator.cs:56)
Asimov.UnityMujoco.Editor.MjcfEpisodeSceneGenerator:BootstrapProject () (at Assets/AsimovMujoco/Editor/MjcfEpisodeSceneGenerator.cs:29)

(Filename: ./Library/PackageCache/org.mujoco@72cb2b210d/Runtime/Importer/MjcfImporter.cs Line: 293)

The importer does not yet support tags <light>.
UnityEngine.StackTraceUtility:ExtractStackTrace () (at /home/bokken/build/output/unity/unity/Runtime/Export/Scripting/StackTrace.cs:37)
UnityEngine.DebugLogHandler:LogFormat (UnityEngine.LogType,UnityEngine.Object,string,object[])
UnityEngine.Logger:Log (UnityEngine.LogType,object)
UnityEngine.Debug:Log (object)
Mujoco.MjcfImporter:ParseBodyChild (System.Xml.XmlElement,UnityEngine.GameObject) (at ./Library/PackageCache/org.mujoco@72cb2b210d/Runtime/Importer/MjcfImporter.cs:293)
Mujoco.MjcfImporter:ParseBodyChildren (UnityEngine.GameObject,System.Xml.XmlElement) (at ./Library/PackageCache/org.mujoco@72cb2b210d/Runtime/Importer/MjcfImporter.cs:237)
Mujoco.MjcfImporter:ParseRoot (UnityEngine.GameObject,System.Xml.XmlElement) (at ./Library/PackageCache/org.mujoco@72cb2b210d/Runtime/Importer/MjcfImporter.cs:147)
Mujoco.MjImporterWithAssets:ParseRoot (UnityEngine.GameObject,System.Xml.XmlElement) (at ./Library/PackageCache/org.mujoco@72cb2b210d/Editor/Importer/MjImporterWithAssets.cs:91)
Mujoco.MjcfImporter:ImportXml (System.Xml.XmlDocument,string) (at ./Library/PackageCache/org.mujoco@72cb2b210d/Runtime/Importer/MjcfImporter.cs:100)
Mujoco.MjImporterWithAssets:ImportString (string,string,string) (at ./Library/PackageCache/org.mujoco@72cb2b210d/Editor/Importer/MjImporterWithAssets.cs:75)
Asimov.UnityMujoco.Editor.MjcfEpisodeSceneGenerator:ImportExpandedEpisodeScene (Asimov.UnityMujoco.EpisodeConfig,string) (at Assets/AsimovMujoco/Editor/MjcfEpisodeSceneGenerator.cs:128)
Asimov.UnityMujoco.Editor.MjcfEpisodeSceneGenerator:ImportEpisodeScene (Asimov.UnityMujoco.EpisodeConfig) (at Assets/AsimovMujoco/Editor/MjcfEpisodeSceneGenerator.cs:96)
Asimov.UnityMujoco.Editor.MjcfEpisodeSceneGenerator:ImportAllEpisodeScenes () (at Assets/AsimovMujoco/Editor/MjcfEpisodeSceneGenerator.cs:56)
Asimov.UnityMujoco.Editor.MjcfEpisodeSceneGenerator:BootstrapProject () (at Assets/AsimovMujoco/Editor/MjcfEpisodeSceneGenerator.cs:29)

(Filename: ./Library/PackageCache/org.mujoco@72cb2b210d/Runtime/Importer/MjcfImporter.cs Line: 293)

The importer does not yet support sensor <jointactuatorfrc>.
UnityEngine.StackTraceUtility:ExtractStackTrace () (at /home/bokken/build/output/unity/unity/Runtime/Export/Scripting/StackTrace.cs:37)
UnityEngine.DebugLogHandler:LogFormat (UnityEngine.LogType,UnityEngine.Object,string,object[])
UnityEngine.Logger:Log (UnityEngine.LogType,object)
UnityEngine.Debug:Log (object)
Mujoco.MjcfImporter:ParseSensorType (System.Xml.XmlElement) (at ./Library/PackageCache/org.mujoco@72cb2b210d/Runtime/Importer/MjcfImporter.cs:398)
Mujoco.MjcfImporter:ParseRoot (UnityEngine.GameObject,System.Xml.XmlElement) (at ./Library/PackageCache/org.mujoco@72cb2b210d/Runtime/Importer/MjcfImporter.cs:208)
Mujoco.MjImporterWithAssets:ParseRoot (UnityEngine.GameObject,System.Xml.XmlElement) (at ./Library/PackageCache/org.mujoco@72cb2b210d/Editor/Importer/MjImporterWithAssets.cs:91)
Mujoco.MjcfImporter:ImportXml (System.Xml.XmlDocument,string) (at ./Library/PackageCache/org.mujoco@72cb2b210d/Runtime/Importer/MjcfImporter.cs:100)
Mujoco.MjImporterWithAssets:ImportString (string,string,string) (at ./Library/PackageCache/org.mujoco@72cb2b210d/Editor/Importer/MjImporterWithAssets.cs:75)
Asimov.UnityMujoco.Editor.MjcfEpisodeSceneGenerator:ImportExpandedEpisodeScene (Asimov.UnityMujoco.EpisodeConfig,string) (at Assets/AsimovMujoco/Editor/MjcfEpisodeSceneGenerator.cs:128)
Asimov.UnityMujoco.Editor.MjcfEpisodeSceneGenerator:ImportEpisodeScene (Asimov.UnityMujoco.EpisodeConfig) (at Assets/AsimovMujoco/Editor/MjcfEpisodeSceneGenerator.cs:96)
Asimov.UnityMujoco.Editor.MjcfEpisodeSceneGenerator:ImportAllEpisodeScenes () (at Assets/AsimovMujoco/Editor/MjcfEpisodeSceneGenerator.cs:56)
Asimov.UnityMujoco.Editor.MjcfEpisodeSceneGenerator:BootstrapProject () (at Assets/AsimovMujoco/Editor/MjcfEpisodeSceneGenerator.cs:29)

(Filename: ./Library/PackageCache/org.mujoco@72cb2b210d/Runtime/Importer/MjcfImporter.cs Line: 398)

The importer does not yet support sensor <jointactuatorfrc>.
UnityEngine.StackTraceUtility:ExtractStackTrace () (at /home/bokken/build/output/unity/unity/Runtime/Export/Scripting/StackTrace.cs:37)
UnityEngine.DebugLogHandler:LogFormat (UnityEngine.LogType,UnityEngine.Object,string,object[])
UnityEngine.Logger:Log (UnityEngine.LogType,object)
UnityEngine.Debug:Log (object)
Mujoco.MjcfImporter:ParseSensorType (System.Xml.XmlElement) (at ./Library/PackageCache/org.mujoco@72cb2b210d/Runtime/Importer/MjcfImporter.cs:398)
Mujoco.MjcfImporter:ParseRoot (UnityEngine.GameObject,System.Xml.XmlElement) (at ./Library/PackageCache/org.mujoco@72cb2b210d/Runtime/Importer/MjcfImporter.cs:208)
Mujoco.MjImporterWithAssets:ParseRoot (UnityEngine.GameObject,System.Xml.XmlElement) (at ./Library/PackageCache/org.mujoco@72cb2b210d/Editor/Importer/MjImporterWithAssets.cs:91)
Mujoco.MjcfImporter:ImportXml (System.Xml.XmlDocument,string) (at ./Library/PackageCache/org.mujoco@72cb2b210d/Runtime/Importer/MjcfImporter.cs:100)
Mujoco.MjImporterWithAssets:ImportString (string,string,string) (at ./Library/PackageCache/org.mujoco@72cb2b210d/Editor/Importer/MjImporterWithAssets.cs:75)
Asimov.UnityMujoco.Editor.MjcfEpisodeSceneGenerator:ImportExpandedEpisodeScene (Asimov.UnityMujoco.EpisodeConfig,string) (at Assets/AsimovMujoco/Editor/MjcfEpisodeSceneGenerator.cs:128)
Asimov.UnityMujoco.Editor.MjcfEpisodeSceneGenerator:ImportEpisodeScene (Asimov.UnityMujoco.EpisodeConfig) (at Assets/AsimovMujoco/Editor/MjcfEpisodeSceneGenerator.cs:96)
Asimov.UnityMujoco.Editor.MjcfEpisodeSceneGenerator:ImportAllEpisodeScenes () (at Assets/AsimovMujoco/Editor/MjcfEpisodeSceneGenerator.cs:56)
Asimov.UnityMujoco.Editor.MjcfEpisodeSceneGenerator:BootstrapProject () (at Assets/AsimovMujoco/Editor/MjcfEpisodeSceneGenerator.cs:29)

(Filename: ./Library/PackageCache/org.mujoco@72cb2b210d/Runtime/Importer/MjcfImporter.cs Line: 398)

The importer does not yet support sensor <jointactuatorfrc>.
UnityEngine.StackTraceUtility:ExtractStackTrace () (at /home/bokken/build/output/unity/unity/Runtime/Export/Scripting/StackTrace.cs:37)
UnityEngine.DebugLogHandler:LogFormat (UnityEngine.LogType,UnityEngine.Object,string,object[])
UnityEngine.Logger:Log (UnityEngine.LogType,object)
UnityEngine.Debug:Log (object)
Mujoco.MjcfImporter:ParseSensorType (System.Xml.XmlElement) (at ./Library/PackageCache/org.mujoco@72cb2b210d/Runtime/Importer/MjcfImporter.cs:398)
Mujoco.MjcfImporter:ParseRoot (UnityEngine.GameObject,System.Xml.XmlElement) (at ./Library/PackageCache/org.mujoco@72cb2b210d/Runtime/Importer/MjcfImporter.cs:208)
Mujoco.MjImporterWithAssets:ParseRoot (UnityEngine.GameObject,System.Xml.XmlElement) (at ./Library/PackageCache/org.mujoco@72cb2b210d/Editor/Importer/MjImporterWithAssets.cs:91)
Mujoco.MjcfImporter:ImportXml (System.Xml.XmlDocument,string) (at ./Library/PackageCache/org.mujoco@72cb2b210d/Runtime/Importer/MjcfImporter.cs:100)
Mujoco.MjImporterWithAssets:ImportString (string,string,string) (at ./Library/PackageCache/org.mujoco@72cb2b210d/Editor/Importer/MjImporterWithAssets.cs:75)
Asimov.UnityMujoco.Editor.MjcfEpisodeSceneGenerator:ImportExpandedEpisodeScene (Asimov.UnityMujoco.EpisodeConfig,string) (at Assets/AsimovMujoco/Editor/MjcfEpisodeSceneGenerator.cs:128)
Asimov.UnityMujoco.Editor.MjcfEpisodeSceneGenerator:ImportEpisodeScene (Asimov.UnityMujoco.EpisodeConfig) (at Assets/AsimovMujoco/Editor/MjcfEpisodeSceneGenerator.cs:96)
Asimov.UnityMujoco.Editor.MjcfEpisodeSceneGenerator:ImportAllEpisodeScenes () (at Assets/AsimovMujoco/Editor/MjcfEpisodeSceneGenerator.cs:56)
Asimov.UnityMujoco.Editor.MjcfEpisodeSceneGenerator:BootstrapProject () (at Assets/AsimovMujoco/Editor/MjcfEpisodeSceneGenerator.cs:29)

(Filename: ./Library/PackageCache/org.mujoco@72cb2b210d/Runtime/Importer/MjcfImporter.cs Line: 398)

The importer does not yet support sensor <jointactuatorfrc>.
UnityEngine.StackTraceUtility:ExtractStackTrace () (at /home/bokken/build/output/unity/unity/Runtime/Export/Scripting/StackTrace.cs:37)
UnityEngine.DebugLogHandler:LogFormat (UnityEngine.LogType,UnityEngine.Object,string,object[])
UnityEngine.Logger:Log (UnityEngine.LogType,object)
UnityEngine.Debug:Log (object)
Mujoco.MjcfImporter:ParseSensorType (System.Xml.XmlElement) (at ./Library/PackageCache/org.mujoco@72cb2b210d/Runtime/Importer/MjcfImporter.cs:398)
Mujoco.MjcfImporter:ParseRoot (UnityEngine.GameObject,System.Xml.XmlElement) (at ./Library/PackageCache/org.mujoco@72cb2b210d/Runtime/Importer/MjcfImporter.cs:208)
Mujoco.MjImporterWithAssets:ParseRoot (UnityEngine.GameObject,System.Xml.XmlElement) (at ./Library/PackageCache/org.mujoco@72cb2b210d/Editor/Importer/MjImporterWithAssets.cs:91)
Mujoco.MjcfImporter:ImportXml (System.Xml.XmlDocument,string) (at ./Library/PackageCache/org.mujoco@72cb2b210d/Runtime/Importer/MjcfImporter.cs:100)
Mujoco.MjImporterWithAssets:ImportString (string,string,string) (at ./Library/PackageCache/org.mujoco@72cb2b210d/Editor/Importer/MjImporterWithAssets.cs:75)
Asimov.UnityMujoco.Editor.MjcfEpisodeSceneGenerator:ImportExpandedEpisodeScene (Asimov.UnityMujoco.EpisodeConfig,string) (at Assets/AsimovMujoco/Editor/MjcfEpisodeSceneGenerator.cs:128)
Asimov.UnityMujoco.Editor.MjcfEpisodeSceneGenerator:ImportEpisodeScene (Asimov.UnityMujoco.EpisodeConfig) (at Assets/AsimovMujoco/Editor/MjcfEpisodeSceneGenerator.cs:96)
Asimov.UnityMujoco.Editor.MjcfEpisodeSceneGenerator:ImportAllEpisodeScenes () (at Assets/AsimovMujoco/Editor/MjcfEpisodeSceneGenerator.cs:56)
Asimov.UnityMujoco.Editor.MjcfEpisodeSceneGenerator:BootstrapProject () (at Assets/AsimovMujoco/Editor/MjcfEpisodeSceneGenerator.cs:29)

(Filename: ./Library/PackageCache/org.mujoco@72cb2b210d/Runtime/Importer/MjcfImporter.cs Line: 398)

The importer does not yet support sensor <jointactuatorfrc>.
UnityEngine.StackTraceUtility:ExtractStackTrace () (at /home/bokken/build/output/unity/unity/Runtime/Export/Scripting/StackTrace.cs:37)
UnityEngine.DebugLogHandler:LogFormat (UnityEngine.LogType,UnityEngine.Object,string,object[])
UnityEngine.Logger:Log (UnityEngine.LogType,object)
UnityEngine.Debug:Log (object)
Mujoco.MjcfImporter:ParseSensorType (System.Xml.XmlElement) (at ./Library/PackageCache/org.mujoco@72cb2b210d/Runtime/Importer/MjcfImporter.cs:398)
Mujoco.MjcfImporter:ParseRoot (UnityEngine.GameObject,System.Xml.XmlElement) (at ./Library/PackageCache/org.mujoco@72cb2b210d/Runtime/Importer/MjcfImporter.cs:208)
Mujoco.MjImporterWithAssets:ParseRoot (UnityEngine.GameObject,System.Xml.XmlElement) (at ./Library/PackageCache/org.mujoco@72cb2b210d/Editor/Importer/MjImporterWithAssets.cs:91)
Mujoco.MjcfImporter:ImportXml (System.Xml.XmlDocument,string) (at ./Library/PackageCache/org.mujoco@72cb2b210d/Runtime/Importer/MjcfImporter.cs:100)
Mujoco.MjImporterWithAssets:ImportString (string,string,string) (at ./Library/PackageCache/org.mujoco@72cb2b210d/Editor/Importer/MjImporterWithAssets.cs:75)
Asimov.UnityMujoco.Editor.MjcfEpisodeSceneGenerator:ImportExpandedEpisodeScene (Asimov.UnityMujoco.EpisodeConfig,string) (at Assets/AsimovMujoco/Editor/MjcfEpisodeSceneGenerator.cs:128)
Asimov.UnityMujoco.Editor.MjcfEpisodeSceneGenerator:ImportEpisodeScene (Asimov.UnityMujoco.EpisodeConfig) (at Assets/AsimovMujoco/Editor/MjcfEpisodeSceneGenerator.cs:96)
Asimov.UnityMujoco.Editor.MjcfEpisodeSceneGenerator:ImportAllEpisodeScenes () (at Assets/AsimovMujoco/Editor/MjcfEpisodeSceneGenerator.cs:56)
Asimov.UnityMujoco.Editor.MjcfEpisodeSceneGenerator:BootstrapProject () (at Assets/AsimovMujoco/Editor/MjcfEpisodeSceneGenerator.cs:29)

(Filename: ./Library/PackageCache/org.mujoco@72cb2b210d/Runtime/Importer/MjcfImporter.cs Line: 398)

The importer does not yet support sensor <jointactuatorfrc>.
UnityEngine.StackTraceUtility:ExtractStackTrace () (at /home/bokken/build/output/unity/unity/Runtime/Export/Scripting/StackTrace.cs:37)
UnityEngine.DebugLogHandler:LogFormat (UnityEngine.LogType,UnityEngine.Object,string,object[])
UnityEngine.Logger:Log (UnityEngine.LogType,object)
UnityEngine.Debug:Log (object)
Mujoco.MjcfImporter:ParseSensorType (System.Xml.XmlElement) (at ./Library/PackageCache/org.mujoco@72cb2b210d/Runtime/Importer/MjcfImporter.cs:398)
Mujoco.MjcfImporter:ParseRoot (UnityEngine.GameObject,System.Xml.XmlElement) (at ./Library/PackageCache/org.mujoco@72cb2b210d/Runtime/Importer/MjcfImporter.cs:208)
Mujoco.MjImporterWithAssets:ParseRoot (UnityEngine.GameObject,System.Xml.XmlElement) (at ./Library/PackageCache/org.mujoco@72cb2b210d/Editor/Importer/MjImporterWithAssets.cs:91)
Mujoco.MjcfImporter:ImportXml (System.Xml.XmlDocument,string) (at ./Library/PackageCache/org.mujoco@72cb2b210d/Runtime/Importer/MjcfImporter.cs:100)
Mujoco.MjImporterWithAssets:ImportString (string,string,string) (at ./Library/PackageCache/org.mujoco@72cb2b210d/Editor/Importer/MjImporterWithAssets.cs:75)
Asimov.UnityMujoco.Editor.MjcfEpisodeSceneGenerator:ImportExpandedEpisodeScene (Asimov.UnityMujoco.EpisodeConfig,string) (at Assets/AsimovMujoco/Editor/MjcfEpisodeSceneGenerator.cs:128)
Asimov.UnityMujoco.Editor.MjcfEpisodeSceneGenerator:ImportEpisodeScene (Asimov.UnityMujoco.EpisodeConfig) (at Assets/AsimovMujoco/Editor/MjcfEpisodeSceneGenerator.cs:96)
Asimov.UnityMujoco.Editor.MjcfEpisodeSceneGenerator:ImportAllEpisodeScenes () (at Assets/AsimovMujoco/Editor/MjcfEpisodeSceneGenerator.cs:56)
Asimov.UnityMujoco.Editor.MjcfEpisodeSceneGenerator:BootstrapProject () (at Assets/AsimovMujoco/Editor/MjcfEpisodeSceneGenerator.cs:29)

(Filename: ./Library/PackageCache/org.mujoco@72cb2b210d/Runtime/Importer/MjcfImporter.cs Line: 398)

The importer does not yet support sensor <jointactuatorfrc>.
UnityEngine.StackTraceUtility:ExtractStackTrace () (at /home/bokken/build/output/unity/unity/Runtime/Export/Scripting/StackTrace.cs:37)
UnityEngine.DebugLogHandler:LogFormat (UnityEngine.LogType,UnityEngine.Object,string,object[])
UnityEngine.Logger:Log (UnityEngine.LogType,object)
UnityEngine.Debug:Log (object)
Mujoco.MjcfImporter:ParseSensorType (System.Xml.XmlElement) (at ./Library/PackageCache/org.mujoco@72cb2b210d/Runtime/Importer/MjcfImporter.cs:398)
Mujoco.MjcfImporter:ParseRoot (UnityEngine.GameObject,System.Xml.XmlElement) (at ./Library/PackageCache/org.mujoco@72cb2b210d/Runtime/Importer/MjcfImporter.cs:208)
Mujoco.MjImporterWithAssets:ParseRoot (UnityEngine.GameObject,System.Xml.XmlElement) (at ./Library/PackageCache/org.mujoco@72cb2b210d/Editor/Importer/MjImporterWithAssets.cs:91)
Mujoco.MjcfImporter:ImportXml (System.Xml.XmlDocument,string) (at ./Library/PackageCache/org.mujoco@72cb2b210d/Runtime/Importer/MjcfImporter.cs:100)
Mujoco.MjImporterWithAssets:ImportString (string,string,string) (at ./Library/PackageCache/org.mujoco@72cb2b210d/Editor/Importer/MjImporterWithAssets.cs:75)
Asimov.UnityMujoco.Editor.MjcfEpisodeSceneGenerator:ImportExpandedEpisodeScene (Asimov.UnityMujoco.EpisodeConfig,string) (at Assets/AsimovMujoco/Editor/MjcfEpisodeSceneGenerator.cs:128)
Asimov.UnityMujoco.Editor.MjcfEpisodeSceneGenerator:ImportEpisodeScene (Asimov.UnityMujoco.EpisodeConfig) (at Assets/AsimovMujoco/Editor/MjcfEpisodeSceneGenerator.cs:96)
Asimov.UnityMujoco.Editor.MjcfEpisodeSceneGenerator:ImportAllEpisodeScenes () (at Assets/AsimovMujoco/Editor/MjcfEpisodeSceneGenerator.cs:56)
Asimov.UnityMujoco.Editor.MjcfEpisodeSceneGenerator:BootstrapProject () (at Assets/AsimovMujoco/Editor/MjcfEpisodeSceneGenerator.cs:29)

(Filename: ./Library/PackageCache/org.mujoco@72cb2b210d/Runtime/Importer/MjcfImporter.cs Line: 398)

The importer does not yet support sensor <jointactuatorfrc>.
UnityEngine.StackTraceUtility:ExtractStackTrace () (at /home/bokken/build/output/unity/unity/Runtime/Export/Scripting/StackTrace.cs:37)
UnityEngine.DebugLogHandler:LogFormat (UnityEngine.LogType,UnityEngine.Object,string,object[])
UnityEngine.Logger:Log (UnityEngine.LogType,object)
UnityEngine.Debug:Log (object)
Mujoco.MjcfImporter:ParseSensorType (System.Xml.XmlElement) (at ./Library/PackageCache/org.mujoco@72cb2b210d/Runtime/Importer/MjcfImporter.cs:398)
Mujoco.MjcfImporter:ParseRoot (UnityEngine.GameObject,System.Xml.XmlElement) (at ./Library/PackageCache/org.mujoco@72cb2b210d/Runtime/Importer/MjcfImporter.cs:208)
Mujoco.MjImporterWithAssets:ParseRoot (UnityEngine.GameObject,System.Xml.XmlElement) (at ./Library/PackageCache/org.mujoco@72cb2b210d/Editor/Importer/MjImporterWithAssets.cs:91)
Mujoco.MjcfImporter:ImportXml (System.Xml.XmlDocument,string) (at ./Library/PackageCache/org.mujoco@72cb2b210d/Runtime/Importer/MjcfImporter.cs:100)
Mujoco.MjImporterWithAssets:ImportString (string,string,string) (at ./Library/PackageCache/org.mujoco@72cb2b210d/Editor/Importer/MjImporterWithAssets.cs:75)
Asimov.UnityMujoco.Editor.MjcfEpisodeSceneGenerator:ImportExpandedEpisodeScene (Asimov.UnityMujoco.EpisodeConfig,string) (at Assets/AsimovMujoco/Editor/MjcfEpisodeSceneGenerator.cs:128)
Asimov.UnityMujoco.Editor.MjcfEpisodeSceneGenerator:ImportEpisodeScene (Asimov.UnityMujoco.EpisodeConfig) (at Assets/AsimovMujoco/Editor/MjcfEpisodeSceneGenerator.cs:96)
Asimov.UnityMujoco.Editor.MjcfEpisodeSceneGenerator:ImportAllEpisodeScenes () (at Assets/AsimovMujoco/Editor/MjcfEpisodeSceneGenerator.cs:56)
Asimov.UnityMujoco.Editor.MjcfEpisodeSceneGenerator:BootstrapProject () (at Assets/AsimovMujoco/Editor/MjcfEpisodeSceneGenerator.cs:29)

(Filename: ./Library/PackageCache/org.mujoco@72cb2b210d/Runtime/Importer/MjcfImporter.cs Line: 398)

The importer does not yet support sensor <jointactuatorfrc>.
UnityEngine.StackTraceUtility:ExtractStackTrace () (at /home/bokken/build/output/unity/unity/Runtime/Export/Scripting/StackTrace.cs:37)
UnityEngine.DebugLogHandler:LogFormat (UnityEngine.LogType,UnityEngine.Object,string,object[])
UnityEngine.Logger:Log (UnityEngine.LogType,object)
UnityEngine.Debug:Log (object)
Mujoco.MjcfImporter:ParseSensorType (System.Xml.XmlElement) (at ./Library/PackageCache/org.mujoco@72cb2b210d/Runtime/Importer/MjcfImporter.cs:398)
Mujoco.MjcfImporter:ParseRoot (UnityEngine.GameObject,System.Xml.XmlElement) (at ./Library/PackageCache/org.mujoco@72cb2b210d/Runtime/Importer/MjcfImporter.cs:208)
Mujoco.MjImporterWithAssets:ParseRoot (UnityEngine.GameObject,System.Xml.XmlElement) (at ./Library/PackageCache/org.mujoco@72cb2b210d/Editor/Importer/MjImporterWithAssets.cs:91)
Mujoco.MjcfImporter:ImportXml (System.Xml.XmlDocument,string) (at ./Library/PackageCache/org.mujoco@72cb2b210d/Runtime/Importer/MjcfImporter.cs:100)
Mujoco.MjImporterWithAssets:ImportString (string,string,string) (at ./Library/PackageCache/org.mujoco@72cb2b210d/Editor/Importer/MjImporterWithAssets.cs:75)
Asimov.UnityMujoco.Editor.MjcfEpisodeSceneGenerator:ImportExpandedEpisodeScene (Asimov.UnityMujoco.EpisodeConfig,string) (at Assets/AsimovMujoco/Editor/MjcfEpisodeSceneGenerator.cs:128)
Asimov.UnityMujoco.Editor.MjcfEpisodeSceneGenerator:ImportEpisodeScene (Asimov.UnityMujoco.EpisodeConfig) (at Assets/AsimovMujoco/Editor/MjcfEpisodeSceneGenerator.cs:96)
Asimov.UnityMujoco.Editor.MjcfEpisodeSceneGenerator:ImportAllEpisodeScenes () (at Assets/AsimovMujoco/Editor/MjcfEpisodeSceneGenerator.cs:56)
Asimov.UnityMujoco.Editor.MjcfEpisodeSceneGenerator:BootstrapProject () (at Assets/AsimovMujoco/Editor/MjcfEpisodeSceneGenerator.cs:29)

(Filename: ./Library/PackageCache/org.mujoco@72cb2b210d/Runtime/Importer/MjcfImporter.cs Line: 398)

The importer does not yet support sensor <jointactuatorfrc>.
UnityEngine.StackTraceUtility:ExtractStackTrace () (at /home/bokken/build/output/unity/unity/Runtime/Export/Scripting/StackTrace.cs:37)
UnityEngine.DebugLogHandler:LogFormat (UnityEngine.LogType,UnityEngine.Object,string,object[])
UnityEngine.Logger:Log (UnityEngine.LogType,object)
UnityEngine.Debug:Log (object)
Mujoco.MjcfImporter:ParseSensorType (System.Xml.XmlElement) (at ./Library/PackageCache/org.mujoco@72cb2b210d/Runtime/Importer/MjcfImporter.cs:398)
Mujoco.MjcfImporter:ParseRoot (UnityEngine.GameObject,System.Xml.XmlElement) (at ./Library/PackageCache/org.mujoco@72cb2b210d/Runtime/Importer/MjcfImporter.cs:208)
Mujoco.MjImporterWithAssets:ParseRoot (UnityEngine.GameObject,System.Xml.XmlElement) (at ./Library/PackageCache/org.mujoco@72cb2b210d/Editor/Importer/MjImporterWithAssets.cs:91)
Mujoco.MjcfImporter:ImportXml (System.Xml.XmlDocument,string) (at ./Library/PackageCache/org.mujoco@72cb2b210d/Runtime/Importer/MjcfImporter.cs:100)
Mujoco.MjImporterWithAssets:ImportString (string,string,string) (at ./Library/PackageCache/org.mujoco@72cb2b210d/Editor/Importer/MjImporterWithAssets.cs:75)
Asimov.UnityMujoco.Editor.MjcfEpisodeSceneGenerator:ImportExpandedEpisodeScene (Asimov.UnityMujoco.EpisodeConfig,string) (at Assets/AsimovMujoco/Editor/MjcfEpisodeSceneGenerator.cs:128)
Asimov.UnityMujoco.Editor.MjcfEpisodeSceneGenerator:ImportEpisodeScene (Asimov.UnityMujoco.EpisodeConfig) (at Assets/AsimovMujoco/Editor/MjcfEpisodeSceneGenerator.cs:96)
Asimov.UnityMujoco.Editor.MjcfEpisodeSceneGenerator:ImportAllEpisodeScenes () (at Assets/AsimovMujoco/Editor/MjcfEpisodeSceneGenerator.cs:56)
Asimov.UnityMujoco.Editor.MjcfEpisodeSceneGenerator:BootstrapProject () (at Assets/AsimovMujoco/Editor/MjcfEpisodeSceneGenerator.cs:29)

(Filename: ./Library/PackageCache/org.mujoco@72cb2b210d/Runtime/Importer/MjcfImporter.cs Line: 398)

The importer does not yet support sensor <jointactuatorfrc>.
UnityEngine.StackTraceUtility:ExtractStackTrace () (at /home/bokken/build/output/unity/unity/Runtime/Export/Scripting/StackTrace.cs:37)
UnityEngine.DebugLogHandler:LogFormat (UnityEngine.LogType,UnityEngine.Object,string,object[])
UnityEngine.Logger:Log (UnityEngine.LogType,object)
UnityEngine.Debug:Log (object)
Mujoco.MjcfImporter:ParseSensorType (System.Xml.XmlElement) (at ./Library/PackageCache/org.mujoco@72cb2b210d/Runtime/Importer/MjcfImporter.cs:398)
Mujoco.MjcfImporter:ParseRoot (UnityEngine.GameObject,System.Xml.XmlElement) (at ./Library/PackageCache/org.mujoco@72cb2b210d/Runtime/Importer/MjcfImporter.cs:208)
Mujoco.MjImporterWithAssets:ParseRoot (UnityEngine.GameObject,System.Xml.XmlElement) (at ./Library/PackageCache/org.mujoco@72cb2b210d/Editor/Importer/MjImporterWithAssets.cs:91)
Mujoco.MjcfImporter:ImportXml (System.Xml.XmlDocument,string) (at ./Library/PackageCache/org.mujoco@72cb2b210d/Runtime/Importer/MjcfImporter.cs:100)
Mujoco.MjImporterWithAssets:ImportString (string,string,string) (at ./Library/PackageCache/org.mujoco@72cb2b210d/Editor/Importer/MjImporterWithAssets.cs:75)
Asimov.UnityMujoco.Editor.MjcfEpisodeSceneGenerator:ImportExpandedEpisodeScene (Asimov.UnityMujoco.EpisodeConfig,string) (at Assets/AsimovMujoco/Editor/MjcfEpisodeSceneGenerator.cs:128)
Asimov.UnityMujoco.Editor.MjcfEpisodeSceneGenerator:ImportEpisodeScene (Asimov.UnityMujoco.EpisodeConfig) (at Assets/AsimovMujoco/Editor/MjcfEpisodeSceneGenerator.cs:96)
Asimov.UnityMujoco.Editor.MjcfEpisodeSceneGenerator:ImportAllEpisodeScenes () (at Assets/AsimovMujoco/Editor/MjcfEpisodeSceneGenerator.cs:56)
Asimov.UnityMujoco.Editor.MjcfEpisodeSceneGenerator:BootstrapProject () (at Assets/AsimovMujoco/Editor/MjcfEpisodeSceneGenerator.cs:29)

(Filename: ./Library/PackageCache/org.mujoco@72cb2b210d/Runtime/Importer/MjcfImporter.cs Line: 398)

The importer does not yet support sensor <jointactuatorfrc>.
UnityEngine.StackTraceUtility:ExtractStackTrace () (at /home/bokken/build/output/unity/unity/Runtime/Export/Scripting/StackTrace.cs:37)
UnityEngine.DebugLogHandler:LogFormat (UnityEngine.LogType,UnityEngine.Object,string,object[])
UnityEngine.Logger:Log (UnityEngine.LogType,object)
UnityEngine.Debug:Log (object)
Mujoco.MjcfImporter:ParseSensorType (System.Xml.XmlElement) (at ./Library/PackageCache/org.mujoco@72cb2b210d/Runtime/Importer/MjcfImporter.cs:398)
Mujoco.MjcfImporter:ParseRoot (UnityEngine.GameObject,System.Xml.XmlElement) (at ./Library/PackageCache/org.mujoco@72cb2b210d/Runtime/Importer/MjcfImporter.cs:208)
Mujoco.MjImporterWithAssets:ParseRoot (UnityEngine.GameObject,System.Xml.XmlElement) (at ./Library/PackageCache/org.mujoco@72cb2b210d/Editor/Importer/MjImporterWithAssets.cs:91)
Mujoco.MjcfImporter:ImportXml (System.Xml.XmlDocument,string) (at ./Library/PackageCache/org.mujoco@72cb2b210d/Runtime/Importer/MjcfImporter.cs:100)
Mujoco.MjImporterWithAssets:ImportString (string,string,string) (at ./Library/PackageCache/org.mujoco@72cb2b210d/Editor/Importer/MjImporterWithAssets.cs:75)
Asimov.UnityMujoco.Editor.MjcfEpisodeSceneGenerator:ImportExpandedEpisodeScene (Asimov.UnityMujoco.EpisodeConfig,string) (at Assets/AsimovMujoco/Editor/MjcfEpisodeSceneGenerator.cs:128)
Asimov.UnityMujoco.Editor.MjcfEpisodeSceneGenerator:ImportEpisodeScene (Asimov.UnityMujoco.EpisodeConfig) (at Assets/AsimovMujoco/Editor/MjcfEpisodeSceneGenerator.cs:96)
Asimov.UnityMujoco.Editor.MjcfEpisodeSceneGenerator:ImportAllEpisodeScenes () (at Assets/AsimovMujoco/Editor/MjcfEpisodeSceneGenerator.cs:56)
Asimov.UnityMujoco.Editor.MjcfEpisodeSceneGenerator:BootstrapProject () (at Assets/AsimovMujoco/Editor/MjcfEpisodeSceneGenerator.cs:29)

(Filename: ./Library/PackageCache/org.mujoco@72cb2b210d/Runtime/Importer/MjcfImporter.cs Line: 398)

The importer does not yet support sensor <jointactuatorfrc>.
UnityEngine.StackTraceUtility:ExtractStackTrace () (at /home/bokken/build/output/unity/unity/Runtime/Export/Scripting/StackTrace.cs:37)
UnityEngine.DebugLogHandler:LogFormat (UnityEngine.LogType,UnityEngine.Object,string,object[])
UnityEngine.Logger:Log (UnityEngine.LogType,object)
UnityEngine.Debug:Log (object)
Mujoco.MjcfImporter:ParseSensorType (System.Xml.XmlElement) (at ./Library/PackageCache/org.mujoco@72cb2b210d/Runtime/Importer/MjcfImporter.cs:398)
Mujoco.MjcfImporter:ParseRoot (UnityEngine.GameObject,System.Xml.XmlElement) (at ./Library/PackageCache/org.mujoco@72cb2b210d/Runtime/Importer/MjcfImporter.cs:208)
Mujoco.MjImporterWithAssets:ParseRoot (UnityEngine.GameObject,System.Xml.XmlElement) (at ./Library/PackageCache/org.mujoco@72cb2b210d/Editor/Importer/MjImporterWithAssets.cs:91)
Mujoco.MjcfImporter:ImportXml (System.Xml.XmlDocument,string) (at ./Library/PackageCache/org.mujoco@72cb2b210d/Runtime/Importer/MjcfImporter.cs:100)
Mujoco.MjImporterWithAssets:ImportString (string,string,string) (at ./Library/PackageCache/org.mujoco@72cb2b210d/Editor/Importer/MjImporterWithAssets.cs:75)
Asimov.UnityMujoco.Editor.MjcfEpisodeSceneGenerator:ImportExpandedEpisodeScene (Asimov.UnityMujoco.EpisodeConfig,string) (at Assets/AsimovMujoco/Editor/MjcfEpisodeSceneGenerator.cs:128)
Asimov.UnityMujoco.Editor.MjcfEpisodeSceneGenerator:ImportEpisodeScene (Asimov.UnityMujoco.EpisodeConfig) (at Assets/AsimovMujoco/Editor/MjcfEpisodeSceneGenerator.cs:96)
Asimov.UnityMujoco.Editor.MjcfEpisodeSceneGenerator:ImportAllEpisodeScenes () (at Assets/AsimovMujoco/Editor/MjcfEpisodeSceneGenerator.cs:56)
Asimov.UnityMujoco.Editor.MjcfEpisodeSceneGenerator:BootstrapProject () (at Assets/AsimovMujoco/Editor/MjcfEpisodeSceneGenerator.cs:29)

(Filename: ./Library/PackageCache/org.mujoco@72cb2b210d/Runtime/Importer/MjcfImporter.cs Line: 398)

The importer does not yet support sensor <jointactuatorfrc>.
UnityEngine.StackTraceUtility:ExtractStackTrace () (at /home/bokken/build/output/unity/unity/Runtime/Export/Scripting/StackTrace.cs:37)
UnityEngine.DebugLogHandler:LogFormat (UnityEngine.LogType,UnityEngine.Object,string,object[])
UnityEngine.Logger:Log (UnityEngine.LogType,object)
UnityEngine.Debug:Log (object)
Mujoco.MjcfImporter:ParseSensorType (System.Xml.XmlElement) (at ./Library/PackageCache/org.mujoco@72cb2b210d/Runtime/Importer/MjcfImporter.cs:398)
Mujoco.MjcfImporter:ParseRoot (UnityEngine.GameObject,System.Xml.XmlElement) (at ./Library/PackageCache/org.mujoco@72cb2b210d/Runtime/Importer/MjcfImporter.cs:208)
Mujoco.MjImporterWithAssets:ParseRoot (UnityEngine.GameObject,System.Xml.XmlElement) (at ./Library/PackageCache/org.mujoco@72cb2b210d/Editor/Importer/MjImporterWithAssets.cs:91)
Mujoco.MjcfImporter:ImportXml (System.Xml.XmlDocument,string) (at ./Library/PackageCache/org.mujoco@72cb2b210d/Runtime/Importer/MjcfImporter.cs:100)
Mujoco.MjImporterWithAssets:ImportString (string,string,string) (at ./Library/PackageCache/org.mujoco@72cb2b210d/Editor/Importer/MjImporterWithAssets.cs:75)
Asimov.UnityMujoco.Editor.MjcfEpisodeSceneGenerator:ImportExpandedEpisodeScene (Asimov.UnityMujoco.EpisodeConfig,string) (at Assets/AsimovMujoco/Editor/MjcfEpisodeSceneGenerator.cs:128)
Asimov.UnityMujoco.Editor.MjcfEpisodeSceneGenerator:ImportEpisodeScene (Asimov.UnityMujoco.EpisodeConfig) (at Assets/AsimovMujoco/Editor/MjcfEpisodeSceneGenerator.cs:96)
Asimov.UnityMujoco.Editor.MjcfEpisodeSceneGenerator:ImportAllEpisodeScenes () (at Assets/AsimovMujoco/Editor/MjcfEpisodeSceneGenerator.cs:56)
Asimov.UnityMujoco.Editor.MjcfEpisodeSceneGenerator:BootstrapProject () (at Assets/AsimovMujoco/Editor/MjcfEpisodeSceneGenerator.cs:29)

(Filename: ./Library/PackageCache/org.mujoco@72cb2b210d/Runtime/Importer/MjcfImporter.cs Line: 398)

The importer does not yet support sensor <jointactuatorfrc>.
UnityEngine.StackTraceUtility:ExtractStackTrace () (at /home/bokken/build/output/unity/unity/Runtime/Export/Scripting/StackTrace.cs:37)
UnityEngine.DebugLogHandler:LogFormat (UnityEngine.LogType,UnityEngine.Object,string,object[])
UnityEngine.Logger:Log (UnityEngine.LogType,object)
UnityEngine.Debug:Log (object)
Mujoco.MjcfImporter:ParseSensorType (System.Xml.XmlElement) (at ./Library/PackageCache/org.mujoco@72cb2b210d/Runtime/Importer/MjcfImporter.cs:398)
Mujoco.MjcfImporter:ParseRoot (UnityEngine.GameObject,System.Xml.XmlElement) (at ./Library/PackageCache/org.mujoco@72cb2b210d/Runtime/Importer/MjcfImporter.cs:208)
Mujoco.MjImporterWithAssets:ParseRoot (UnityEngine.GameObject,System.Xml.XmlElement) (at ./Library/PackageCache/org.mujoco@72cb2b210d/Editor/Importer/MjImporterWithAssets.cs:91)
Mujoco.MjcfImporter:ImportXml (System.Xml.XmlDocument,string) (at ./Library/PackageCache/org.mujoco@72cb2b210d/Runtime/Importer/MjcfImporter.cs:100)
Mujoco.MjImporterWithAssets:ImportString (string,string,string) (at ./Library/PackageCache/org.mujoco@72cb2b210d/Editor/Importer/MjImporterWithAssets.cs:75)
Asimov.UnityMujoco.Editor.MjcfEpisodeSceneGenerator:ImportExpandedEpisodeScene (Asimov.UnityMujoco.EpisodeConfig,string) (at Assets/AsimovMujoco/Editor/MjcfEpisodeSceneGenerator.cs:128)
Asimov.UnityMujoco.Editor.MjcfEpisodeSceneGenerator:ImportEpisodeScene (Asimov.UnityMujoco.EpisodeConfig) (at Assets/AsimovMujoco/Editor/MjcfEpisodeSceneGenerator.cs:96)
Asimov.UnityMujoco.Editor.MjcfEpisodeSceneGenerator:ImportAllEpisodeScenes () (at Assets/AsimovMujoco/Editor/MjcfEpisodeSceneGenerator.cs:56)
Asimov.UnityMujoco.Editor.MjcfEpisodeSceneGenerator:BootstrapProject () (at Assets/AsimovMujoco/Editor/MjcfEpisodeSceneGenerator.cs:29)

(Filename: ./Library/PackageCache/org.mujoco@72cb2b210d/Runtime/Importer/MjcfImporter.cs Line: 398)

The importer does not yet support sensor <jointactuatorfrc>.
UnityEngine.StackTraceUtility:ExtractStackTrace () (at /home/bokken/build/output/unity/unity/Runtime/Export/Scripting/StackTrace.cs:37)
UnityEngine.DebugLogHandler:LogFormat (UnityEngine.LogType,UnityEngine.Object,string,object[])
UnityEngine.Logger:Log (UnityEngine.LogType,object)
UnityEngine.Debug:Log (object)
Mujoco.MjcfImporter:ParseSensorType (System.Xml.XmlElement) (at ./Library/PackageCache/org.mujoco@72cb2b210d/Runtime/Importer/MjcfImporter.cs:398)
Mujoco.MjcfImporter:ParseRoot (UnityEngine.GameObject,System.Xml.XmlElement) (at ./Library/PackageCache/org.mujoco@72cb2b210d/Runtime/Importer/MjcfImporter.cs:208)
Mujoco.MjImporterWithAssets:ParseRoot (UnityEngine.GameObject,System.Xml.XmlElement) (at ./Library/PackageCache/org.mujoco@72cb2b210d/Editor/Importer/MjImporterWithAssets.cs:91)
Mujoco.MjcfImporter:ImportXml (System.Xml.XmlDocument,string) (at ./Library/PackageCache/org.mujoco@72cb2b210d/Runtime/Importer/MjcfImporter.cs:100)
Mujoco.MjImporterWithAssets:ImportString (string,string,string) (at ./Library/PackageCache/org.mujoco@72cb2b210d/Editor/Importer/MjImporterWithAssets.cs:75)
Asimov.UnityMujoco.Editor.MjcfEpisodeSceneGenerator:ImportExpandedEpisodeScene (Asimov.UnityMujoco.EpisodeConfig,string) (at Assets/AsimovMujoco/Editor/MjcfEpisodeSceneGenerator.cs:128)
Asimov.UnityMujoco.Editor.MjcfEpisodeSceneGenerator:ImportEpisodeScene (Asimov.UnityMujoco.EpisodeConfig) (at Assets/AsimovMujoco/Editor/MjcfEpisodeSceneGenerator.cs:96)
Asimov.UnityMujoco.Editor.MjcfEpisodeSceneGenerator:ImportAllEpisodeScenes () (at Assets/AsimovMujoco/Editor/MjcfEpisodeSceneGenerator.cs:56)
Asimov.UnityMujoco.Editor.MjcfEpisodeSceneGenerator:BootstrapProject () (at Assets/AsimovMujoco/Editor/MjcfEpisodeSceneGenerator.cs:29)

(Filename: ./Library/PackageCache/org.mujoco@72cb2b210d/Runtime/Importer/MjcfImporter.cs Line: 398)

The importer does not yet support sensor <jointactuatorfrc>.
UnityEngine.StackTraceUtility:ExtractStackTrace () (at /home/bokken/build/output/unity/unity/Runtime/Export/Scripting/StackTrace.cs:37)
UnityEngine.DebugLogHandler:LogFormat (UnityEngine.LogType,UnityEngine.Object,string,object[])
UnityEngine.Logger:Log (UnityEngine.LogType,object)
UnityEngine.Debug:Log (object)
Mujoco.MjcfImporter:ParseSensorType (System.Xml.XmlElement) (at ./Library/PackageCache/org.mujoco@72cb2b210d/Runtime/Importer/MjcfImporter.cs:398)
Mujoco.MjcfImporter:ParseRoot (UnityEngine.GameObject,System.Xml.XmlElement) (at ./Library/PackageCache/org.mujoco@72cb2b210d/Runtime/Importer/MjcfImporter.cs:208)
Mujoco.MjImporterWithAssets:ParseRoot (UnityEngine.GameObject,System.Xml.XmlElement) (at ./Library/PackageCache/org.mujoco@72cb2b210d/Editor/Importer/MjImporterWithAssets.cs:91)
Mujoco.MjcfImporter:ImportXml (System.Xml.XmlDocument,string) (at ./Library/PackageCache/org.mujoco@72cb2b210d/Runtime/Importer/MjcfImporter.cs:100)
Mujoco.MjImporterWithAssets:ImportString (string,string,string) (at ./Library/PackageCache/org.mujoco@72cb2b210d/Editor/Importer/MjImporterWithAssets.cs:75)
Asimov.UnityMujoco.Editor.MjcfEpisodeSceneGenerator:ImportExpandedEpisodeScene (Asimov.UnityMujoco.EpisodeConfig,string) (at Assets/AsimovMujoco/Editor/MjcfEpisodeSceneGenerator.cs:128)
Asimov.UnityMujoco.Editor.MjcfEpisodeSceneGenerator:ImportEpisodeScene (Asimov.UnityMujoco.EpisodeConfig) (at Assets/AsimovMujoco/Editor/MjcfEpisodeSceneGenerator.cs:96)
Asimov.UnityMujoco.Editor.MjcfEpisodeSceneGenerator:ImportAllEpisodeScenes () (at Assets/AsimovMujoco/Editor/MjcfEpisodeSceneGenerator.cs:56)
Asimov.UnityMujoco.Editor.MjcfEpisodeSceneGenerator:BootstrapProject () (at Assets/AsimovMujoco/Editor/MjcfEpisodeSceneGenerator.cs:29)

(Filename: ./Library/PackageCache/org.mujoco@72cb2b210d/Runtime/Importer/MjcfImporter.cs Line: 398)

The importer does not yet support sensor <jointactuatorfrc>.
UnityEngine.StackTraceUtility:ExtractStackTrace () (at /home/bokken/build/output/unity/unity/Runtime/Export/Scripting/StackTrace.cs:37)
UnityEngine.DebugLogHandler:LogFormat (UnityEngine.LogType,UnityEngine.Object,string,object[])
UnityEngine.Logger:Log (UnityEngine.LogType,object)
UnityEngine.Debug:Log (object)
Mujoco.MjcfImporter:ParseSensorType (System.Xml.XmlElement) (at ./Library/PackageCache/org.mujoco@72cb2b210d/Runtime/Importer/MjcfImporter.cs:398)
Mujoco.MjcfImporter:ParseRoot (UnityEngine.GameObject,System.Xml.XmlElement) (at ./Library/PackageCache/org.mujoco@72cb2b210d/Runtime/Importer/MjcfImporter.cs:208)
Mujoco.MjImporterWithAssets:ParseRoot (UnityEngine.GameObject,System.Xml.XmlElement) (at ./Library/PackageCache/org.mujoco@72cb2b210d/Editor/Importer/MjImporterWithAssets.cs:91)
Mujoco.MjcfImporter:ImportXml (System.Xml.XmlDocument,string) (at ./Library/PackageCache/org.mujoco@72cb2b210d/Runtime/Importer/MjcfImporter.cs:100)
Mujoco.MjImporterWithAssets:ImportString (string,string,string) (at ./Library/PackageCache/org.mujoco@72cb2b210d/Editor/Importer/MjImporterWithAssets.cs:75)
Asimov.UnityMujoco.Editor.MjcfEpisodeSceneGenerator:ImportExpandedEpisodeScene (Asimov.UnityMujoco.EpisodeConfig,string) (at Assets/AsimovMujoco/Editor/MjcfEpisodeSceneGenerator.cs:128)
Asimov.UnityMujoco.Editor.MjcfEpisodeSceneGenerator:ImportEpisodeScene (Asimov.UnityMujoco.EpisodeConfig) (at Assets/AsimovMujoco/Editor/MjcfEpisodeSceneGenerator.cs:96)
Asimov.UnityMujoco.Editor.MjcfEpisodeSceneGenerator:ImportAllEpisodeScenes () (at Assets/AsimovMujoco/Editor/MjcfEpisodeSceneGenerator.cs:56)
Asimov.UnityMujoco.Editor.MjcfEpisodeSceneGenerator:BootstrapProject () (at Assets/AsimovMujoco/Editor/MjcfEpisodeSceneGenerator.cs:29)

(Filename: ./Library/PackageCache/org.mujoco@72cb2b210d/Runtime/Importer/MjcfImporter.cs Line: 398)

The importer does not yet support sensor <jointactuatorfrc>.
UnityEngine.StackTraceUtility:ExtractStackTrace () (at /home/bokken/build/output/unity/unity/Runtime/Export/Scripting/StackTrace.cs:37)
UnityEngine.DebugLogHandler:LogFormat (UnityEngine.LogType,UnityEngine.Object,string,object[])
UnityEngine.Logger:Log (UnityEngine.LogType,object)
UnityEngine.Debug:Log (object)
Mujoco.MjcfImporter:ParseSensorType (System.Xml.XmlElement) (at ./Library/PackageCache/org.mujoco@72cb2b210d/Runtime/Importer/MjcfImporter.cs:398)
Mujoco.MjcfImporter:ParseRoot (UnityEngine.GameObject,System.Xml.XmlElement) (at ./Library/PackageCache/org.mujoco@72cb2b210d/Runtime/Importer/MjcfImporter.cs:208)
Mujoco.MjImporterWithAssets:ParseRoot (UnityEngine.GameObject,System.Xml.XmlElement) (at ./Library/PackageCache/org.mujoco@72cb2b210d/Editor/Importer/MjImporterWithAssets.cs:91)
Mujoco.MjcfImporter:ImportXml (System.Xml.XmlDocument,string) (at ./Library/PackageCache/org.mujoco@72cb2b210d/Runtime/Importer/MjcfImporter.cs:100)
Mujoco.MjImporterWithAssets:ImportString (string,string,string) (at ./Library/PackageCache/org.mujoco@72cb2b210d/Editor/Importer/MjImporterWithAssets.cs:75)
Asimov.UnityMujoco.Editor.MjcfEpisodeSceneGenerator:ImportExpandedEpisodeScene (Asimov.UnityMujoco.EpisodeConfig,string) (at Assets/AsimovMujoco/Editor/MjcfEpisodeSceneGenerator.cs:128)
Asimov.UnityMujoco.Editor.MjcfEpisodeSceneGenerator:ImportEpisodeScene (Asimov.UnityMujoco.EpisodeConfig) (at Assets/AsimovMujoco/Editor/MjcfEpisodeSceneGenerator.cs:96)
Asimov.UnityMujoco.Editor.MjcfEpisodeSceneGenerator:ImportAllEpisodeScenes () (at Assets/AsimovMujoco/Editor/MjcfEpisodeSceneGenerator.cs:56)
Asimov.UnityMujoco.Editor.MjcfEpisodeSceneGenerator:BootstrapProject () (at Assets/AsimovMujoco/Editor/MjcfEpisodeSceneGenerator.cs:29)

(Filename: ./Library/PackageCache/org.mujoco@72cb2b210d/Runtime/Importer/MjcfImporter.cs Line: 398)

The importer does not yet support sensor <jointactuatorfrc>.
UnityEngine.StackTraceUtility:ExtractStackTrace () (at /home/bokken/build/output/unity/unity/Runtime/Export/Scripting/StackTrace.cs:37)
UnityEngine.DebugLogHandler:LogFormat (UnityEngine.LogType,UnityEngine.Object,string,object[])
UnityEngine.Logger:Log (UnityEngine.LogType,object)
UnityEngine.Debug:Log (object)
Mujoco.MjcfImporter:ParseSensorType (System.Xml.XmlElement) (at ./Library/PackageCache/org.mujoco@72cb2b210d/Runtime/Importer/MjcfImporter.cs:398)
Mujoco.MjcfImporter:ParseRoot (UnityEngine.GameObject,System.Xml.XmlElement) (at ./Library/PackageCache/org.mujoco@72cb2b210d/Runtime/Importer/MjcfImporter.cs:208)
Mujoco.MjImporterWithAssets:ParseRoot (UnityEngine.GameObject,System.Xml.XmlElement) (at ./Library/PackageCache/org.mujoco@72cb2b210d/Editor/Importer/MjImporterWithAssets.cs:91)
Mujoco.MjcfImporter:ImportXml (System.Xml.XmlDocument,string) (at ./Library/PackageCache/org.mujoco@72cb2b210d/Runtime/Importer/MjcfImporter.cs:100)
Mujoco.MjImporterWithAssets:ImportString (string,string,string) (at ./Library/PackageCache/org.mujoco@72cb2b210d/Editor/Importer/MjImporterWithAssets.cs:75)
Asimov.UnityMujoco.Editor.MjcfEpisodeSceneGenerator:ImportExpandedEpisodeScene (Asimov.UnityMujoco.EpisodeConfig,string) (at Assets/AsimovMujoco/Editor/MjcfEpisodeSceneGenerator.cs:128)
Asimov.UnityMujoco.Editor.MjcfEpisodeSceneGenerator:ImportEpisodeScene (Asimov.UnityMujoco.EpisodeConfig) (at Assets/AsimovMujoco/Editor/MjcfEpisodeSceneGenerator.cs:96)
Asimov.UnityMujoco.Editor.MjcfEpisodeSceneGenerator:ImportAllEpisodeScenes () (at Assets/AsimovMujoco/Editor/MjcfEpisodeSceneGenerator.cs:56)
Asimov.UnityMujoco.Editor.MjcfEpisodeSceneGenerator:BootstrapProject () (at Assets/AsimovMujoco/Editor/MjcfEpisodeSceneGenerator.cs:29)

(Filename: ./Library/PackageCache/org.mujoco@72cb2b210d/Runtime/Importer/MjcfImporter.cs Line: 398)

The importer does not yet support sensor <jointactuatorfrc>.
UnityEngine.StackTraceUtility:ExtractStackTrace () (at /home/bokken/build/output/unity/unity/Runtime/Export/Scripting/StackTrace.cs:37)
UnityEngine.DebugLogHandler:LogFormat (UnityEngine.LogType,UnityEngine.Object,string,object[])
UnityEngine.Logger:Log (UnityEngine.LogType,object)
UnityEngine.Debug:Log (object)
Mujoco.MjcfImporter:ParseSensorType (System.Xml.XmlElement) (at ./Library/PackageCache/org.mujoco@72cb2b210d/Runtime/Importer/MjcfImporter.cs:398)
Mujoco.MjcfImporter:ParseRoot (UnityEngine.GameObject,System.Xml.XmlElement) (at ./Library/PackageCache/org.mujoco@72cb2b210d/Runtime/Importer/MjcfImporter.cs:208)
Mujoco.MjImporterWithAssets:ParseRoot (UnityEngine.GameObject,System.Xml.XmlElement) (at ./Library/PackageCache/org.mujoco@72cb2b210d/Editor/Importer/MjImporterWithAssets.cs:91)
Mujoco.MjcfImporter:ImportXml (System.Xml.XmlDocument,string) (at ./Library/PackageCache/org.mujoco@72cb2b210d/Runtime/Importer/MjcfImporter.cs:100)
Mujoco.MjImporterWithAssets:ImportString (string,string,string) (at ./Library/PackageCache/org.mujoco@72cb2b210d/Editor/Importer/MjImporterWithAssets.cs:75)
Asimov.UnityMujoco.Editor.MjcfEpisodeSceneGenerator:ImportExpandedEpisodeScene (Asimov.UnityMujoco.EpisodeConfig,string) (at Assets/AsimovMujoco/Editor/MjcfEpisodeSceneGenerator.cs:128)
Asimov.UnityMujoco.Editor.MjcfEpisodeSceneGenerator:ImportEpisodeScene (Asimov.UnityMujoco.EpisodeConfig) (at Assets/AsimovMujoco/Editor/MjcfEpisodeSceneGenerator.cs:96)
Asimov.UnityMujoco.Editor.MjcfEpisodeSceneGenerator:ImportAllEpisodeScenes () (at Assets/AsimovMujoco/Editor/MjcfEpisodeSceneGenerator.cs:56)
Asimov.UnityMujoco.Editor.MjcfEpisodeSceneGenerator:BootstrapProject () (at Assets/AsimovMujoco/Editor/MjcfEpisodeSceneGenerator.cs:29)

(Filename: ./Library/PackageCache/org.mujoco@72cb2b210d/Runtime/Importer/MjcfImporter.cs Line: 398)

The importer does not yet support sensor <jointactuatorfrc>.
UnityEngine.StackTraceUtility:ExtractStackTrace () (at /home/bokken/build/output/unity/unity/Runtime/Export/Scripting/StackTrace.cs:37)
UnityEngine.DebugLogHandler:LogFormat (UnityEngine.LogType,UnityEngine.Object,string,object[])
UnityEngine.Logger:Log (UnityEngine.LogType,object)
UnityEngine.Debug:Log (object)
Mujoco.MjcfImporter:ParseSensorType (System.Xml.XmlElement) (at ./Library/PackageCache/org.mujoco@72cb2b210d/Runtime/Importer/MjcfImporter.cs:398)
Mujoco.MjcfImporter:ParseRoot (UnityEngine.GameObject,System.Xml.XmlElement) (at ./Library/PackageCache/org.mujoco@72cb2b210d/Runtime/Importer/MjcfImporter.cs:208)
Mujoco.MjImporterWithAssets:ParseRoot (UnityEngine.GameObject,System.Xml.XmlElement) (at ./Library/PackageCache/org.mujoco@72cb2b210d/Editor/Importer/MjImporterWithAssets.cs:91)
Mujoco.MjcfImporter:ImportXml (System.Xml.XmlDocument,string) (at ./Library/PackageCache/org.mujoco@72cb2b210d/Runtime/Importer/MjcfImporter.cs:100)
Mujoco.MjImporterWithAssets:ImportString (string,string,string) (at ./Library/PackageCache/org.mujoco@72cb2b210d/Editor/Importer/MjImporterWithAssets.cs:75)
Asimov.UnityMujoco.Editor.MjcfEpisodeSceneGenerator:ImportExpandedEpisodeScene (Asimov.UnityMujoco.EpisodeConfig,string) (at Assets/AsimovMujoco/Editor/MjcfEpisodeSceneGenerator.cs:128)
Asimov.UnityMujoco.Editor.MjcfEpisodeSceneGenerator:ImportEpisodeScene (Asimov.UnityMujoco.EpisodeConfig) (at Assets/AsimovMujoco/Editor/MjcfEpisodeSceneGenerator.cs:96)
Asimov.UnityMujoco.Editor.MjcfEpisodeSceneGenerator:ImportAllEpisodeScenes () (at Assets/AsimovMujoco/Editor/MjcfEpisodeSceneGenerator.cs:56)
Asimov.UnityMujoco.Editor.MjcfEpisodeSceneGenerator:BootstrapProject () (at Assets/AsimovMujoco/Editor/MjcfEpisodeSceneGenerator.cs:29)

(Filename: ./Library/PackageCache/org.mujoco@72cb2b210d/Runtime/Importer/MjcfImporter.cs Line: 398)

The importer does not yet support sensor <jointactuatorfrc>.
UnityEngine.StackTraceUtility:ExtractStackTrace () (at /home/bokken/build/output/unity/unity/Runtime/Export/Scripting/StackTrace.cs:37)
UnityEngine.DebugLogHandler:LogFormat (UnityEngine.LogType,UnityEngine.Object,string,object[])
UnityEngine.Logger:Log (UnityEngine.LogType,object)
UnityEngine.Debug:Log (object)
Mujoco.MjcfImporter:ParseSensorType (System.Xml.XmlElement) (at ./Library/PackageCache/org.mujoco@72cb2b210d/Runtime/Importer/MjcfImporter.cs:398)
Mujoco.MjcfImporter:ParseRoot (UnityEngine.GameObject,System.Xml.XmlElement) (at ./Library/PackageCache/org.mujoco@72cb2b210d/Runtime/Importer/MjcfImporter.cs:208)
Mujoco.MjImporterWithAssets:ParseRoot (UnityEngine.GameObject,System.Xml.XmlElement) (at ./Library/PackageCache/org.mujoco@72cb2b210d/Editor/Importer/MjImporterWithAssets.cs:91)
Mujoco.MjcfImporter:ImportXml (System.Xml.XmlDocument,string) (at ./Library/PackageCache/org.mujoco@72cb2b210d/Runtime/Importer/MjcfImporter.cs:100)
Mujoco.MjImporterWithAssets:ImportString (string,string,string) (at ./Library/PackageCache/org.mujoco@72cb2b210d/Editor/Importer/MjImporterWithAssets.cs:75)
Asimov.UnityMujoco.Editor.MjcfEpisodeSceneGenerator:ImportExpandedEpisodeScene (Asimov.UnityMujoco.EpisodeConfig,string) (at Assets/AsimovMujoco/Editor/MjcfEpisodeSceneGenerator.cs:128)
Asimov.UnityMujoco.Editor.MjcfEpisodeSceneGenerator:ImportEpisodeScene (Asimov.UnityMujoco.EpisodeConfig) (at Assets/AsimovMujoco/Editor/MjcfEpisodeSceneGenerator.cs:96)
Asimov.UnityMujoco.Editor.MjcfEpisodeSceneGenerator:ImportAllEpisodeScenes () (at Assets/AsimovMujoco/Editor/MjcfEpisodeSceneGenerator.cs:56)
Asimov.UnityMujoco.Editor.MjcfEpisodeSceneGenerator:BootstrapProject () (at Assets/AsimovMujoco/Editor/MjcfEpisodeSceneGenerator.cs:29)

(Filename: ./Library/PackageCache/org.mujoco@72cb2b210d/Runtime/Importer/MjcfImporter.cs Line: 398)

The importer does not yet support sensor <jointactuatorfrc>.
UnityEngine.StackTraceUtility:ExtractStackTrace () (at /home/bokken/build/output/unity/unity/Runtime/Export/Scripting/StackTrace.cs:37)
UnityEngine.DebugLogHandler:LogFormat (UnityEngine.LogType,UnityEngine.Object,string,object[])
UnityEngine.Logger:Log (UnityEngine.LogType,object)
UnityEngine.Debug:Log (object)
Mujoco.MjcfImporter:ParseSensorType (System.Xml.XmlElement) (at ./Library/PackageCache/org.mujoco@72cb2b210d/Runtime/Importer/MjcfImporter.cs:398)
Mujoco.MjcfImporter:ParseRoot (UnityEngine.GameObject,System.Xml.XmlElement) (at ./Library/PackageCache/org.mujoco@72cb2b210d/Runtime/Importer/MjcfImporter.cs:208)
Mujoco.MjImporterWithAssets:ParseRoot (UnityEngine.GameObject,System.Xml.XmlElement) (at ./Library/PackageCache/org.mujoco@72cb2b210d/Editor/Importer/MjImporterWithAssets.cs:91)
Mujoco.MjcfImporter:ImportXml (System.Xml.XmlDocument,string) (at ./Library/PackageCache/org.mujoco@72cb2b210d/Runtime/Importer/MjcfImporter.cs:100)
Mujoco.MjImporterWithAssets:ImportString (string,string,string) (at ./Library/PackageCache/org.mujoco@72cb2b210d/Editor/Importer/MjImporterWithAssets.cs:75)
Asimov.UnityMujoco.Editor.MjcfEpisodeSceneGenerator:ImportExpandedEpisodeScene (Asimov.UnityMujoco.EpisodeConfig,string) (at Assets/AsimovMujoco/Editor/MjcfEpisodeSceneGenerator.cs:128)
Asimov.UnityMujoco.Editor.MjcfEpisodeSceneGenerator:ImportEpisodeScene (Asimov.UnityMujoco.EpisodeConfig) (at Assets/AsimovMujoco/Editor/MjcfEpisodeSceneGenerator.cs:96)
Asimov.UnityMujoco.Editor.MjcfEpisodeSceneGenerator:ImportAllEpisodeScenes () (at Assets/AsimovMujoco/Editor/MjcfEpisodeSceneGenerator.cs:56)
Asimov.UnityMujoco.Editor.MjcfEpisodeSceneGenerator:BootstrapProject () (at Assets/AsimovMujoco/Editor/MjcfEpisodeSceneGenerator.cs:29)

(Filename: ./Library/PackageCache/org.mujoco@72cb2b210d/Runtime/Importer/MjcfImporter.cs Line: 398)

The importer does not yet support sensor <jointactuatorfrc>.
UnityEngine.StackTraceUtility:ExtractStackTrace () (at /home/bokken/build/output/unity/unity/Runtime/Export/Scripting/StackTrace.cs:37)
UnityEngine.DebugLogHandler:LogFormat (UnityEngine.LogType,UnityEngine.Object,string,object[])
UnityEngine.Logger:Log (UnityEngine.LogType,object)
UnityEngine.Debug:Log (object)
Mujoco.MjcfImporter:ParseSensorType (System.Xml.XmlElement) (at ./Library/PackageCache/org.mujoco@72cb2b210d/Runtime/Importer/MjcfImporter.cs:398)
Mujoco.MjcfImporter:ParseRoot (UnityEngine.GameObject,System.Xml.XmlElement) (at ./Library/PackageCache/org.mujoco@72cb2b210d/Runtime/Importer/MjcfImporter.cs:208)
Mujoco.MjImporterWithAssets:ParseRoot (UnityEngine.GameObject,System.Xml.XmlElement) (at ./Library/PackageCache/org.mujoco@72cb2b210d/Editor/Importer/MjImporterWithAssets.cs:91)
Mujoco.MjcfImporter:ImportXml (System.Xml.XmlDocument,string) (at ./Library/PackageCache/org.mujoco@72cb2b210d/Runtime/Importer/MjcfImporter.cs:100)
Mujoco.MjImporterWithAssets:ImportString (string,string,string) (at ./Library/PackageCache/org.mujoco@72cb2b210d/Editor/Importer/MjImporterWithAssets.cs:75)
Asimov.UnityMujoco.Editor.MjcfEpisodeSceneGenerator:ImportExpandedEpisodeScene (Asimov.UnityMujoco.EpisodeConfig,string) (at Assets/AsimovMujoco/Editor/MjcfEpisodeSceneGenerator.cs:128)
Asimov.UnityMujoco.Editor.MjcfEpisodeSceneGenerator:ImportEpisodeScene (Asimov.UnityMujoco.EpisodeConfig) (at Assets/AsimovMujoco/Editor/MjcfEpisodeSceneGenerator.cs:96)
Asimov.UnityMujoco.Editor.MjcfEpisodeSceneGenerator:ImportAllEpisodeScenes () (at Assets/AsimovMujoco/Editor/MjcfEpisodeSceneGenerator.cs:56)
Asimov.UnityMujoco.Editor.MjcfEpisodeSceneGenerator:BootstrapProject () (at Assets/AsimovMujoco/Editor/MjcfEpisodeSceneGenerator.cs:29)

(Filename: ./Library/PackageCache/org.mujoco@72cb2b210d/Runtime/Importer/MjcfImporter.cs Line: 398)

The importer does not yet support sensor <jointactuatorfrc>.
UnityEngine.StackTraceUtility:ExtractStackTrace () (at /home/bokken/build/output/unity/unity/Runtime/Export/Scripting/StackTrace.cs:37)
UnityEngine.DebugLogHandler:LogFormat (UnityEngine.LogType,UnityEngine.Object,string,object[])
UnityEngine.Logger:Log (UnityEngine.LogType,object)
UnityEngine.Debug:Log (object)
Mujoco.MjcfImporter:ParseSensorType (System.Xml.XmlElement) (at ./Library/PackageCache/org.mujoco@72cb2b210d/Runtime/Importer/MjcfImporter.cs:398)
Mujoco.MjcfImporter:ParseRoot (UnityEngine.GameObject,System.Xml.XmlElement) (at ./Library/PackageCache/org.mujoco@72cb2b210d/Runtime/Importer/MjcfImporter.cs:208)
Mujoco.MjImporterWithAssets:ParseRoot (UnityEngine.GameObject,System.Xml.XmlElement) (at ./Library/PackageCache/org.mujoco@72cb2b210d/Editor/Importer/MjImporterWithAssets.cs:91)
Mujoco.MjcfImporter:ImportXml (System.Xml.XmlDocument,string) (at ./Library/PackageCache/org.mujoco@72cb2b210d/Runtime/Importer/MjcfImporter.cs:100)
Mujoco.MjImporterWithAssets:ImportString (string,string,string) (at ./Library/PackageCache/org.mujoco@72cb2b210d/Editor/Importer/MjImporterWithAssets.cs:75)
Asimov.UnityMujoco.Editor.MjcfEpisodeSceneGenerator:ImportExpandedEpisodeScene (Asimov.UnityMujoco.EpisodeConfig,string) (at Assets/AsimovMujoco/Editor/MjcfEpisodeSceneGenerator.cs:128)
Asimov.UnityMujoco.Editor.MjcfEpisodeSceneGenerator:ImportEpisodeScene (Asimov.UnityMujoco.EpisodeConfig) (at Assets/AsimovMujoco/Editor/MjcfEpisodeSceneGenerator.cs:96)
Asimov.UnityMujoco.Editor.MjcfEpisodeSceneGenerator:ImportAllEpisodeScenes () (at Assets/AsimovMujoco/Editor/MjcfEpisodeSceneGenerator.cs:56)
Asimov.UnityMujoco.Editor.MjcfEpisodeSceneGenerator:BootstrapProject () (at Assets/AsimovMujoco/Editor/MjcfEpisodeSceneGenerator.cs:29)

(Filename: ./Library/PackageCache/org.mujoco@72cb2b210d/Runtime/Importer/MjcfImporter.cs Line: 398)

The importer does not yet support sensor <jointactuatorfrc>.
UnityEngine.StackTraceUtility:ExtractStackTrace () (at /home/bokken/build/output/unity/unity/Runtime/Export/Scripting/StackTrace.cs:37)
UnityEngine.DebugLogHandler:LogFormat (UnityEngine.LogType,UnityEngine.Object,string,object[])
UnityEngine.Logger:Log (UnityEngine.LogType,object)
UnityEngine.Debug:Log (object)
Mujoco.MjcfImporter:ParseSensorType (System.Xml.XmlElement) (at ./Library/PackageCache/org.mujoco@72cb2b210d/Runtime/Importer/MjcfImporter.cs:398)
Mujoco.MjcfImporter:ParseRoot (UnityEngine.GameObject,System.Xml.XmlElement) (at ./Library/PackageCache/org.mujoco@72cb2b210d/Runtime/Importer/MjcfImporter.cs:208)
Mujoco.MjImporterWithAssets:ParseRoot (UnityEngine.GameObject,System.Xml.XmlElement) (at ./Library/PackageCache/org.mujoco@72cb2b210d/Editor/Importer/MjImporterWithAssets.cs:91)
Mujoco.MjcfImporter:ImportXml (System.Xml.XmlDocument,string) (at ./Library/PackageCache/org.mujoco@72cb2b210d/Runtime/Importer/MjcfImporter.cs:100)
Mujoco.MjImporterWithAssets:ImportString (string,string,string) (at ./Library/PackageCache/org.mujoco@72cb2b210d/Editor/Importer/MjImporterWithAssets.cs:75)
Asimov.UnityMujoco.Editor.MjcfEpisodeSceneGenerator:ImportExpandedEpisodeScene (Asimov.UnityMujoco.EpisodeConfig,string) (at Assets/AsimovMujoco/Editor/MjcfEpisodeSceneGenerator.cs:128)
Asimov.UnityMujoco.Editor.MjcfEpisodeSceneGenerator:ImportEpisodeScene (Asimov.UnityMujoco.EpisodeConfig) (at Assets/AsimovMujoco/Editor/MjcfEpisodeSceneGenerator.cs:96)
Asimov.UnityMujoco.Editor.MjcfEpisodeSceneGenerator:ImportAllEpisodeScenes () (at Assets/AsimovMujoco/Editor/MjcfEpisodeSceneGenerator.cs:56)
Asimov.UnityMujoco.Editor.MjcfEpisodeSceneGenerator:BootstrapProject () (at Assets/AsimovMujoco/Editor/MjcfEpisodeSceneGenerator.cs:29)

(Filename: ./Library/PackageCache/org.mujoco@72cb2b210d/Runtime/Importer/MjcfImporter.cs Line: 398)

The importer does not yet support sensor <jointactuatorfrc>.
UnityEngine.StackTraceUtility:ExtractStackTrace () (at /home/bokken/build/output/unity/unity/Runtime/Export/Scripting/StackTrace.cs:37)
UnityEngine.DebugLogHandler:LogFormat (UnityEngine.LogType,UnityEngine.Object,string,object[])
UnityEngine.Logger:Log (UnityEngine.LogType,object)
UnityEngine.Debug:Log (object)
Mujoco.MjcfImporter:ParseSensorType (System.Xml.XmlElement) (at ./Library/PackageCache/org.mujoco@72cb2b210d/Runtime/Importer/MjcfImporter.cs:398)
Mujoco.MjcfImporter:ParseRoot (UnityEngine.GameObject,System.Xml.XmlElement) (at ./Library/PackageCache/org.mujoco@72cb2b210d/Runtime/Importer/MjcfImporter.cs:208)
Mujoco.MjImporterWithAssets:ParseRoot (UnityEngine.GameObject,System.Xml.XmlElement) (at ./Library/PackageCache/org.mujoco@72cb2b210d/Editor/Importer/MjImporterWithAssets.cs:91)
Mujoco.MjcfImporter:ImportXml (System.Xml.XmlDocument,string) (at ./Library/PackageCache/org.mujoco@72cb2b210d/Runtime/Importer/MjcfImporter.cs:100)
Mujoco.MjImporterWithAssets:ImportString (string,string,string) (at ./Library/PackageCache/org.mujoco@72cb2b210d/Editor/Importer/MjImporterWithAssets.cs:75)
Asimov.UnityMujoco.Editor.MjcfEpisodeSceneGenerator:ImportExpandedEpisodeScene (Asimov.UnityMujoco.EpisodeConfig,string) (at Assets/AsimovMujoco/Editor/MjcfEpisodeSceneGenerator.cs:128)
Asimov.UnityMujoco.Editor.MjcfEpisodeSceneGenerator:ImportEpisodeScene (Asimov.UnityMujoco.EpisodeConfig) (at Assets/AsimovMujoco/Editor/MjcfEpisodeSceneGenerator.cs:96)
Asimov.UnityMujoco.Editor.MjcfEpisodeSceneGenerator:ImportAllEpisodeScenes () (at Assets/AsimovMujoco/Editor/MjcfEpisodeSceneGenerator.cs:56)
Asimov.UnityMujoco.Editor.MjcfEpisodeSceneGenerator:BootstrapProject () (at Assets/AsimovMujoco/Editor/MjcfEpisodeSceneGenerator.cs:29)

(Filename: ./Library/PackageCache/org.mujoco@72cb2b210d/Runtime/Importer/MjcfImporter.cs Line: 398)

The importer does not yet support sensor <jointactuatorfrc>.
UnityEngine.StackTraceUtility:ExtractStackTrace () (at /home/bokken/build/output/unity/unity/Runtime/Export/Scripting/StackTrace.cs:37)
UnityEngine.DebugLogHandler:LogFormat (UnityEngine.LogType,UnityEngine.Object,string,object[])
UnityEngine.Logger:Log (UnityEngine.LogType,object)
UnityEngine.Debug:Log (object)
Mujoco.MjcfImporter:ParseSensorType (System.Xml.XmlElement) (at ./Library/PackageCache/org.mujoco@72cb2b210d/Runtime/Importer/MjcfImporter.cs:398)
Mujoco.MjcfImporter:ParseRoot (UnityEngine.GameObject,System.Xml.XmlElement) (at ./Library/PackageCache/org.mujoco@72cb2b210d/Runtime/Importer/MjcfImporter.cs:208)
Mujoco.MjImporterWithAssets:ParseRoot (UnityEngine.GameObject,System.Xml.XmlElement) (at ./Library/PackageCache/org.mujoco@72cb2b210d/Editor/Importer/MjImporterWithAssets.cs:91)
Mujoco.MjcfImporter:ImportXml (System.Xml.XmlDocument,string) (at ./Library/PackageCache/org.mujoco@72cb2b210d/Runtime/Importer/MjcfImporter.cs:100)
Mujoco.MjImporterWithAssets:ImportString (string,string,string) (at ./Library/PackageCache/org.mujoco@72cb2b210d/Editor/Importer/MjImporterWithAssets.cs:75)
Asimov.UnityMujoco.Editor.MjcfEpisodeSceneGenerator:ImportExpandedEpisodeScene (Asimov.UnityMujoco.EpisodeConfig,string) (at Assets/AsimovMujoco/Editor/MjcfEpisodeSceneGenerator.cs:128)
Asimov.UnityMujoco.Editor.MjcfEpisodeSceneGenerator:ImportEpisodeScene (Asimov.UnityMujoco.EpisodeConfig) (at Assets/AsimovMujoco/Editor/MjcfEpisodeSceneGenerator.cs:96)
Asimov.UnityMujoco.Editor.MjcfEpisodeSceneGenerator:ImportAllEpisodeScenes () (at Assets/AsimovMujoco/Editor/MjcfEpisodeSceneGenerator.cs:56)
Asimov.UnityMujoco.Editor.MjcfEpisodeSceneGenerator:BootstrapProject () (at Assets/AsimovMujoco/Editor/MjcfEpisodeSceneGenerator.cs:29)

(Filename: ./Library/PackageCache/org.mujoco@72cb2b210d/Runtime/Importer/MjcfImporter.cs Line: 398)

Start importing Assets/AsimovMujoco/Scenes/g1_lateral_static_dynamic_obstacles.unity using Guid(b4230943e5f2905f8b16b30f8d5e009d) Importer(-1,00000000000000000000000000000000) [PhysX] Initialized MultithreadedTaskDispatcher with 22 workers.
 -> (artifact id: '679c5364c076ffbb72772aa7e9b80025') in 0.000587 seconds
Refreshing native plugins compatible for Editor in 0.07 ms, found 0 plugins.
Preloading 0 native plugins for Editor in 0.00 ms.
Asset Pipeline Refresh (id=d12c87d8c77e559149b900cf1383ecf8): Total: 0.011 seconds - Initiated by StopAssetImportingV2(NoUpdateAssetOptions)
Created imported MuJoCo episode scene Assets/AsimovMujoco/Scenes/g1_lateral_static_dynamic_obstacles.unity
UnityEngine.StackTraceUtility:ExtractStackTrace () (at /home/bokken/build/output/unity/unity/Runtime/Export/Scripting/StackTrace.cs:37)
UnityEngine.DebugLogHandler:LogFormat (UnityEngine.LogType,UnityEngine.Object,string,object[])
UnityEngine.Logger:Log (UnityEngine.LogType,object)
UnityEngine.Debug:Log (object)
Asimov.UnityMujoco.Editor.MjcfEpisodeSceneGenerator:ImportEpisodeScene (Asimov.UnityMujoco.EpisodeConfig) (at Assets/AsimovMujoco/Editor/MjcfEpisodeSceneGenerator.cs:121)
Asimov.UnityMujoco.Editor.MjcfEpisodeSceneGenerator:ImportAllEpisodeScenes () (at Assets/AsimovMujoco/Editor/MjcfEpisodeSceneGenerator.cs:56)
Asimov.UnityMujoco.Editor.MjcfEpisodeSceneGenerator:BootstrapProject () (at Assets/AsimovMujoco/Editor/MjcfEpisodeSceneGenerator.cs:29)

(Filename: Assets/AsimovMujoco/Editor/MjcfEpisodeSceneGenerator.cs Line: 121)

[PhysX] Initialized MultithreadedTaskDispatcher with 22 workers.
Unloading 1 Unused Serialized files (Serialized files now loaded: 0)
Unloading 267 unused Assets / (332.6 KB). Loaded Objects now: 1250.
Memory consumption went from 97.1 MB to 96.8 MB.
Total: 3.274149 ms (FindLiveObjects: 0.062403 ms CreateObjectMapping: 0.013080 ms MarkObjects: 2.844631 ms  DeleteObjects: 0.353464 ms)

Refreshing native plugins compatible for Editor in 0.07 ms, found 0 plugins.
Preloading 0 native plugins for Editor in 0.00 ms.
Asset Pipeline Refresh (id=e527f6250cdbd4154a1a1d81afe1b49c): Total: 0.006 seconds - Initiated by StopAssetImportingV2(NoUpdateAssetOptions)
Meshes locations: source = /home/luis/palingenesys/asimovbm/unity_mujoco_slam/Assets/AsimovMujoco/GeneratedMjcf/../../../../g1_slam/third_party/unitree_mujoco/unitree_robots/go2/assets, target = /home/luis/palingenesys/asimovbm/unity_mujoco_slam/Assets/Local/MjImports/go2_approach_user_imported/Resources
UnityEngine.StackTraceUtility:ExtractStackTrace () (at /home/bokken/build/output/unity/unity/Runtime/Export/Scripting/StackTrace.cs:37)
UnityEngine.DebugLogHandler:LogFormat (UnityEngine.LogType,UnityEngine.Object,string,object[])
UnityEngine.Logger:Log (UnityEngine.LogType,object)
UnityEngine.Debug:Log (object)
Mujoco.MjImporterWithAssets:ConfigureMeshPath (string,string,System.Xml.XmlDocument) (at ./Library/PackageCache/org.mujoco@72cb2b210d/Editor/Importer/MjImporterWithAssets.cs:119)
Mujoco.MjImporterWithAssets:ImportString (string,string,string) (at ./Library/PackageCache/org.mujoco@72cb2b210d/Editor/Importer/MjImporterWithAssets.cs:72)
Asimov.UnityMujoco.Editor.MjcfEpisodeSceneGenerator:ImportExpandedEpisodeScene (Asimov.UnityMujoco.EpisodeConfig,string) (at Assets/AsimovMujoco/Editor/MjcfEpisodeSceneGenerator.cs:128)
Asimov.UnityMujoco.Editor.MjcfEpisodeSceneGenerator:ImportEpisodeScene (Asimov.UnityMujoco.EpisodeConfig) (at Assets/AsimovMujoco/Editor/MjcfEpisodeSceneGenerator.cs:96)
Asimov.UnityMujoco.Editor.MjcfEpisodeSceneGenerator:ImportAllEpisodeScenes () (at Assets/AsimovMujoco/Editor/MjcfEpisodeSceneGenerator.cs:56)
Asimov.UnityMujoco.Editor.MjcfEpisodeSceneGenerator:BootstrapProject () (at Assets/AsimovMujoco/Editor/MjcfEpisodeSceneGenerator.cs:29)

(Filename: ./Library/PackageCache/org.mujoco@72cb2b210d/Editor/Importer/MjImporterWithAssets.cs Line: 119)

Start importing Assets/Local/MjImports/go2_approach_user_imported using Guid(af332427e23192cc7ae8aac73354de92) Importer(-1,00000000000000000000000000000000) [PhysX] Initialized MultithreadedTaskDispatcher with 22 workers.
 -> (artifact id: '1987f3df5dc1a87e2c6b5be089897dd2') in 0.000609 seconds
Start importing Assets/Local/MjImports/go2_approach_user_imported/Resources using Guid(142612c9e568594cc92f2825037ba1c4) Importer(-1,00000000000000000000000000000000) [PhysX] Initialized MultithreadedTaskDispatcher with 22 workers.
 -> (artifact id: '60a713600426acaf87c144f7c60ac4bf') in 0.000443 seconds
Start importing Assets/Local/MjImports/go2_approach_user_imported/Resources/base_0.obj using Guid(897eebbd7cd2173b7af3226f4e5b81f6) Importer(-1,00000000000000000000000000000000) [PhysX] Initialized MultithreadedTaskDispatcher with 22 workers.
 -> (artifact id: '50714f72c9640f4bfc85bf59ddc20590') in 0.050110 seconds
Refreshing native plugins compatible for Editor in 0.10 ms, found 0 plugins.
Preloading 0 native plugins for Editor in 0.00 ms.
Asset Pipeline Refresh (id=8bd16b34c1f13997e8ccfae9aadf2b43): Total: 0.060 seconds - Initiated by StopAssetImportingV2(NoUpdateAssetOptions)
Start importing Assets/Local/MjImports/go2_approach_user_imported/Resources/base_0.obj using Guid(897eebbd7cd2173b7af3226f4e5b81f6) Importer(-1,00000000000000000000000000000000) [PhysX] Initialized MultithreadedTaskDispatcher with 22 workers.
 -> (artifact id: 'c10ee27a5c5ede94948fc428d5150544') in 0.034814 seconds
Refreshing native plugins compatible for Editor in 0.08 ms, found 0 plugins.
Preloading 0 native plugins for Editor in 0.00 ms.
Asset Pipeline Refresh (id=3763fab54abf9082b96aafebdfe6143b): Total: 0.042 seconds - Initiated by StopAssetImportingV2(NoUpdateAssetOptions)
Start importing Assets/Local/MjImports/go2_approach_user_imported/Resources/base_1.obj using Guid(a36360deff478952882fd70aa7c02415) Importer(-1,00000000000000000000000000000000) [PhysX] Initialized MultithreadedTaskDispatcher with 22 workers.
 -> (artifact id: 'ed707418278b80b219a3595928d875f1') in 0.023140 seconds
Refreshing native plugins compatible for Editor in 0.16 ms, found 0 plugins.
Preloading 0 native plugins for Editor in 0.00 ms.
Asset Pipeline Refresh (id=e87592d8855f0fb6c97a25420be52356): Total: 0.037 seconds - Initiated by StopAssetImportingV2(NoUpdateAssetOptions)
Start importing Assets/Local/MjImports/go2_approach_user_imported/Resources/base_1.obj using Guid(a36360deff478952882fd70aa7c02415) Importer(-1,00000000000000000000000000000000) [PhysX] Initialized MultithreadedTaskDispatcher with 22 workers.
 -> (artifact id: '42888434581bae022b250cfa90bbe8c0') in 0.020821 seconds
Refreshing native plugins compatible for Editor in 0.10 ms, found 0 plugins.
Preloading 0 native plugins for Editor in 0.00 ms.
Asset Pipeline Refresh (id=ec5e6ae02c07e5e29bebd43a963b2b35): Total: 0.039 seconds - Initiated by StopAssetImportingV2(NoUpdateAssetOptions)
Start importing Assets/Local/MjImports/go2_approach_user_imported/Resources/base_2.obj using Guid(35179f9392ba4c47d9f30713c24138e2) Importer(-1,00000000000000000000000000000000) [PhysX] Initialized MultithreadedTaskDispatcher with 22 workers.
 -> (artifact id: 'a07a2dce2b3d83fd82e03f5d60a047c7') in 0.012397 seconds
Refreshing native plugins compatible for Editor in 0.09 ms, found 0 plugins.
Preloading 0 native plugins for Editor in 0.00 ms.
Asset Pipeline Refresh (id=64b820cdc0eeecd8fb6a0fd3957f4eb0): Total: 0.028 seconds - Initiated by StopAssetImportingV2(NoUpdateAssetOptions)
Start importing Assets/Local/MjImports/go2_approach_user_imported/Resources/base_2.obj using Guid(35179f9392ba4c47d9f30713c24138e2) Importer(-1,00000000000000000000000000000000) [PhysX] Initialized MultithreadedTaskDispatcher with 22 workers.
 -> (artifact id: '726d32ddea7e3be2c0da16b06705578b') in 0.012021 seconds
Refreshing native plugins compatible for Editor in 0.14 ms, found 0 plugins.
Preloading 0 native plugins for Editor in 0.00 ms.
Asset Pipeline Refresh (id=457731a3cda7082808cbe683c5245ba1): Total: 0.029 seconds - Initiated by StopAssetImportingV2(NoUpdateAssetOptions)
Start importing Assets/Local/MjImports/go2_approach_user_imported/Resources/base_3.obj using Guid(67e1d8083f556d2c3ac68cde59a496e1) Importer(-1,00000000000000000000000000000000) [PhysX] Initialized MultithreadedTaskDispatcher with 22 workers.
 -> (artifact id: 'afc230e3bb895901c1e05b3e98b85ebe') in 0.015600 seconds
Refreshing native plugins compatible for Editor in 0.13 ms, found 0 plugins.
Preloading 0 native plugins for Editor in 0.00 ms.
Asset Pipeline Refresh (id=0899ff6f16336f688acf3f821c62a9c7): Total: 0.030 seconds - Initiated by StopAssetImportingV2(NoUpdateAssetOptions)
Start importing Assets/Local/MjImports/go2_approach_user_imported/Resources/base_3.obj using Guid(67e1d8083f556d2c3ac68cde59a496e1) Importer(-1,00000000000000000000000000000000) [PhysX] Initialized MultithreadedTaskDispatcher with 22 workers.
 -> (artifact id: '2875cf957134c82b5bf7ddf63757c34a') in 0.013749 seconds
Refreshing native plugins compatible for Editor in 0.17 ms, found 0 plugins.
Preloading 0 native plugins for Editor in 0.00 ms.
Asset Pipeline Refresh (id=64d1e798d1a960f6585f8e51ca6ce23c): Total: 0.021 seconds - Initiated by StopAssetImportingV2(NoUpdateAssetOptions)
Start importing Assets/Local/MjImports/go2_approach_user_imported/Resources/base_4.obj using Guid(98bedda83d0bb480d80b02367e377e18) Importer(-1,00000000000000000000000000000000) [PhysX] Initialized MultithreadedTaskDispatcher with 22 workers.
 -> (artifact id: 'a3d6a11cb88f1748222af805d1c6c7d3') in 0.191939 seconds
Refreshing native plugins compatible for Editor in 0.07 ms, found 0 plugins.
Preloading 0 native plugins for Editor in 0.00 ms.
Asset Pipeline Refresh (id=1f14304ea88bb91bca2d957dbabfb9d6): Total: 0.203 seconds - Initiated by StopAssetImportingV2(NoUpdateAssetOptions)
Start importing Assets/Local/MjImports/go2_approach_user_imported/Resources/base_4.obj using Guid(98bedda83d0bb480d80b02367e377e18) Importer(-1,00000000000000000000000000000000) [PhysX] Initialized MultithreadedTaskDispatcher with 22 workers.
 -> (artifact id: '880997cd5b1657942aa565924c81ccd3') in 0.171806 seconds
Refreshing native plugins compatible for Editor in 0.10 ms, found 0 plugins.
Preloading 0 native plugins for Editor in 0.00 ms.
Asset Pipeline Refresh (id=6bdfe6661a9894f13a4b25fcccd37046): Total: 0.183 seconds - Initiated by StopAssetImportingV2(NoUpdateAssetOptions)
Start importing Assets/Local/MjImports/go2_approach_user_imported/Resources/hip_0.obj using Guid(badce1f87c46f8fe78abfc9b44a2544e) Importer(-1,00000000000000000000000000000000) [PhysX] Initialized MultithreadedTaskDispatcher with 22 workers.
 -> (artifact id: '71b0e1766b4c241d330e51dee8ab2472') in 0.061018 seconds
Refreshing native plugins compatible for Editor in 0.12 ms, found 0 plugins.
Preloading 0 native plugins for Editor in 0.00 ms.
Asset Pipeline Refresh (id=2f0df4d90c632790bacafadc058a5700): Total: 0.071 seconds - Initiated by StopAssetImportingV2(NoUpdateAssetOptions)
Start importing Assets/Local/MjImports/go2_approach_user_imported/Resources/hip_0.obj using Guid(badce1f87c46f8fe78abfc9b44a2544e) Importer(-1,00000000000000000000000000000000) [PhysX] Initialized MultithreadedTaskDispatcher with 22 workers.
 -> (artifact id: 'e4644f0207a1d471bf494107b6b73896') in 0.061094 seconds
Refreshing native plugins compatible for Editor in 0.08 ms, found 0 plugins.
Preloading 0 native plugins for Editor in 0.00 ms.
Asset Pipeline Refresh (id=4673f11fd9cd33ef3bdbf35bddd3c14f): Total: 0.073 seconds - Initiated by StopAssetImportingV2(NoUpdateAssetOptions)
Start importing Assets/Local/MjImports/go2_approach_user_imported/Resources/hip_1.obj using Guid(8f8d0f393681690c8a9d6bb02e161cba) Importer(-1,00000000000000000000000000000000) [PhysX] Initialized MultithreadedTaskDispatcher with 22 workers.
 -> (artifact id: '9ab7b7c53caa404b4bcdc2d76af9d08a') in 0.064150 seconds
Refreshing native plugins compatible for Editor in 0.13 ms, found 0 plugins.
Preloading 0 native plugins for Editor in 0.00 ms.
Asset Pipeline Refresh (id=a7b53eeb5c916cecca0e2037f915c63d): Total: 0.075 seconds - Initiated by StopAssetImportingV2(NoUpdateAssetOptions)
Start importing Assets/Local/MjImports/go2_approach_user_imported/Resources/hip_1.obj using Guid(8f8d0f393681690c8a9d6bb02e161cba) Importer(-1,00000000000000000000000000000000) [PhysX] Initialized MultithreadedTaskDispatcher with 22 workers.
 -> (artifact id: '6e3ed9163c7daf44b1df6b751ccf7dc2') in 0.061848 seconds
Refreshing native plugins compatible for Editor in 0.16 ms, found 0 plugins.
Preloading 0 native plugins for Editor in 0.00 ms.
Asset Pipeline Refresh (id=9342ffeb59a2cb0f9b49db38ee68100e): Total: 0.073 seconds - Initiated by StopAssetImportingV2(NoUpdateAssetOptions)
Start importing Assets/Local/MjImports/go2_approach_user_imported/Resources/thigh_0.obj using Guid(58e19bb23dbc380fcaf1f8fcfeaa2494) Importer(-1,00000000000000000000000000000000) [PhysX] Initialized MultithreadedTaskDispatcher with 22 workers.
 -> (artifact id: '3a0507c977dfbabe6a3296afa79789a9') in 0.064442 seconds
Refreshing native plugins compatible for Editor in 0.14 ms, found 0 plugins.
Preloading 0 native plugins for Editor in 0.00 ms.
Asset Pipeline Refresh (id=478dceaa9a34fd441a24e13ff3b975fa): Total: 0.075 seconds - Initiated by StopAssetImportingV2(NoUpdateAssetOptions)
Start importing Assets/Local/MjImports/go2_approach_user_imported/Resources/thigh_0.obj using Guid(58e19bb23dbc380fcaf1f8fcfeaa2494) Importer(-1,00000000000000000000000000000000) [PhysX] Initialized MultithreadedTaskDispatcher with 22 workers.
 -> (artifact id: 'ea92c4a787f1337b30fa4c6edd93929b') in 0.064864 seconds
Refreshing native plugins compatible for Editor in 0.14 ms, found 0 plugins.
Preloading 0 native plugins for Editor in 0.00 ms.
Asset Pipeline Refresh (id=9363cc27af0e93a7c813df1c1750ed7e): Total: 0.084 seconds - Initiated by StopAssetImportingV2(NoUpdateAssetOptions)
Start importing Assets/Local/MjImports/go2_approach_user_imported/Resources/thigh_1.obj using Guid(bdb47bbf16bbe12f3a0a5c06c6c5b91f) Importer(-1,00000000000000000000000000000000) [PhysX] Initialized MultithreadedTaskDispatcher with 22 workers.
 -> (artifact id: 'd4c83bacc8446b10f24f5315a3758cf2') in 0.038989 seconds
Refreshing native plugins compatible for Editor in 0.14 ms, found 0 plugins.
Preloading 0 native plugins for Editor in 0.00 ms.
Asset Pipeline Refresh (id=7183330b3c851f7b6a03a7af9fb6921d): Total: 0.045 seconds - Initiated by StopAssetImportingV2(NoUpdateAssetOptions)
Start importing Assets/Local/MjImports/go2_approach_user_imported/Resources/thigh_1.obj using Guid(bdb47bbf16bbe12f3a0a5c06c6c5b91f) Importer(-1,00000000000000000000000000000000) [PhysX] Initialized MultithreadedTaskDispatcher with 22 workers.
 -> (artifact id: '2c6995bd228a460df2c26bd03f43556c') in 0.038527 seconds
Refreshing native plugins compatible for Editor in 0.07 ms, found 0 plugins.
Preloading 0 native plugins for Editor in 0.00 ms.
Asset Pipeline Refresh (id=03ab5af8089ed2adb92df1c70cf65481): Total: 0.046 seconds - Initiated by StopAssetImportingV2(NoUpdateAssetOptions)
Start importing Assets/Local/MjImports/go2_approach_user_imported/Resources/thigh_mirror_0.obj using Guid(a2bd3ac11257fa877816740a649e101f) Importer(-1,00000000000000000000000000000000) [PhysX] Initialized MultithreadedTaskDispatcher with 22 workers.
 -> (artifact id: 'eadee9c7fbc13d21d77950c108be8cad') in 0.064637 seconds
Refreshing native plugins compatible for Editor in 0.11 ms, found 0 plugins.
Preloading 0 native plugins for Editor in 0.00 ms.
Asset Pipeline Refresh (id=7c60973f4f36c70f5af6cab6fc0f9159): Total: 0.071 seconds - Initiated by StopAssetImportingV2(NoUpdateAssetOptions)
Start importing Assets/Local/MjImports/go2_approach_user_imported/Resources/thigh_mirror_0.obj using Guid(a2bd3ac11257fa877816740a649e101f) Importer(-1,00000000000000000000000000000000) [PhysX] Initialized MultithreadedTaskDispatcher with 22 workers.
 -> (artifact id: 'bf8fd4923dce3861f5be254adc6837ee') in 0.060008 seconds
Refreshing native plugins compatible for Editor in 0.08 ms, found 0 plugins.
Preloading 0 native plugins for Editor in 0.00 ms.
Asset Pipeline Refresh (id=cee27988a920d1fa08c6c3ffd85deff9): Total: 0.069 seconds - Initiated by StopAssetImportingV2(NoUpdateAssetOptions)
Start importing Assets/Local/MjImports/go2_approach_user_imported/Resources/thigh_mirror_1.obj using Guid(5164b64dd9052f95b900f3358da09845) Importer(-1,00000000000000000000000000000000) [PhysX] Initialized MultithreadedTaskDispatcher with 22 workers.
 -> (artifact id: '64a24438cb461e920065e5eb7bb6b5d2') in 0.039241 seconds
Refreshing native plugins compatible for Editor in 0.12 ms, found 0 plugins.
Preloading 0 native plugins for Editor in 0.00 ms.
Asset Pipeline Refresh (id=2b5bc5adcd061e113a3837abfb180b6a): Total: 0.045 seconds - Initiated by StopAssetImportingV2(NoUpdateAssetOptions)
Start importing Assets/Local/MjImports/go2_approach_user_imported/Resources/thigh_mirror_1.obj using Guid(5164b64dd9052f95b900f3358da09845) Importer(-1,00000000000000000000000000000000) [PhysX] Initialized MultithreadedTaskDispatcher with 22 workers.
 -> (artifact id: 'b624ed5fad2cdf89c8797cdd33968546') in 0.039498 seconds
Refreshing native plugins compatible for Editor in 0.11 ms, found 0 plugins.
Preloading 0 native plugins for Editor in 0.00 ms.
Asset Pipeline Refresh (id=e37c8a3fbc9a57ab7b0cd2d65fe780f2): Total: 0.047 seconds - Initiated by StopAssetImportingV2(NoUpdateAssetOptions)
Start importing Assets/Local/MjImports/go2_approach_user_imported/Resources/calf_0.obj using Guid(8dc0f47041e705f9f9106df6aaa60654) Importer(-1,00000000000000000000000000000000) [PhysX] Initialized MultithreadedTaskDispatcher with 22 workers.
 -> (artifact id: 'cc2609fa056729ca5a55fab0f7111e02') in 0.025191 seconds
Refreshing native plugins compatible for Editor in 0.12 ms, found 0 plugins.
Preloading 0 native plugins for Editor in 0.00 ms.
Asset Pipeline Refresh (id=217863a3e9efa8629afd989f84fcaffb): Total: 0.031 seconds - Initiated by StopAssetImportingV2(NoUpdateAssetOptions)
Start importing Assets/Local/MjImports/go2_approach_user_imported/Resources/calf_0.obj using Guid(8dc0f47041e705f9f9106df6aaa60654) Importer(-1,00000000000000000000000000000000) [PhysX] Initialized MultithreadedTaskDispatcher with 22 workers.
 -> (artifact id: 'cb8e36f3b9576335cf264bdbe5029d15') in 0.026620 seconds
Refreshing native plugins compatible for Editor in 0.13 ms, found 0 plugins.
Preloading 0 native plugins for Editor in 0.00 ms.
Asset Pipeline Refresh (id=1a4531428d0ee902cb5ff41706c7ac16): Total: 0.035 seconds - Initiated by StopAssetImportingV2(NoUpdateAssetOptions)
Start importing Assets/Local/MjImports/go2_approach_user_imported/Resources/calf_1.obj using Guid(d6ec8d0f94587d0d0bd0cbbb0becadf7) Importer(-1,00000000000000000000000000000000) [PhysX] Initialized MultithreadedTaskDispatcher with 22 workers.
 -> (artifact id: 'a311afe41c514a2c34648b3d9dd2978b') in 0.013439 seconds
Refreshing native plugins compatible for Editor in 0.10 ms, found 0 plugins.
Preloading 0 native plugins for Editor in 0.00 ms.
Asset Pipeline Refresh (id=08cc7494c25f6d52ba9a85e7e174e57d): Total: 0.019 seconds - Initiated by StopAssetImportingV2(NoUpdateAssetOptions)
Start importing Assets/Local/MjImports/go2_approach_user_imported/Resources/calf_1.obj using Guid(d6ec8d0f94587d0d0bd0cbbb0becadf7) Importer(-1,00000000000000000000000000000000) [PhysX] Initialized MultithreadedTaskDispatcher with 22 workers.
 -> (artifact id: 'bfcc35de82181410bbe3e3abc919e93b') in 0.018185 seconds
Refreshing native plugins compatible for Editor in 0.13 ms, found 0 plugins.
Preloading 0 native plugins for Editor in 0.00 ms.
Asset Pipeline Refresh (id=ba8788ad3d1c1bdc3b8e2e136d68dc5e): Total: 0.025 seconds - Initiated by StopAssetImportingV2(NoUpdateAssetOptions)
Start importing Assets/Local/MjImports/go2_approach_user_imported/Resources/calf_mirror_0.obj using Guid(e3bb2aa588a977628b23fa13f0493b40) Importer(-1,00000000000000000000000000000000) [PhysX] Initialized MultithreadedTaskDispatcher with 22 workers.
 -> (artifact id: 'd225375cf8f47e9a4d90c9adae19394b') in 0.027573 seconds
Refreshing native plugins compatible for Editor in 0.07 ms, found 0 plugins.
Preloading 0 native plugins for Editor in 0.00 ms.
Asset Pipeline Refresh (id=ce4a78b4ec4deb1d3b40ec99928e5410): Total: 0.033 seconds - Initiated by StopAssetImportingV2(NoUpdateAssetOptions)
Start importing Assets/Local/MjImports/go2_approach_user_imported/Resources/calf_mirror_0.obj using Guid(e3bb2aa588a977628b23fa13f0493b40) Importer(-1,00000000000000000000000000000000) [PhysX] Initialized MultithreadedTaskDispatcher with 22 workers.
 -> (artifact id: 'f2374fd2cc1c3a5123e9ef1c905bf140') in 0.027767 seconds
Refreshing native plugins compatible for Editor in 0.07 ms, found 0 plugins.
Preloading 0 native plugins for Editor in 0.00 ms.
Asset Pipeline Refresh (id=8bb186ee83552037bacb810d1ff61d4b): Total: 0.034 seconds - Initiated by StopAssetImportingV2(NoUpdateAssetOptions)
Start importing Assets/Local/MjImports/go2_approach_user_imported/Resources/calf_mirror_1.obj using Guid(74ba9666c2924b7118a0993d86a668bb) Importer(-1,00000000000000000000000000000000) [PhysX] Initialized MultithreadedTaskDispatcher with 22 workers.
 -> (artifact id: 'c12c70b6ff071263df986cf5edae518b') in 0.013505 seconds
Refreshing native plugins compatible for Editor in 0.10 ms, found 0 plugins.
Preloading 0 native plugins for Editor in 0.00 ms.
Asset Pipeline Refresh (id=ccdde909abb75d623a0b30d31084e55b): Total: 0.018 seconds - Initiated by StopAssetImportingV2(NoUpdateAssetOptions)
Start importing Assets/Local/MjImports/go2_approach_user_imported/Resources/calf_mirror_1.obj using Guid(74ba9666c2924b7118a0993d86a668bb) Importer(-1,00000000000000000000000000000000) [PhysX] Initialized MultithreadedTaskDispatcher with 22 workers.
 -> (artifact id: '020b0f1171740574415653a3a57badf6') in 0.012546 seconds
Refreshing native plugins compatible for Editor in 0.09 ms, found 0 plugins.
Preloading 0 native plugins for Editor in 0.00 ms.
Asset Pipeline Refresh (id=bcfd5fd49e9b6805387a66447900c041): Total: 0.018 seconds - Initiated by StopAssetImportingV2(NoUpdateAssetOptions)
Start importing Assets/Local/MjImports/go2_approach_user_imported/Resources/foot.obj using Guid(938919016c43b47e8928a7882e228692) Importer(-1,00000000000000000000000000000000) [PhysX] Initialized MultithreadedTaskDispatcher with 22 workers.
 -> (artifact id: 'b6dbe30a42220287ddea06aff6a9a816') in 0.021262 seconds
Refreshing native plugins compatible for Editor in 0.12 ms, found 0 plugins.
Preloading 0 native plugins for Editor in 0.00 ms.
Asset Pipeline Refresh (id=6a724a5b0d8d7fb04b5f5c75c52b2df3): Total: 0.027 seconds - Initiated by StopAssetImportingV2(NoUpdateAssetOptions)
Start importing Assets/Local/MjImports/go2_approach_user_imported/Resources/foot.obj using Guid(938919016c43b47e8928a7882e228692) Importer(-1,00000000000000000000000000000000) [PhysX] Initialized MultithreadedTaskDispatcher with 22 workers.
 -> (artifact id: '740e3cbec25cad129acaf0470778e429') in 0.022487 seconds
Refreshing native plugins compatible for Editor in 0.12 ms, found 0 plugins.
Preloading 0 native plugins for Editor in 0.00 ms.
Asset Pipeline Refresh (id=d9ba4fbdff3aed5c5a7b4353eec6e266): Total: 0.029 seconds - Initiated by StopAssetImportingV2(NoUpdateAssetOptions)
Start importing Assets/Local/MjImports/go2_approach_user_imported/Resources/metal.mat using Guid(1fd200b3800774f05a040096c331edcf) Importer(-1,00000000000000000000000000000000) [PhysX] Initialized MultithreadedTaskDispatcher with 22 workers.
 -> (artifact id: '2fad0b8b5944a8ceb40a7e65d70d9d5e') in 0.000568 seconds
Refreshing native plugins compatible for Editor in 0.09 ms, found 0 plugins.
Preloading 0 native plugins for Editor in 0.00 ms.
Asset Pipeline Refresh (id=3f90d7d0fb1ce7e36bab79530eb7b5f6): Total: 0.005 seconds - Initiated by StopAssetImportingV2(NoUpdateAssetOptions)
Start importing Assets/Local/MjImports/go2_approach_user_imported/Resources/black.mat using Guid(fe09b58561299accbb1cbb7fa62238cc) Importer(-1,00000000000000000000000000000000) [PhysX] Initialized MultithreadedTaskDispatcher with 22 workers.
 -> (artifact id: 'd9bc03e5e4619230d6cbe27b30273321') in 0.000567 seconds
Refreshing native plugins compatible for Editor in 0.06 ms, found 0 plugins.
Preloading 0 native plugins for Editor in 0.00 ms.
Asset Pipeline Refresh (id=6541884a8910cdc70b7c6705ce672968): Total: 0.004 seconds - Initiated by StopAssetImportingV2(NoUpdateAssetOptions)
Start importing Assets/Local/MjImports/go2_approach_user_imported/Resources/white.mat using Guid(540b7844cc97eea7f822a471dad11db2) Importer(-1,00000000000000000000000000000000) [PhysX] Initialized MultithreadedTaskDispatcher with 22 workers.
 -> (artifact id: 'b9324545055d3972b702883a037e6495') in 0.000483 seconds
Refreshing native plugins compatible for Editor in 0.05 ms, found 0 plugins.
Preloading 0 native plugins for Editor in 0.00 ms.
Asset Pipeline Refresh (id=bd0bcb080a672fef499df562cc3b767a): Total: 0.004 seconds - Initiated by StopAssetImportingV2(NoUpdateAssetOptions)
Start importing Assets/Local/MjImports/go2_approach_user_imported/Resources/gray.mat using Guid(1a95cde356f951dbaa7d5b4fbda244a6) Importer(-1,00000000000000000000000000000000) [PhysX] Initialized MultithreadedTaskDispatcher with 22 workers.
 -> (artifact id: '1289831d70303b15648327bf7bf962ba') in 0.000490 seconds
Refreshing native plugins compatible for Editor in 0.06 ms, found 0 plugins.
Preloading 0 native plugins for Editor in 0.00 ms.
Asset Pipeline Refresh (id=db5903b4391831d5bba8275958aa239d): Total: 0.004 seconds - Initiated by StopAssetImportingV2(NoUpdateAssetOptions)
Start importing Assets/Local/MjImports/go2_approach_user_imported/Resources/floor_mat.mat using Guid(57681e249c2ae707a9341c366d3e09e4) Importer(-1,00000000000000000000000000000000) [PhysX] Initialized MultithreadedTaskDispatcher with 22 workers.
 -> (artifact id: 'b3ffa230a29350c0b06f98f15dc46a02') in 0.000496 seconds
Refreshing native plugins compatible for Editor in 0.06 ms, found 0 plugins.
Preloading 0 native plugins for Editor in 0.00 ms.
Asset Pipeline Refresh (id=4de5cc54c68670ccea8f64e839f97bb3): Total: 0.004 seconds - Initiated by StopAssetImportingV2(NoUpdateAssetOptions)
Start importing Assets/Local/MjImports/go2_approach_user_imported/Resources/obstacle_mat.mat using Guid(34ef9a483617e18919650fa3b196bc27) Importer(-1,00000000000000000000000000000000) [PhysX] Initialized MultithreadedTaskDispatcher with 22 workers.
 -> (artifact id: 'b58c48eb0dd463d09af779ee14cd2924') in 0.000498 seconds
Refreshing native plugins compatible for Editor in 0.12 ms, found 0 plugins.
Preloading 0 native plugins for Editor in 0.00 ms.
Asset Pipeline Refresh (id=70aea142344cacfdcb34ab86b70b7e7a): Total: 0.004 seconds - Initiated by StopAssetImportingV2(NoUpdateAssetOptions)
Start importing Assets/Local/MjImports/go2_approach_user_imported/Resources/goal_mat.mat using Guid(1c86e48b235acee7088d8d4752eecd79) Importer(-1,00000000000000000000000000000000) [PhysX] Initialized MultithreadedTaskDispatcher with 22 workers.
 -> (artifact id: 'f7ba4c27ded7c1660c711f5a75ac6280') in 0.000493 seconds
Refreshing native plugins compatible for Editor in 0.06 ms, found 0 plugins.
Preloading 0 native plugins for Editor in 0.00 ms.
Asset Pipeline Refresh (id=07018a5298d1a59648827a1ddd876b2f): Total: 0.004 seconds - Initiated by StopAssetImportingV2(NoUpdateAssetOptions)
Start importing Assets/Local/MjImports/go2_approach_user_imported/Resources/npc_mat.mat using Guid(488e1d9facd338a9a9d55b192c34d5bc) Importer(-1,00000000000000000000000000000000) [PhysX] Initialized MultithreadedTaskDispatcher with 22 workers.
 -> (artifact id: '7580509d2b5048a11c436c81676d6da4') in 0.000521 seconds
Refreshing native plugins compatible for Editor in 0.09 ms, found 0 plugins.
Preloading 0 native plugins for Editor in 0.00 ms.
Asset Pipeline Refresh (id=f1b7e99616917f7d6b9bf4459824526e): Total: 0.004 seconds - Initiated by StopAssetImportingV2(NoUpdateAssetOptions)
Start importing Assets/Local/MjImports/go2_approach_user_imported/Resources/blue_cylinder_mat.mat using Guid(e2bfa97ae47e562aca80abd457807535) Importer(-1,00000000000000000000000000000000) [PhysX] Initialized MultithreadedTaskDispatcher with 22 workers.
 -> (artifact id: 'bbd65efd491e61071986b5007ec1fe4a') in 0.000515 seconds
Refreshing native plugins compatible for Editor in 0.06 ms, found 0 plugins.
Preloading 0 native plugins for Editor in 0.00 ms.
Asset Pipeline Refresh (id=7540d1dd587e583c68576e44c0759f5d): Total: 0.004 seconds - Initiated by StopAssetImportingV2(NoUpdateAssetOptions)
The importer does not yet support tags <light>.
UnityEngine.StackTraceUtility:ExtractStackTrace () (at /home/bokken/build/output/unity/unity/Runtime/Export/Scripting/StackTrace.cs:37)
UnityEngine.DebugLogHandler:LogFormat (UnityEngine.LogType,UnityEngine.Object,string,object[])
UnityEngine.Logger:Log (UnityEngine.LogType,object)
UnityEngine.Debug:Log (object)
Mujoco.MjcfImporter:ParseBodyChild (System.Xml.XmlElement,UnityEngine.GameObject) (at ./Library/PackageCache/org.mujoco@72cb2b210d/Runtime/Importer/MjcfImporter.cs:293)
Mujoco.MjcfImporter:ParseBodyChildren (UnityEngine.GameObject,System.Xml.XmlElement) (at ./Library/PackageCache/org.mujoco@72cb2b210d/Runtime/Importer/MjcfImporter.cs:237)
Mujoco.MjcfImporter:ParseRoot (UnityEngine.GameObject,System.Xml.XmlElement) (at ./Library/PackageCache/org.mujoco@72cb2b210d/Runtime/Importer/MjcfImporter.cs:147)
Mujoco.MjImporterWithAssets:ParseRoot (UnityEngine.GameObject,System.Xml.XmlElement) (at ./Library/PackageCache/org.mujoco@72cb2b210d/Editor/Importer/MjImporterWithAssets.cs:91)
Mujoco.MjcfImporter:ImportXml (System.Xml.XmlDocument,string) (at ./Library/PackageCache/org.mujoco@72cb2b210d/Runtime/Importer/MjcfImporter.cs:100)
Mujoco.MjImporterWithAssets:ImportString (string,string,string) (at ./Library/PackageCache/org.mujoco@72cb2b210d/Editor/Importer/MjImporterWithAssets.cs:75)
Asimov.UnityMujoco.Editor.MjcfEpisodeSceneGenerator:ImportExpandedEpisodeScene (Asimov.UnityMujoco.EpisodeConfig,string) (at Assets/AsimovMujoco/Editor/MjcfEpisodeSceneGenerator.cs:128)
Asimov.UnityMujoco.Editor.MjcfEpisodeSceneGenerator:ImportEpisodeScene (Asimov.UnityMujoco.EpisodeConfig) (at Assets/AsimovMujoco/Editor/MjcfEpisodeSceneGenerator.cs:96)
Asimov.UnityMujoco.Editor.MjcfEpisodeSceneGenerator:ImportAllEpisodeScenes () (at Assets/AsimovMujoco/Editor/MjcfEpisodeSceneGenerator.cs:56)
Asimov.UnityMujoco.Editor.MjcfEpisodeSceneGenerator:BootstrapProject () (at Assets/AsimovMujoco/Editor/MjcfEpisodeSceneGenerator.cs:29)

(Filename: ./Library/PackageCache/org.mujoco@72cb2b210d/Runtime/Importer/MjcfImporter.cs Line: 293)

The importer does not yet support tags <light>.
UnityEngine.StackTraceUtility:ExtractStackTrace () (at /home/bokken/build/output/unity/unity/Runtime/Export/Scripting/StackTrace.cs:37)
UnityEngine.DebugLogHandler:LogFormat (UnityEngine.LogType,UnityEngine.Object,string,object[])
UnityEngine.Logger:Log (UnityEngine.LogType,object)
UnityEngine.Debug:Log (object)
Mujoco.MjcfImporter:ParseBodyChild (System.Xml.XmlElement,UnityEngine.GameObject) (at ./Library/PackageCache/org.mujoco@72cb2b210d/Runtime/Importer/MjcfImporter.cs:293)
Mujoco.MjcfImporter:ParseBodyChildren (UnityEngine.GameObject,System.Xml.XmlElement) (at ./Library/PackageCache/org.mujoco@72cb2b210d/Runtime/Importer/MjcfImporter.cs:237)
Mujoco.MjcfImporter:ParseRoot (UnityEngine.GameObject,System.Xml.XmlElement) (at ./Library/PackageCache/org.mujoco@72cb2b210d/Runtime/Importer/MjcfImporter.cs:147)
Mujoco.MjImporterWithAssets:ParseRoot (UnityEngine.GameObject,System.Xml.XmlElement) (at ./Library/PackageCache/org.mujoco@72cb2b210d/Editor/Importer/MjImporterWithAssets.cs:91)
Mujoco.MjcfImporter:ImportXml (System.Xml.XmlDocument,string) (at ./Library/PackageCache/org.mujoco@72cb2b210d/Runtime/Importer/MjcfImporter.cs:100)
Mujoco.MjImporterWithAssets:ImportString (string,string,string) (at ./Library/PackageCache/org.mujoco@72cb2b210d/Editor/Importer/MjImporterWithAssets.cs:75)
Asimov.UnityMujoco.Editor.MjcfEpisodeSceneGenerator:ImportExpandedEpisodeScene (Asimov.UnityMujoco.EpisodeConfig,string) (at Assets/AsimovMujoco/Editor/MjcfEpisodeSceneGenerator.cs:128)
Asimov.UnityMujoco.Editor.MjcfEpisodeSceneGenerator:ImportEpisodeScene (Asimov.UnityMujoco.EpisodeConfig) (at Assets/AsimovMujoco/Editor/MjcfEpisodeSceneGenerator.cs:96)
Asimov.UnityMujoco.Editor.MjcfEpisodeSceneGenerator:ImportAllEpisodeScenes () (at Assets/AsimovMujoco/Editor/MjcfEpisodeSceneGenerator.cs:56)
Asimov.UnityMujoco.Editor.MjcfEpisodeSceneGenerator:BootstrapProject () (at Assets/AsimovMujoco/Editor/MjcfEpisodeSceneGenerator.cs:29)

(Filename: ./Library/PackageCache/org.mujoco@72cb2b210d/Runtime/Importer/MjcfImporter.cs Line: 293)

The importer does not yet support sensor <jointactuatorfrc>.
UnityEngine.StackTraceUtility:ExtractStackTrace () (at /home/bokken/build/output/unity/unity/Runtime/Export/Scripting/StackTrace.cs:37)
UnityEngine.DebugLogHandler:LogFormat (UnityEngine.LogType,UnityEngine.Object,string,object[])
UnityEngine.Logger:Log (UnityEngine.LogType,object)
UnityEngine.Debug:Log (object)
Mujoco.MjcfImporter:ParseSensorType (System.Xml.XmlElement) (at ./Library/PackageCache/org.mujoco@72cb2b210d/Runtime/Importer/MjcfImporter.cs:398)
Mujoco.MjcfImporter:ParseRoot (UnityEngine.GameObject,System.Xml.XmlElement) (at ./Library/PackageCache/org.mujoco@72cb2b210d/Runtime/Importer/MjcfImporter.cs:208)
Mujoco.MjImporterWithAssets:ParseRoot (UnityEngine.GameObject,System.Xml.XmlElement) (at ./Library/PackageCache/org.mujoco@72cb2b210d/Editor/Importer/MjImporterWithAssets.cs:91)
Mujoco.MjcfImporter:ImportXml (System.Xml.XmlDocument,string) (at ./Library/PackageCache/org.mujoco@72cb2b210d/Runtime/Importer/MjcfImporter.cs:100)
Mujoco.MjImporterWithAssets:ImportString (string,string,string) (at ./Library/PackageCache/org.mujoco@72cb2b210d/Editor/Importer/MjImporterWithAssets.cs:75)
Asimov.UnityMujoco.Editor.MjcfEpisodeSceneGenerator:ImportExpandedEpisodeScene (Asimov.UnityMujoco.EpisodeConfig,string) (at Assets/AsimovMujoco/Editor/MjcfEpisodeSceneGenerator.cs:128)
Asimov.UnityMujoco.Editor.MjcfEpisodeSceneGenerator:ImportEpisodeScene (Asimov.UnityMujoco.EpisodeConfig) (at Assets/AsimovMujoco/Editor/MjcfEpisodeSceneGenerator.cs:96)
Asimov.UnityMujoco.Editor.MjcfEpisodeSceneGenerator:ImportAllEpisodeScenes () (at Assets/AsimovMujoco/Editor/MjcfEpisodeSceneGenerator.cs:56)
Asimov.UnityMujoco.Editor.MjcfEpisodeSceneGenerator:BootstrapProject () (at Assets/AsimovMujoco/Editor/MjcfEpisodeSceneGenerator.cs:29)

(Filename: ./Library/PackageCache/org.mujoco@72cb2b210d/Runtime/Importer/MjcfImporter.cs Line: 398)

The importer does not yet support sensor <jointactuatorfrc>.
UnityEngine.StackTraceUtility:ExtractStackTrace () (at /home/bokken/build/output/unity/unity/Runtime/Export/Scripting/StackTrace.cs:37)
UnityEngine.DebugLogHandler:LogFormat (UnityEngine.LogType,UnityEngine.Object,string,object[])
UnityEngine.Logger:Log (UnityEngine.LogType,object)
UnityEngine.Debug:Log (object)
Mujoco.MjcfImporter:ParseSensorType (System.Xml.XmlElement) (at ./Library/PackageCache/org.mujoco@72cb2b210d/Runtime/Importer/MjcfImporter.cs:398)
Mujoco.MjcfImporter:ParseRoot (UnityEngine.GameObject,System.Xml.XmlElement) (at ./Library/PackageCache/org.mujoco@72cb2b210d/Runtime/Importer/MjcfImporter.cs:208)
Mujoco.MjImporterWithAssets:ParseRoot (UnityEngine.GameObject,System.Xml.XmlElement) (at ./Library/PackageCache/org.mujoco@72cb2b210d/Editor/Importer/MjImporterWithAssets.cs:91)
Mujoco.MjcfImporter:ImportXml (System.Xml.XmlDocument,string) (at ./Library/PackageCache/org.mujoco@72cb2b210d/Runtime/Importer/MjcfImporter.cs:100)
Mujoco.MjImporterWithAssets:ImportString (string,string,string) (at ./Library/PackageCache/org.mujoco@72cb2b210d/Editor/Importer/MjImporterWithAssets.cs:75)
Asimov.UnityMujoco.Editor.MjcfEpisodeSceneGenerator:ImportExpandedEpisodeScene (Asimov.UnityMujoco.EpisodeConfig,string) (at Assets/AsimovMujoco/Editor/MjcfEpisodeSceneGenerator.cs:128)
Asimov.UnityMujoco.Editor.MjcfEpisodeSceneGenerator:ImportEpisodeScene (Asimov.UnityMujoco.EpisodeConfig) (at Assets/AsimovMujoco/Editor/MjcfEpisodeSceneGenerator.cs:96)
Asimov.UnityMujoco.Editor.MjcfEpisodeSceneGenerator:ImportAllEpisodeScenes () (at Assets/AsimovMujoco/Editor/MjcfEpisodeSceneGenerator.cs:56)
Asimov.UnityMujoco.Editor.MjcfEpisodeSceneGenerator:BootstrapProject () (at Assets/AsimovMujoco/Editor/MjcfEpisodeSceneGenerator.cs:29)

(Filename: ./Library/PackageCache/org.mujoco@72cb2b210d/Runtime/Importer/MjcfImporter.cs Line: 398)

The importer does not yet support sensor <jointactuatorfrc>.
UnityEngine.StackTraceUtility:ExtractStackTrace () (at /home/bokken/build/output/unity/unity/Runtime/Export/Scripting/StackTrace.cs:37)
UnityEngine.DebugLogHandler:LogFormat (UnityEngine.LogType,UnityEngine.Object,string,object[])
UnityEngine.Logger:Log (UnityEngine.LogType,object)
UnityEngine.Debug:Log (object)
Mujoco.MjcfImporter:ParseSensorType (System.Xml.XmlElement) (at ./Library/PackageCache/org.mujoco@72cb2b210d/Runtime/Importer/MjcfImporter.cs:398)
Mujoco.MjcfImporter:ParseRoot (UnityEngine.GameObject,System.Xml.XmlElement) (at ./Library/PackageCache/org.mujoco@72cb2b210d/Runtime/Importer/MjcfImporter.cs:208)
Mujoco.MjImporterWithAssets:ParseRoot (UnityEngine.GameObject,System.Xml.XmlElement) (at ./Library/PackageCache/org.mujoco@72cb2b210d/Editor/Importer/MjImporterWithAssets.cs:91)
Mujoco.MjcfImporter:ImportXml (System.Xml.XmlDocument,string) (at ./Library/PackageCache/org.mujoco@72cb2b210d/Runtime/Importer/MjcfImporter.cs:100)
Mujoco.MjImporterWithAssets:ImportString (string,string,string) (at ./Library/PackageCache/org.mujoco@72cb2b210d/Editor/Importer/MjImporterWithAssets.cs:75)
Asimov.UnityMujoco.Editor.MjcfEpisodeSceneGenerator:ImportExpandedEpisodeScene (Asimov.UnityMujoco.EpisodeConfig,string) (at Assets/AsimovMujoco/Editor/MjcfEpisodeSceneGenerator.cs:128)
Asimov.UnityMujoco.Editor.MjcfEpisodeSceneGenerator:ImportEpisodeScene (Asimov.UnityMujoco.EpisodeConfig) (at Assets/AsimovMujoco/Editor/MjcfEpisodeSceneGenerator.cs:96)
Asimov.UnityMujoco.Editor.MjcfEpisodeSceneGenerator:ImportAllEpisodeScenes () (at Assets/AsimovMujoco/Editor/MjcfEpisodeSceneGenerator.cs:56)
Asimov.UnityMujoco.Editor.MjcfEpisodeSceneGenerator:BootstrapProject () (at Assets/AsimovMujoco/Editor/MjcfEpisodeSceneGenerator.cs:29)

(Filename: ./Library/PackageCache/org.mujoco@72cb2b210d/Runtime/Importer/MjcfImporter.cs Line: 398)

The importer does not yet support sensor <jointactuatorfrc>.
UnityEngine.StackTraceUtility:ExtractStackTrace () (at /home/bokken/build/output/unity/unity/Runtime/Export/Scripting/StackTrace.cs:37)
UnityEngine.DebugLogHandler:LogFormat (UnityEngine.LogType,UnityEngine.Object,string,object[])
UnityEngine.Logger:Log (UnityEngine.LogType,object)
UnityEngine.Debug:Log (object)
Mujoco.MjcfImporter:ParseSensorType (System.Xml.XmlElement) (at ./Library/PackageCache/org.mujoco@72cb2b210d/Runtime/Importer/MjcfImporter.cs:398)
Mujoco.MjcfImporter:ParseRoot (UnityEngine.GameObject,System.Xml.XmlElement) (at ./Library/PackageCache/org.mujoco@72cb2b210d/Runtime/Importer/MjcfImporter.cs:208)
Mujoco.MjImporterWithAssets:ParseRoot (UnityEngine.GameObject,System.Xml.XmlElement) (at ./Library/PackageCache/org.mujoco@72cb2b210d/Editor/Importer/MjImporterWithAssets.cs:91)
Mujoco.MjcfImporter:ImportXml (System.Xml.XmlDocument,string) (at ./Library/PackageCache/org.mujoco@72cb2b210d/Runtime/Importer/MjcfImporter.cs:100)
Mujoco.MjImporterWithAssets:ImportString (string,string,string) (at ./Library/PackageCache/org.mujoco@72cb2b210d/Editor/Importer/MjImporterWithAssets.cs:75)
Asimov.UnityMujoco.Editor.MjcfEpisodeSceneGenerator:ImportExpandedEpisodeScene (Asimov.UnityMujoco.EpisodeConfig,string) (at Assets/AsimovMujoco/Editor/MjcfEpisodeSceneGenerator.cs:128)
Asimov.UnityMujoco.Editor.MjcfEpisodeSceneGenerator:ImportEpisodeScene (Asimov.UnityMujoco.EpisodeConfig) (at Assets/AsimovMujoco/Editor/MjcfEpisodeSceneGenerator.cs:96)
Asimov.UnityMujoco.Editor.MjcfEpisodeSceneGenerator:ImportAllEpisodeScenes () (at Assets/AsimovMujoco/Editor/MjcfEpisodeSceneGenerator.cs:56)
Asimov.UnityMujoco.Editor.MjcfEpisodeSceneGenerator:BootstrapProject () (at Assets/AsimovMujoco/Editor/MjcfEpisodeSceneGenerator.cs:29)

(Filename: ./Library/PackageCache/org.mujoco@72cb2b210d/Runtime/Importer/MjcfImporter.cs Line: 398)

The importer does not yet support sensor <jointactuatorfrc>.
UnityEngine.StackTraceUtility:ExtractStackTrace () (at /home/bokken/build/output/unity/unity/Runtime/Export/Scripting/StackTrace.cs:37)
UnityEngine.DebugLogHandler:LogFormat (UnityEngine.LogType,UnityEngine.Object,string,object[])
UnityEngine.Logger:Log (UnityEngine.LogType,object)
UnityEngine.Debug:Log (object)
Mujoco.MjcfImporter:ParseSensorType (System.Xml.XmlElement) (at ./Library/PackageCache/org.mujoco@72cb2b210d/Runtime/Importer/MjcfImporter.cs:398)
Mujoco.MjcfImporter:ParseRoot (UnityEngine.GameObject,System.Xml.XmlElement) (at ./Library/PackageCache/org.mujoco@72cb2b210d/Runtime/Importer/MjcfImporter.cs:208)
Mujoco.MjImporterWithAssets:ParseRoot (UnityEngine.GameObject,System.Xml.XmlElement) (at ./Library/PackageCache/org.mujoco@72cb2b210d/Editor/Importer/MjImporterWithAssets.cs:91)
Mujoco.MjcfImporter:ImportXml (System.Xml.XmlDocument,string) (at ./Library/PackageCache/org.mujoco@72cb2b210d/Runtime/Importer/MjcfImporter.cs:100)
Mujoco.MjImporterWithAssets:ImportString (string,string,string) (at ./Library/PackageCache/org.mujoco@72cb2b210d/Editor/Importer/MjImporterWithAssets.cs:75)
Asimov.UnityMujoco.Editor.MjcfEpisodeSceneGenerator:ImportExpandedEpisodeScene (Asimov.UnityMujoco.EpisodeConfig,string) (at Assets/AsimovMujoco/Editor/MjcfEpisodeSceneGenerator.cs:128)
Asimov.UnityMujoco.Editor.MjcfEpisodeSceneGenerator:ImportEpisodeScene (Asimov.UnityMujoco.EpisodeConfig) (at Assets/AsimovMujoco/Editor/MjcfEpisodeSceneGenerator.cs:96)
Asimov.UnityMujoco.Editor.MjcfEpisodeSceneGenerator:ImportAllEpisodeScenes () (at Assets/AsimovMujoco/Editor/MjcfEpisodeSceneGenerator.cs:56)
Asimov.UnityMujoco.Editor.MjcfEpisodeSceneGenerator:BootstrapProject () (at Assets/AsimovMujoco/Editor/MjcfEpisodeSceneGenerator.cs:29)

(Filename: ./Library/PackageCache/org.mujoco@72cb2b210d/Runtime/Importer/MjcfImporter.cs Line: 398)

The importer does not yet support sensor <jointactuatorfrc>.
UnityEngine.StackTraceUtility:ExtractStackTrace () (at /home/bokken/build/output/unity/unity/Runtime/Export/Scripting/StackTrace.cs:37)
UnityEngine.DebugLogHandler:LogFormat (UnityEngine.LogType,UnityEngine.Object,string,object[])
UnityEngine.Logger:Log (UnityEngine.LogType,object)
UnityEngine.Debug:Log (object)
Mujoco.MjcfImporter:ParseSensorType (System.Xml.XmlElement) (at ./Library/PackageCache/org.mujoco@72cb2b210d/Runtime/Importer/MjcfImporter.cs:398)
Mujoco.MjcfImporter:ParseRoot (UnityEngine.GameObject,System.Xml.XmlElement) (at ./Library/PackageCache/org.mujoco@72cb2b210d/Runtime/Importer/MjcfImporter.cs:208)
Mujoco.MjImporterWithAssets:ParseRoot (UnityEngine.GameObject,System.Xml.XmlElement) (at ./Library/PackageCache/org.mujoco@72cb2b210d/Editor/Importer/MjImporterWithAssets.cs:91)
Mujoco.MjcfImporter:ImportXml (System.Xml.XmlDocument,string) (at ./Library/PackageCache/org.mujoco@72cb2b210d/Runtime/Importer/MjcfImporter.cs:100)
Mujoco.MjImporterWithAssets:ImportString (string,string,string) (at ./Library/PackageCache/org.mujoco@72cb2b210d/Editor/Importer/MjImporterWithAssets.cs:75)
Asimov.UnityMujoco.Editor.MjcfEpisodeSceneGenerator:ImportExpandedEpisodeScene (Asimov.UnityMujoco.EpisodeConfig,string) (at Assets/AsimovMujoco/Editor/MjcfEpisodeSceneGenerator.cs:128)
Asimov.UnityMujoco.Editor.MjcfEpisodeSceneGenerator:ImportEpisodeScene (Asimov.UnityMujoco.EpisodeConfig) (at Assets/AsimovMujoco/Editor/MjcfEpisodeSceneGenerator.cs:96)
Asimov.UnityMujoco.Editor.MjcfEpisodeSceneGenerator:ImportAllEpisodeScenes () (at Assets/AsimovMujoco/Editor/MjcfEpisodeSceneGenerator.cs:56)
Asimov.UnityMujoco.Editor.MjcfEpisodeSceneGenerator:BootstrapProject () (at Assets/AsimovMujoco/Editor/MjcfEpisodeSceneGenerator.cs:29)

(Filename: ./Library/PackageCache/org.mujoco@72cb2b210d/Runtime/Importer/MjcfImporter.cs Line: 398)

The importer does not yet support sensor <jointactuatorfrc>.
UnityEngine.StackTraceUtility:ExtractStackTrace () (at /home/bokken/build/output/unity/unity/Runtime/Export/Scripting/StackTrace.cs:37)
UnityEngine.DebugLogHandler:LogFormat (UnityEngine.LogType,UnityEngine.Object,string,object[])
UnityEngine.Logger:Log (UnityEngine.LogType,object)
UnityEngine.Debug:Log (object)
Mujoco.MjcfImporter:ParseSensorType (System.Xml.XmlElement) (at ./Library/PackageCache/org.mujoco@72cb2b210d/Runtime/Importer/MjcfImporter.cs:398)
Mujoco.MjcfImporter:ParseRoot (UnityEngine.GameObject,System.Xml.XmlElement) (at ./Library/PackageCache/org.mujoco@72cb2b210d/Runtime/Importer/MjcfImporter.cs:208)
Mujoco.MjImporterWithAssets:ParseRoot (UnityEngine.GameObject,System.Xml.XmlElement) (at ./Library/PackageCache/org.mujoco@72cb2b210d/Editor/Importer/MjImporterWithAssets.cs:91)
Mujoco.MjcfImporter:ImportXml (System.Xml.XmlDocument,string) (at ./Library/PackageCache/org.mujoco@72cb2b210d/Runtime/Importer/MjcfImporter.cs:100)
Mujoco.MjImporterWithAssets:ImportString (string,string,string) (at ./Library/PackageCache/org.mujoco@72cb2b210d/Editor/Importer/MjImporterWithAssets.cs:75)
Asimov.UnityMujoco.Editor.MjcfEpisodeSceneGenerator:ImportExpandedEpisodeScene (Asimov.UnityMujoco.EpisodeConfig,string) (at Assets/AsimovMujoco/Editor/MjcfEpisodeSceneGenerator.cs:128)
Asimov.UnityMujoco.Editor.MjcfEpisodeSceneGenerator:ImportEpisodeScene (Asimov.UnityMujoco.EpisodeConfig) (at Assets/AsimovMujoco/Editor/MjcfEpisodeSceneGenerator.cs:96)
Asimov.UnityMujoco.Editor.MjcfEpisodeSceneGenerator:ImportAllEpisodeScenes () (at Assets/AsimovMujoco/Editor/MjcfEpisodeSceneGenerator.cs:56)
Asimov.UnityMujoco.Editor.MjcfEpisodeSceneGenerator:BootstrapProject () (at Assets/AsimovMujoco/Editor/MjcfEpisodeSceneGenerator.cs:29)

(Filename: ./Library/PackageCache/org.mujoco@72cb2b210d/Runtime/Importer/MjcfImporter.cs Line: 398)

The importer does not yet support sensor <jointactuatorfrc>.
UnityEngine.StackTraceUtility:ExtractStackTrace () (at /home/bokken/build/output/unity/unity/Runtime/Export/Scripting/StackTrace.cs:37)
UnityEngine.DebugLogHandler:LogFormat (UnityEngine.LogType,UnityEngine.Object,string,object[])
UnityEngine.Logger:Log (UnityEngine.LogType,object)
UnityEngine.Debug:Log (object)
Mujoco.MjcfImporter:ParseSensorType (System.Xml.XmlElement) (at ./Library/PackageCache/org.mujoco@72cb2b210d/Runtime/Importer/MjcfImporter.cs:398)
Mujoco.MjcfImporter:ParseRoot (UnityEngine.GameObject,System.Xml.XmlElement) (at ./Library/PackageCache/org.mujoco@72cb2b210d/Runtime/Importer/MjcfImporter.cs:208)
Mujoco.MjImporterWithAssets:ParseRoot (UnityEngine.GameObject,System.Xml.XmlElement) (at ./Library/PackageCache/org.mujoco@72cb2b210d/Editor/Importer/MjImporterWithAssets.cs:91)
Mujoco.MjcfImporter:ImportXml (System.Xml.XmlDocument,string) (at ./Library/PackageCache/org.mujoco@72cb2b210d/Runtime/Importer/MjcfImporter.cs:100)
Mujoco.MjImporterWithAssets:ImportString (string,string,string) (at ./Library/PackageCache/org.mujoco@72cb2b210d/Editor/Importer/MjImporterWithAssets.cs:75)
Asimov.UnityMujoco.Editor.MjcfEpisodeSceneGenerator:ImportExpandedEpisodeScene (Asimov.UnityMujoco.EpisodeConfig,string) (at Assets/AsimovMujoco/Editor/MjcfEpisodeSceneGenerator.cs:128)
Asimov.UnityMujoco.Editor.MjcfEpisodeSceneGenerator:ImportEpisodeScene (Asimov.UnityMujoco.EpisodeConfig) (at Assets/AsimovMujoco/Editor/MjcfEpisodeSceneGenerator.cs:96)
Asimov.UnityMujoco.Editor.MjcfEpisodeSceneGenerator:ImportAllEpisodeScenes () (at Assets/AsimovMujoco/Editor/MjcfEpisodeSceneGenerator.cs:56)
Asimov.UnityMujoco.Editor.MjcfEpisodeSceneGenerator:BootstrapProject () (at Assets/AsimovMujoco/Editor/MjcfEpisodeSceneGenerator.cs:29)

(Filename: ./Library/PackageCache/org.mujoco@72cb2b210d/Runtime/Importer/MjcfImporter.cs Line: 398)

The importer does not yet support sensor <jointactuatorfrc>.
UnityEngine.StackTraceUtility:ExtractStackTrace () (at /home/bokken/build/output/unity/unity/Runtime/Export/Scripting/StackTrace.cs:37)
UnityEngine.DebugLogHandler:LogFormat (UnityEngine.LogType,UnityEngine.Object,string,object[])
UnityEngine.Logger:Log (UnityEngine.LogType,object)
UnityEngine.Debug:Log (object)
Mujoco.MjcfImporter:ParseSensorType (System.Xml.XmlElement) (at ./Library/PackageCache/org.mujoco@72cb2b210d/Runtime/Importer/MjcfImporter.cs:398)
Mujoco.MjcfImporter:ParseRoot (UnityEngine.GameObject,System.Xml.XmlElement) (at ./Library/PackageCache/org.mujoco@72cb2b210d/Runtime/Importer/MjcfImporter.cs:208)
Mujoco.MjImporterWithAssets:ParseRoot (UnityEngine.GameObject,System.Xml.XmlElement) (at ./Library/PackageCache/org.mujoco@72cb2b210d/Editor/Importer/MjImporterWithAssets.cs:91)
Mujoco.MjcfImporter:ImportXml (System.Xml.XmlDocument,string) (at ./Library/PackageCache/org.mujoco@72cb2b210d/Runtime/Importer/MjcfImporter.cs:100)
Mujoco.MjImporterWithAssets:ImportString (string,string,string) (at ./Library/PackageCache/org.mujoco@72cb2b210d/Editor/Importer/MjImporterWithAssets.cs:75)
Asimov.UnityMujoco.Editor.MjcfEpisodeSceneGenerator:ImportExpandedEpisodeScene (Asimov.UnityMujoco.EpisodeConfig,string) (at Assets/AsimovMujoco/Editor/MjcfEpisodeSceneGenerator.cs:128)
Asimov.UnityMujoco.Editor.MjcfEpisodeSceneGenerator:ImportEpisodeScene (Asimov.UnityMujoco.EpisodeConfig) (at Assets/AsimovMujoco/Editor/MjcfEpisodeSceneGenerator.cs:96)
Asimov.UnityMujoco.Editor.MjcfEpisodeSceneGenerator:ImportAllEpisodeScenes () (at Assets/AsimovMujoco/Editor/MjcfEpisodeSceneGenerator.cs:56)
Asimov.UnityMujoco.Editor.MjcfEpisodeSceneGenerator:BootstrapProject () (at Assets/AsimovMujoco/Editor/MjcfEpisodeSceneGenerator.cs:29)

(Filename: ./Library/PackageCache/org.mujoco@72cb2b210d/Runtime/Importer/MjcfImporter.cs Line: 398)

The importer does not yet support sensor <jointactuatorfrc>.
UnityEngine.StackTraceUtility:ExtractStackTrace () (at /home/bokken/build/output/unity/unity/Runtime/Export/Scripting/StackTrace.cs:37)
UnityEngine.DebugLogHandler:LogFormat (UnityEngine.LogType,UnityEngine.Object,string,object[])
UnityEngine.Logger:Log (UnityEngine.LogType,object)
UnityEngine.Debug:Log (object)
Mujoco.MjcfImporter:ParseSensorType (System.Xml.XmlElement) (at ./Library/PackageCache/org.mujoco@72cb2b210d/Runtime/Importer/MjcfImporter.cs:398)
Mujoco.MjcfImporter:ParseRoot (UnityEngine.GameObject,System.Xml.XmlElement) (at ./Library/PackageCache/org.mujoco@72cb2b210d/Runtime/Importer/MjcfImporter.cs:208)
Mujoco.MjImporterWithAssets:ParseRoot (UnityEngine.GameObject,System.Xml.XmlElement) (at ./Library/PackageCache/org.mujoco@72cb2b210d/Editor/Importer/MjImporterWithAssets.cs:91)
Mujoco.MjcfImporter:ImportXml (System.Xml.XmlDocument,string) (at ./Library/PackageCache/org.mujoco@72cb2b210d/Runtime/Importer/MjcfImporter.cs:100)
Mujoco.MjImporterWithAssets:ImportString (string,string,string) (at ./Library/PackageCache/org.mujoco@72cb2b210d/Editor/Importer/MjImporterWithAssets.cs:75)
Asimov.UnityMujoco.Editor.MjcfEpisodeSceneGenerator:ImportExpandedEpisodeScene (Asimov.UnityMujoco.EpisodeConfig,string) (at Assets/AsimovMujoco/Editor/MjcfEpisodeSceneGenerator.cs:128)
Asimov.UnityMujoco.Editor.MjcfEpisodeSceneGenerator:ImportEpisodeScene (Asimov.UnityMujoco.EpisodeConfig) (at Assets/AsimovMujoco/Editor/MjcfEpisodeSceneGenerator.cs:96)
Asimov.UnityMujoco.Editor.MjcfEpisodeSceneGenerator:ImportAllEpisodeScenes () (at Assets/AsimovMujoco/Editor/MjcfEpisodeSceneGenerator.cs:56)
Asimov.UnityMujoco.Editor.MjcfEpisodeSceneGenerator:BootstrapProject () (at Assets/AsimovMujoco/Editor/MjcfEpisodeSceneGenerator.cs:29)

(Filename: ./Library/PackageCache/org.mujoco@72cb2b210d/Runtime/Importer/MjcfImporter.cs Line: 398)

The importer does not yet support sensor <jointactuatorfrc>.
UnityEngine.StackTraceUtility:ExtractStackTrace () (at /home/bokken/build/output/unity/unity/Runtime/Export/Scripting/StackTrace.cs:37)
UnityEngine.DebugLogHandler:LogFormat (UnityEngine.LogType,UnityEngine.Object,string,object[])
UnityEngine.Logger:Log (UnityEngine.LogType,object)
UnityEngine.Debug:Log (object)
Mujoco.MjcfImporter:ParseSensorType (System.Xml.XmlElement) (at ./Library/PackageCache/org.mujoco@72cb2b210d/Runtime/Importer/MjcfImporter.cs:398)
Mujoco.MjcfImporter:ParseRoot (UnityEngine.GameObject,System.Xml.XmlElement) (at ./Library/PackageCache/org.mujoco@72cb2b210d/Runtime/Importer/MjcfImporter.cs:208)
Mujoco.MjImporterWithAssets:ParseRoot (UnityEngine.GameObject,System.Xml.XmlElement) (at ./Library/PackageCache/org.mujoco@72cb2b210d/Editor/Importer/MjImporterWithAssets.cs:91)
Mujoco.MjcfImporter:ImportXml (System.Xml.XmlDocument,string) (at ./Library/PackageCache/org.mujoco@72cb2b210d/Runtime/Importer/MjcfImporter.cs:100)
Mujoco.MjImporterWithAssets:ImportString (string,string,string) (at ./Library/PackageCache/org.mujoco@72cb2b210d/Editor/Importer/MjImporterWithAssets.cs:75)
Asimov.UnityMujoco.Editor.MjcfEpisodeSceneGenerator:ImportExpandedEpisodeScene (Asimov.UnityMujoco.EpisodeConfig,string) (at Assets/AsimovMujoco/Editor/MjcfEpisodeSceneGenerator.cs:128)
Asimov.UnityMujoco.Editor.MjcfEpisodeSceneGenerator:ImportEpisodeScene (Asimov.UnityMujoco.EpisodeConfig) (at Assets/AsimovMujoco/Editor/MjcfEpisodeSceneGenerator.cs:96)
Asimov.UnityMujoco.Editor.MjcfEpisodeSceneGenerator:ImportAllEpisodeScenes () (at Assets/AsimovMujoco/Editor/MjcfEpisodeSceneGenerator.cs:56)
Asimov.UnityMujoco.Editor.MjcfEpisodeSceneGenerator:BootstrapProject () (at Assets/AsimovMujoco/Editor/MjcfEpisodeSceneGenerator.cs:29)

(Filename: ./Library/PackageCache/org.mujoco@72cb2b210d/Runtime/Importer/MjcfImporter.cs Line: 398)

The importer does not yet support sensor <jointactuatorfrc>.
UnityEngine.StackTraceUtility:ExtractStackTrace () (at /home/bokken/build/output/unity/unity/Runtime/Export/Scripting/StackTrace.cs:37)
UnityEngine.DebugLogHandler:LogFormat (UnityEngine.LogType,UnityEngine.Object,string,object[])
UnityEngine.Logger:Log (UnityEngine.LogType,object)
UnityEngine.Debug:Log (object)
Mujoco.MjcfImporter:ParseSensorType (System.Xml.XmlElement) (at ./Library/PackageCache/org.mujoco@72cb2b210d/Runtime/Importer/MjcfImporter.cs:398)
Mujoco.MjcfImporter:ParseRoot (UnityEngine.GameObject,System.Xml.XmlElement) (at ./Library/PackageCache/org.mujoco@72cb2b210d/Runtime/Importer/MjcfImporter.cs:208)
Mujoco.MjImporterWithAssets:ParseRoot (UnityEngine.GameObject,System.Xml.XmlElement) (at ./Library/PackageCache/org.mujoco@72cb2b210d/Editor/Importer/MjImporterWithAssets.cs:91)
Mujoco.MjcfImporter:ImportXml (System.Xml.XmlDocument,string) (at ./Library/PackageCache/org.mujoco@72cb2b210d/Runtime/Importer/MjcfImporter.cs:100)
Mujoco.MjImporterWithAssets:ImportString (string,string,string) (at ./Library/PackageCache/org.mujoco@72cb2b210d/Editor/Importer/MjImporterWithAssets.cs:75)
Asimov.UnityMujoco.Editor.MjcfEpisodeSceneGenerator:ImportExpandedEpisodeScene (Asimov.UnityMujoco.EpisodeConfig,string) (at Assets/AsimovMujoco/Editor/MjcfEpisodeSceneGenerator.cs:128)
Asimov.UnityMujoco.Editor.MjcfEpisodeSceneGenerator:ImportEpisodeScene (Asimov.UnityMujoco.EpisodeConfig) (at Assets/AsimovMujoco/Editor/MjcfEpisodeSceneGenerator.cs:96)
Asimov.UnityMujoco.Editor.MjcfEpisodeSceneGenerator:ImportAllEpisodeScenes () (at Assets/AsimovMujoco/Editor/MjcfEpisodeSceneGenerator.cs:56)
Asimov.UnityMujoco.Editor.MjcfEpisodeSceneGenerator:BootstrapProject () (at Assets/AsimovMujoco/Editor/MjcfEpisodeSceneGenerator.cs:29)

(Filename: ./Library/PackageCache/org.mujoco@72cb2b210d/Runtime/Importer/MjcfImporter.cs Line: 398)

Start importing Assets/AsimovMujoco/Scenes/go2_approach_user.unity using Guid(677ab8716193f8c08b6d74cd68fafcee) Importer(-1,00000000000000000000000000000000) [PhysX] Initialized MultithreadedTaskDispatcher with 22 workers.
 -> (artifact id: 'e35b289c3a2452d22692a0b438871182') in 0.000559 seconds
Refreshing native plugins compatible for Editor in 0.10 ms, found 0 plugins.
Preloading 0 native plugins for Editor in 0.00 ms.
Asset Pipeline Refresh (id=dbf41567841a1c2b281f69a4a618fc01): Total: 0.007 seconds - Initiated by StopAssetImportingV2(NoUpdateAssetOptions)
Created imported MuJoCo episode scene Assets/AsimovMujoco/Scenes/go2_approach_user.unity
UnityEngine.StackTraceUtility:ExtractStackTrace () (at /home/bokken/build/output/unity/unity/Runtime/Export/Scripting/StackTrace.cs:37)
UnityEngine.DebugLogHandler:LogFormat (UnityEngine.LogType,UnityEngine.Object,string,object[])
UnityEngine.Logger:Log (UnityEngine.LogType,object)
UnityEngine.Debug:Log (object)
Asimov.UnityMujoco.Editor.MjcfEpisodeSceneGenerator:ImportEpisodeScene (Asimov.UnityMujoco.EpisodeConfig) (at Assets/AsimovMujoco/Editor/MjcfEpisodeSceneGenerator.cs:121)
Asimov.UnityMujoco.Editor.MjcfEpisodeSceneGenerator:ImportAllEpisodeScenes () (at Assets/AsimovMujoco/Editor/MjcfEpisodeSceneGenerator.cs:56)
Asimov.UnityMujoco.Editor.MjcfEpisodeSceneGenerator:BootstrapProject () (at Assets/AsimovMujoco/Editor/MjcfEpisodeSceneGenerator.cs:29)

(Filename: Assets/AsimovMujoco/Editor/MjcfEpisodeSceneGenerator.cs Line: 121)

[PhysX] Initialized MultithreadedTaskDispatcher with 22 workers.
Unloading 1 Unused Serialized files (Serialized files now loaded: 0)
Unloading 181 unused Assets / (55.7 KB). Loaded Objects now: 1250.
Memory consumption went from 87.5 MB to 87.5 MB.
Total: 3.081719 ms (FindLiveObjects: 0.050245 ms CreateObjectMapping: 0.011568 ms MarkObjects: 2.844062 ms  DeleteObjects: 0.174871 ms)

Meshes locations: source = /home/luis/palingenesys/asimovbm/unity_mujoco_slam/Assets/AsimovMujoco/GeneratedMjcf/../../../../g1_slam/third_party/unitree_mujoco/unitree_robots/go2/assets, target = /home/luis/palingenesys/asimovbm/unity_mujoco_slam/Assets/Local/MjImports/go2_lateral_open_imported/Resources
UnityEngine.StackTraceUtility:ExtractStackTrace () (at /home/bokken/build/output/unity/unity/Runtime/Export/Scripting/StackTrace.cs:37)
UnityEngine.DebugLogHandler:LogFormat (UnityEngine.LogType,UnityEngine.Object,string,object[])
UnityEngine.Logger:Log (UnityEngine.LogType,object)
UnityEngine.Debug:Log (object)
Mujoco.MjImporterWithAssets:ConfigureMeshPath (string,string,System.Xml.XmlDocument) (at ./Library/PackageCache/org.mujoco@72cb2b210d/Editor/Importer/MjImporterWithAssets.cs:119)
Mujoco.MjImporterWithAssets:ImportString (string,string,string) (at ./Library/PackageCache/org.mujoco@72cb2b210d/Editor/Importer/MjImporterWithAssets.cs:72)
Asimov.UnityMujoco.Editor.MjcfEpisodeSceneGenerator:ImportExpandedEpisodeScene (Asimov.UnityMujoco.EpisodeConfig,string) (at Assets/AsimovMujoco/Editor/MjcfEpisodeSceneGenerator.cs:128)
Asimov.UnityMujoco.Editor.MjcfEpisodeSceneGenerator:ImportEpisodeScene (Asimov.UnityMujoco.EpisodeConfig) (at Assets/AsimovMujoco/Editor/MjcfEpisodeSceneGenerator.cs:96)
Asimov.UnityMujoco.Editor.MjcfEpisodeSceneGenerator:ImportAllEpisodeScenes () (at Assets/AsimovMujoco/Editor/MjcfEpisodeSceneGenerator.cs:56)
Asimov.UnityMujoco.Editor.MjcfEpisodeSceneGenerator:BootstrapProject () (at Assets/AsimovMujoco/Editor/MjcfEpisodeSceneGenerator.cs:29)

(Filename: ./Library/PackageCache/org.mujoco@72cb2b210d/Editor/Importer/MjImporterWithAssets.cs Line: 119)

Start importing Assets/Local/MjImports/go2_lateral_open_imported using Guid(b7cc03fda0e76c411bff5b86f448be15) Importer(-1,00000000000000000000000000000000) [PhysX] Initialized MultithreadedTaskDispatcher with 22 workers.
 -> (artifact id: '7cb97342ecdf64f65106fbe2378afc34') in 0.000573 seconds
Start importing Assets/Local/MjImports/go2_lateral_open_imported/Resources using Guid(d19c1e80520d0ff2d98ed78e1e0c9b5e) Importer(-1,00000000000000000000000000000000) [PhysX] Initialized MultithreadedTaskDispatcher with 22 workers.
 -> (artifact id: '4f75a12a5b970f51b67ca2452bb16bbd') in 0.000392 seconds
Start importing Assets/Local/MjImports/go2_lateral_open_imported/Resources/base_0.obj using Guid(a645613e5d1ceca4197f6fd464883666) Importer(-1,00000000000000000000000000000000) [PhysX] Initialized MultithreadedTaskDispatcher with 22 workers.
 -> (artifact id: '290dadf69b0ce5c9d1c055fd2c5852ff') in 0.038168 seconds
Refreshing native plugins compatible for Editor in 0.14 ms, found 0 plugins.
Preloading 0 native plugins for Editor in 0.00 ms.
Asset Pipeline Refresh (id=4e5378738aa9b7b09aca9c1feab229b8): Total: 0.048 seconds - Initiated by StopAssetImportingV2(NoUpdateAssetOptions)
Start importing Assets/Local/MjImports/go2_lateral_open_imported/Resources/base_0.obj using Guid(a645613e5d1ceca4197f6fd464883666) Importer(-1,00000000000000000000000000000000) [PhysX] Initialized MultithreadedTaskDispatcher with 22 workers.
 -> (artifact id: '59cfe200c7faa9675f57f86de6f298f4') in 0.035428 seconds
Refreshing native plugins compatible for Editor in 0.13 ms, found 0 plugins.
Preloading 0 native plugins for Editor in 0.00 ms.
Asset Pipeline Refresh (id=863fbcff512ce67b1abc9b258ab0afb6): Total: 0.042 seconds - Initiated by StopAssetImportingV2(NoUpdateAssetOptions)
Start importing Assets/Local/MjImports/go2_lateral_open_imported/Resources/base_1.obj using Guid(19fc7be9709f2312faefca28641094e8) Importer(-1,00000000000000000000000000000000) [PhysX] Initialized MultithreadedTaskDispatcher with 22 workers.
 -> (artifact id: '596a2dd13dd372788330d4d48906740c') in 0.020748 seconds
Refreshing native plugins compatible for Editor in 0.13 ms, found 0 plugins.
Preloading 0 native plugins for Editor in 0.00 ms.
Asset Pipeline Refresh (id=95c92aeab42bee81fbc605df2e105db3): Total: 0.025 seconds - Initiated by StopAssetImportingV2(NoUpdateAssetOptions)
Start importing Assets/Local/MjImports/go2_lateral_open_imported/Resources/base_1.obj using Guid(19fc7be9709f2312faefca28641094e8) Importer(-1,00000000000000000000000000000000) [PhysX] Initialized MultithreadedTaskDispatcher with 22 workers.
 -> (artifact id: 'eb2fbf57e96d39c4bc6b207fb4489a05') in 0.019996 seconds
Refreshing native plugins compatible for Editor in 0.11 ms, found 0 plugins.
Preloading 0 native plugins for Editor in 0.00 ms.
Asset Pipeline Refresh (id=cd81bd373dcde10b594566e7da097628): Total: 0.028 seconds - Initiated by StopAssetImportingV2(NoUpdateAssetOptions)
Start importing Assets/Local/MjImports/go2_lateral_open_imported/Resources/base_2.obj using Guid(488ac3f2f0c4598c4959996d01b88b83) Importer(-1,00000000000000000000000000000000) [PhysX] Initialized MultithreadedTaskDispatcher with 22 workers.
 -> (artifact id: '1087fcf336a06fb2f738715719e86aa8') in 0.013023 seconds
Refreshing native plugins compatible for Editor in 0.07 ms, found 0 plugins.
Preloading 0 native plugins for Editor in 0.00 ms.
Asset Pipeline Refresh (id=b0c7a02f173ad909385b6ba8e0f4aa67): Total: 0.017 seconds - Initiated by StopAssetImportingV2(NoUpdateAssetOptions)
Start importing Assets/Local/MjImports/go2_lateral_open_imported/Resources/base_2.obj using Guid(488ac3f2f0c4598c4959996d01b88b83) Importer(-1,00000000000000000000000000000000) [PhysX] Initialized MultithreadedTaskDispatcher with 22 workers.
 -> (artifact id: 'caa8b2ee3f0966574c34a895a7574f06') in 0.011708 seconds
Refreshing native plugins compatible for Editor in 0.06 ms, found 0 plugins.
Preloading 0 native plugins for Editor in 0.00 ms.
Asset Pipeline Refresh (id=de5e9950d70866c9ba0d950038d2313d): Total: 0.017 seconds - Initiated by StopAssetImportingV2(NoUpdateAssetOptions)
Start importing Assets/Local/MjImports/go2_lateral_open_imported/Resources/base_3.obj using Guid(216f63563553de48e9f1875ec3e84aa0) Importer(-1,00000000000000000000000000000000) [PhysX] Initialized MultithreadedTaskDispatcher with 22 workers.
 -> (artifact id: 'd052bbea759063806a6c98fceac6e5c3') in 0.014453 seconds
Refreshing native plugins compatible for Editor in 0.09 ms, found 0 plugins.
Preloading 0 native plugins for Editor in 0.00 ms.
Asset Pipeline Refresh (id=c1f60f8dcfe9a5536a3fbf01b6a400e3): Total: 0.019 seconds - Initiated by StopAssetImportingV2(NoUpdateAssetOptions)
Start importing Assets/Local/MjImports/go2_lateral_open_imported/Resources/base_3.obj using Guid(216f63563553de48e9f1875ec3e84aa0) Importer(-1,00000000000000000000000000000000) [PhysX] Initialized MultithreadedTaskDispatcher with 22 workers.
 -> (artifact id: '95b04ea65cf24a69adfae2360125bd7f') in 0.013968 seconds
Refreshing native plugins compatible for Editor in 0.06 ms, found 0 plugins.
Preloading 0 native plugins for Editor in 0.00 ms.
Asset Pipeline Refresh (id=786a92deb10a8323d9d33c1ae5ad4996): Total: 0.019 seconds - Initiated by StopAssetImportingV2(NoUpdateAssetOptions)
Start importing Assets/Local/MjImports/go2_lateral_open_imported/Resources/base_4.obj using Guid(e96debf3e9943789ead4953da2b4f060) Importer(-1,00000000000000000000000000000000) [PhysX] Initialized MultithreadedTaskDispatcher with 22 workers.
 -> (artifact id: 'b2d2b2f5b41084f10d93e9296d6b8753') in 0.176459 seconds
Refreshing native plugins compatible for Editor in 0.14 ms, found 0 plugins.
Preloading 0 native plugins for Editor in 0.00 ms.
Asset Pipeline Refresh (id=3576ccfcd88f1fdc0a8ecd4da0fb6f8a): Total: 0.189 seconds - Initiated by StopAssetImportingV2(NoUpdateAssetOptions)
Start importing Assets/Local/MjImports/go2_lateral_open_imported/Resources/base_4.obj using Guid(e96debf3e9943789ead4953da2b4f060) Importer(-1,00000000000000000000000000000000) [PhysX] Initialized MultithreadedTaskDispatcher with 22 workers.
 -> (artifact id: '1a7395311edd2eaf72d14993bd34dc0c') in 0.176045 seconds
Refreshing native plugins compatible for Editor in 0.13 ms, found 0 plugins.
Preloading 0 native plugins for Editor in 0.00 ms.
Asset Pipeline Refresh (id=6eae5cff34e371fb3a72ecd361962308): Total: 0.187 seconds - Initiated by StopAssetImportingV2(NoUpdateAssetOptions)
Start importing Assets/Local/MjImports/go2_lateral_open_imported/Resources/hip_0.obj using Guid(9ebe0bc0c35c856319683a8d72e885b2) Importer(-1,00000000000000000000000000000000) [PhysX] Initialized MultithreadedTaskDispatcher with 22 workers.
 -> (artifact id: '4e7e0951089876bc501179078ea1d330') in 0.059777 seconds
Refreshing native plugins compatible for Editor in 0.12 ms, found 0 plugins.
Preloading 0 native plugins for Editor in 0.00 ms.
Asset Pipeline Refresh (id=607cc30a8178db050961ce49cdb9a2b7): Total: 0.066 seconds - Initiated by StopAssetImportingV2(NoUpdateAssetOptions)
Start importing Assets/Local/MjImports/go2_lateral_open_imported/Resources/hip_0.obj using Guid(9ebe0bc0c35c856319683a8d72e885b2) Importer(-1,00000000000000000000000000000000) [PhysX] Initialized MultithreadedTaskDispatcher with 22 workers.
 -> (artifact id: 'b879eae23e73702edaa3b6c87489cd3f') in 0.059804 seconds
Refreshing native plugins compatible for Editor in 0.12 ms, found 0 plugins.
Preloading 0 native plugins for Editor in 0.00 ms.
Asset Pipeline Refresh (id=a1457a6b9c55309bebd87fb8e153e076): Total: 0.067 seconds - Initiated by StopAssetImportingV2(NoUpdateAssetOptions)
Start importing Assets/Local/MjImports/go2_lateral_open_imported/Resources/hip_1.obj using Guid(7821b746f03cca7f497121ab77071dbf) Importer(-1,00000000000000000000000000000000) [PhysX] Initialized MultithreadedTaskDispatcher with 22 workers.
 -> (artifact id: 'db3977afd6d8293db24505a321cc89b3') in 0.062209 seconds
Refreshing native plugins compatible for Editor in 0.12 ms, found 0 plugins.
Preloading 0 native plugins for Editor in 0.00 ms.
Asset Pipeline Refresh (id=0aaa28744eda7a6d39aa72cf8af250c8): Total: 0.073 seconds - Initiated by StopAssetImportingV2(NoUpdateAssetOptions)
Start importing Assets/Local/MjImports/go2_lateral_open_imported/Resources/hip_1.obj using Guid(7821b746f03cca7f497121ab77071dbf) Importer(-1,00000000000000000000000000000000) [PhysX] Initialized MultithreadedTaskDispatcher with 22 workers.
 -> (artifact id: 'f1ea1164e861eb7fb06f8808b4999100') in 0.059991 seconds
Refreshing native plugins compatible for Editor in 0.12 ms, found 0 plugins.
Preloading 0 native plugins for Editor in 0.00 ms.
Asset Pipeline Refresh (id=ba867e691e4d34af6b2d1e0d469db7fe): Total: 0.072 seconds - Initiated by StopAssetImportingV2(NoUpdateAssetOptions)
Start importing Assets/Local/MjImports/go2_lateral_open_imported/Resources/thigh_0.obj using Guid(e1871dfaed6e0cc578e07d57527a68bb) Importer(-1,00000000000000000000000000000000) [PhysX] Initialized MultithreadedTaskDispatcher with 22 workers.
 -> (artifact id: '874819ae4ba8f8f0a00707de02e3394c') in 0.061914 seconds
Refreshing native plugins compatible for Editor in 0.10 ms, found 0 plugins.
Preloading 0 native plugins for Editor in 0.00 ms.
Asset Pipeline Refresh (id=3c923bf9dfade14cf8354790bc265478): Total: 0.073 seconds - Initiated by StopAssetImportingV2(NoUpdateAssetOptions)
Start importing Assets/Local/MjImports/go2_lateral_open_imported/Resources/thigh_0.obj using Guid(e1871dfaed6e0cc578e07d57527a68bb) Importer(-1,00000000000000000000000000000000) [PhysX] Initialized MultithreadedTaskDispatcher with 22 workers.
 -> (artifact id: '6532f688e34260913ab6b7b62f0b2aa4') in 0.061710 seconds
Refreshing native plugins compatible for Editor in 0.16 ms, found 0 plugins.
Preloading 0 native plugins for Editor in 0.00 ms.
Asset Pipeline Refresh (id=3a63c9b1b09fa0f29b3da7ad15b3d7e5): Total: 0.073 seconds - Initiated by StopAssetImportingV2(NoUpdateAssetOptions)
Start importing Assets/Local/MjImports/go2_lateral_open_imported/Resources/thigh_1.obj using Guid(c025397c9cb32d7a998a0ccceb100a41) Importer(-1,00000000000000000000000000000000) [PhysX] Initialized MultithreadedTaskDispatcher with 22 workers.
 -> (artifact id: '826cce57c54a753d4c9bffe7a2291cc4') in 0.039955 seconds
Refreshing native plugins compatible for Editor in 0.11 ms, found 0 plugins.
Preloading 0 native plugins for Editor in 0.00 ms.
Asset Pipeline Refresh (id=4123ef9419444cf7099af86bec3e632a): Total: 0.052 seconds - Initiated by StopAssetImportingV2(NoUpdateAssetOptions)
Start importing Assets/Local/MjImports/go2_lateral_open_imported/Resources/thigh_1.obj using Guid(c025397c9cb32d7a998a0ccceb100a41) Importer(-1,00000000000000000000000000000000) [PhysX] Initialized MultithreadedTaskDispatcher with 22 workers.
 -> (artifact id: 'd20c8eba0423fbbaeeae75e2252ae5ee') in 0.038851 seconds
Refreshing native plugins compatible for Editor in 0.15 ms, found 0 plugins.
Preloading 0 native plugins for Editor in 0.00 ms.
Asset Pipeline Refresh (id=8dacfef18229f61f4bd349199f3b0b1a): Total: 0.055 seconds - Initiated by StopAssetImportingV2(NoUpdateAssetOptions)
Start importing Assets/Local/MjImports/go2_lateral_open_imported/Resources/thigh_mirror_0.obj using Guid(62595c2f4013430afa723d31cbd1b45d) Importer(-1,00000000000000000000000000000000) [PhysX] Initialized MultithreadedTaskDispatcher with 22 workers.
 -> (artifact id: 'a15c570f4ecf9fbff403aeee76322fcd') in 0.061126 seconds
Refreshing native plugins compatible for Editor in 0.11 ms, found 0 plugins.
Preloading 0 native plugins for Editor in 0.00 ms.
Asset Pipeline Refresh (id=69ec9fb0cf2644a0486d420818d9f0d0): Total: 0.068 seconds - Initiated by StopAssetImportingV2(NoUpdateAssetOptions)
Start importing Assets/Local/MjImports/go2_lateral_open_imported/Resources/thigh_mirror_0.obj using Guid(62595c2f4013430afa723d31cbd1b45d) Importer(-1,00000000000000000000000000000000) [PhysX] Initialized MultithreadedTaskDispatcher with 22 workers.
 -> (artifact id: '710fa93fa98d9f9c59073aea1c2c4eb3') in 0.060868 seconds
Refreshing native plugins compatible for Editor in 0.12 ms, found 0 plugins.
Preloading 0 native plugins for Editor in 0.00 ms.
Asset Pipeline Refresh (id=e9f08876133653b1d8d5b2c5331207c7): Total: 0.069 seconds - Initiated by StopAssetImportingV2(NoUpdateAssetOptions)
Start importing Assets/Local/MjImports/go2_lateral_open_imported/Resources/thigh_mirror_1.obj using Guid(2e9cd846c988fc25eb4da3a705a77e2f) Importer(-1,00000000000000000000000000000000) [PhysX] Initialized MultithreadedTaskDispatcher with 22 workers.
 -> (artifact id: 'e96e86da89881233dfe9cf247f01571d') in 0.040328 seconds
Refreshing native plugins compatible for Editor in 0.10 ms, found 0 plugins.
Preloading 0 native plugins for Editor in 0.00 ms.
Asset Pipeline Refresh (id=73f7f28f6c38a86dd862dba70f6e143b): Total: 0.047 seconds - Initiated by StopAssetImportingV2(NoUpdateAssetOptions)
Start importing Assets/Local/MjImports/go2_lateral_open_imported/Resources/thigh_mirror_1.obj using Guid(2e9cd846c988fc25eb4da3a705a77e2f) Importer(-1,00000000000000000000000000000000) [PhysX] Initialized MultithreadedTaskDispatcher with 22 workers.
 -> (artifact id: '67c0418b50dcb0a57864fdfdcb099db2') in 0.038466 seconds
Refreshing native plugins compatible for Editor in 0.07 ms, found 0 plugins.
Preloading 0 native plugins for Editor in 0.00 ms.
Asset Pipeline Refresh (id=29c7b2adeedcfd816b72ccc05f654a32): Total: 0.044 seconds - Initiated by StopAssetImportingV2(NoUpdateAssetOptions)
Start importing Assets/Local/MjImports/go2_lateral_open_imported/Resources/calf_0.obj using Guid(69139a249c2f5df34a53cfe0fdc19f0e) Importer(-1,00000000000000000000000000000000) [PhysX] Initialized MultithreadedTaskDispatcher with 22 workers.
 -> (artifact id: '78adda2dd999f555453d3bb8a30aef7f') in 0.025883 seconds
Refreshing native plugins compatible for Editor in 0.10 ms, found 0 plugins.
Preloading 0 native plugins for Editor in 0.00 ms.
Asset Pipeline Refresh (id=7d4a7dbeed0440b7f8f0eb49326e98cb): Total: 0.032 seconds - Initiated by StopAssetImportingV2(NoUpdateAssetOptions)
Start importing Assets/Local/MjImports/go2_lateral_open_imported/Resources/calf_0.obj using Guid(69139a249c2f5df34a53cfe0fdc19f0e) Importer(-1,00000000000000000000000000000000) [PhysX] Initialized MultithreadedTaskDispatcher with 22 workers.
 -> (artifact id: '0f56012c7c1e93f9f557d0261a1a397e') in 0.025484 seconds
Refreshing native plugins compatible for Editor in 0.10 ms, found 0 plugins.
Preloading 0 native plugins for Editor in 0.00 ms.
Asset Pipeline Refresh (id=fc275ab5d6a382afb8e450577b1e5540): Total: 0.032 seconds - Initiated by StopAssetImportingV2(NoUpdateAssetOptions)
Start importing Assets/Local/MjImports/go2_lateral_open_imported/Resources/calf_1.obj using Guid(728be869c22838243b7cdb9c8d3d4576) Importer(-1,00000000000000000000000000000000) [PhysX] Initialized MultithreadedTaskDispatcher with 22 workers.
 -> (artifact id: 'e12539c1a6ebc9fdd25e1f694818629c') in 0.012860 seconds
Refreshing native plugins compatible for Editor in 0.07 ms, found 0 plugins.
Preloading 0 native plugins for Editor in 0.00 ms.
Asset Pipeline Refresh (id=59018f484c0743adea0b79df7967c9c3): Total: 0.017 seconds - Initiated by StopAssetImportingV2(NoUpdateAssetOptions)
Start importing Assets/Local/MjImports/go2_lateral_open_imported/Resources/calf_1.obj using Guid(728be869c22838243b7cdb9c8d3d4576) Importer(-1,00000000000000000000000000000000) [PhysX] Initialized MultithreadedTaskDispatcher with 22 workers.
 -> (artifact id: '6e87235c0c1a931fe611e82ee158d866') in 0.012781 seconds
Refreshing native plugins compatible for Editor in 0.06 ms, found 0 plugins.
Preloading 0 native plugins for Editor in 0.00 ms.
Asset Pipeline Refresh (id=763f977608cc6a46cafde79875bb8d4a): Total: 0.018 seconds - Initiated by StopAssetImportingV2(NoUpdateAssetOptions)
Start importing Assets/Local/MjImports/go2_lateral_open_imported/Resources/calf_mirror_0.obj using Guid(e2bfdab2685b729daa26a58c78ba7833) Importer(-1,00000000000000000000000000000000) [PhysX] Initialized MultithreadedTaskDispatcher with 22 workers.
 -> (artifact id: '67c6225bf404cceafe713aedc920fa98') in 0.026130 seconds
Refreshing native plugins compatible for Editor in 0.11 ms, found 0 plugins.
Preloading 0 native plugins for Editor in 0.00 ms.
Asset Pipeline Refresh (id=25257b777a258d3948b3a8881826f568): Total: 0.031 seconds - Initiated by StopAssetImportingV2(NoUpdateAssetOptions)
Start importing Assets/Local/MjImports/go2_lateral_open_imported/Resources/calf_mirror_0.obj using Guid(e2bfdab2685b729daa26a58c78ba7833) Importer(-1,00000000000000000000000000000000) [PhysX] Initialized MultithreadedTaskDispatcher with 22 workers.
 -> (artifact id: '8a710ca89c351d5191de757d3d677153') in 0.025675 seconds
Refreshing native plugins compatible for Editor in 0.07 ms, found 0 plugins.
Preloading 0 native plugins for Editor in 0.00 ms.
Asset Pipeline Refresh (id=d90a1ae4239e789b0b2e01d42be38c13): Total: 0.032 seconds - Initiated by StopAssetImportingV2(NoUpdateAssetOptions)
Start importing Assets/Local/MjImports/go2_lateral_open_imported/Resources/calf_mirror_1.obj using Guid(81c4c24b27425362eba17fe21b217bfe) Importer(-1,00000000000000000000000000000000) [PhysX] Initialized MultithreadedTaskDispatcher with 22 workers.
 -> (artifact id: '95608d27871489370d709b5465e7bea6') in 0.012953 seconds
Refreshing native plugins compatible for Editor in 0.11 ms, found 0 plugins.
Preloading 0 native plugins for Editor in 0.00 ms.
Asset Pipeline Refresh (id=3dfcd29303a64b6b2b2b600295e03777): Total: 0.017 seconds - Initiated by StopAssetImportingV2(NoUpdateAssetOptions)
Start importing Assets/Local/MjImports/go2_lateral_open_imported/Resources/calf_mirror_1.obj using Guid(81c4c24b27425362eba17fe21b217bfe) Importer(-1,00000000000000000000000000000000) [PhysX] Initialized MultithreadedTaskDispatcher with 22 workers.
 -> (artifact id: '46a727b7344039e06ee9a6fce653f3e7') in 0.012471 seconds
Refreshing native plugins compatible for Editor in 0.07 ms, found 0 plugins.
Preloading 0 native plugins for Editor in 0.00 ms.
Asset Pipeline Refresh (id=88cb14aaae3c14055875aeb29d698464): Total: 0.018 seconds - Initiated by StopAssetImportingV2(NoUpdateAssetOptions)
Start importing Assets/Local/MjImports/go2_lateral_open_imported/Resources/foot.obj using Guid(88c07f5ca095da527aecbee17c8682fb) Importer(-1,00000000000000000000000000000000) [PhysX] Initialized MultithreadedTaskDispatcher with 22 workers.
 -> (artifact id: 'd0c86f142b028caa2ce8d62918bc2093') in 0.021092 seconds
Refreshing native plugins compatible for Editor in 0.10 ms, found 0 plugins.
Preloading 0 native plugins for Editor in 0.00 ms.
Asset Pipeline Refresh (id=6e0a6c2cdb4dced819fa03dc02882a13): Total: 0.026 seconds - Initiated by StopAssetImportingV2(NoUpdateAssetOptions)
Start importing Assets/Local/MjImports/go2_lateral_open_imported/Resources/foot.obj using Guid(88c07f5ca095da527aecbee17c8682fb) Importer(-1,00000000000000000000000000000000) [PhysX] Initialized MultithreadedTaskDispatcher with 22 workers.
 -> (artifact id: '31805c9481a963fc00d2d115f701fe36') in 0.020897 seconds
Refreshing native plugins compatible for Editor in 0.11 ms, found 0 plugins.
Preloading 0 native plugins for Editor in 0.00 ms.
Asset Pipeline Refresh (id=45e5310252e0c7c679ae80c1a4ba53bd): Total: 0.027 seconds - Initiated by StopAssetImportingV2(NoUpdateAssetOptions)
Start importing Assets/Local/MjImports/go2_lateral_open_imported/Resources/metal.mat using Guid(ded76110cd83a1c298b8afa5c0f9fcd4) Importer(-1,00000000000000000000000000000000) [PhysX] Initialized MultithreadedTaskDispatcher with 22 workers.
 -> (artifact id: 'c9f1e8e0fae8091ddb393bf4b5eab3dc') in 0.000533 seconds
Refreshing native plugins compatible for Editor in 0.05 ms, found 0 plugins.
Preloading 0 native plugins for Editor in 0.00 ms.
Asset Pipeline Refresh (id=b2e81016b138088409e1ccca93b9a4f4): Total: 0.004 seconds - Initiated by StopAssetImportingV2(NoUpdateAssetOptions)
Start importing Assets/Local/MjImports/go2_lateral_open_imported/Resources/black.mat using Guid(5e5054a3451ee5d3dba4cd6da0d0d03b) Importer(-1,00000000000000000000000000000000) [PhysX] Initialized MultithreadedTaskDispatcher with 22 workers.
 -> (artifact id: 'ce305d64b8fbe1e07dc3589235cd70e0') in 0.000490 seconds
Refreshing native plugins compatible for Editor in 0.05 ms, found 0 plugins.
Preloading 0 native plugins for Editor in 0.00 ms.
Asset Pipeline Refresh (id=db8877f8653014ebb8214227cb2e8449): Total: 0.004 seconds - Initiated by StopAssetImportingV2(NoUpdateAssetOptions)
Start importing Assets/Local/MjImports/go2_lateral_open_imported/Resources/white.mat using Guid(3056d3f75a3e93fd09d62c985154a169) Importer(-1,00000000000000000000000000000000) [PhysX] Initialized MultithreadedTaskDispatcher with 22 workers.
 -> (artifact id: 'e79f37b6a39d6efcae7866b69ef5a494') in 0.000481 seconds
Refreshing native plugins compatible for Editor in 0.08 ms, found 0 plugins.
Preloading 0 native plugins for Editor in 0.00 ms.
Asset Pipeline Refresh (id=c1f50571b1e071b7dbe655f2ee394e98): Total: 0.004 seconds - Initiated by StopAssetImportingV2(NoUpdateAssetOptions)
Start importing Assets/Local/MjImports/go2_lateral_open_imported/Resources/gray.mat using Guid(bcc74dc5c459c86e1979f402fd4064da) Importer(-1,00000000000000000000000000000000) [PhysX] Initialized MultithreadedTaskDispatcher with 22 workers.
 -> (artifact id: 'ba0f6650e8650e3e0b141113574037d2') in 0.000541 seconds
Refreshing native plugins compatible for Editor in 0.10 ms, found 0 plugins.
Preloading 0 native plugins for Editor in 0.00 ms.
Asset Pipeline Refresh (id=8f1d6cb1ea054b5b5974ef801a2c554c): Total: 0.013 seconds - Initiated by StopAssetImportingV2(NoUpdateAssetOptions)
Start importing Assets/Local/MjImports/go2_lateral_open_imported/Resources/floor_mat.mat using Guid(a51a487bd69708fc19283ab058ec80a6) Importer(-1,00000000000000000000000000000000) [PhysX] Initialized MultithreadedTaskDispatcher with 22 workers.
 -> (artifact id: '15ccbb8cdbdf0f2cc1cfc9208f414e21') in 0.000589 seconds
Refreshing native plugins compatible for Editor in 0.10 ms, found 0 plugins.
Preloading 0 native plugins for Editor in 0.00 ms.
Asset Pipeline Refresh (id=adae9c6536e4939fe9473a4436f41315): Total: 0.007 seconds - Initiated by StopAssetImportingV2(NoUpdateAssetOptions)
Start importing Assets/Local/MjImports/go2_lateral_open_imported/Resources/obstacle_mat.mat using Guid(aaacb600881da5d0aa0341f54b46bdeb) Importer(-1,00000000000000000000000000000000) [PhysX] Initialized MultithreadedTaskDispatcher with 22 workers.
 -> (artifact id: '2aa983a41a12695ad6dde9278e3bd7ec') in 0.000603 seconds
Refreshing native plugins compatible for Editor in 0.09 ms, found 0 plugins.
Preloading 0 native plugins for Editor in 0.00 ms.
Asset Pipeline Refresh (id=e526d7e94c1a6211f9fb62f15b7571da): Total: 0.010 seconds - Initiated by StopAssetImportingV2(NoUpdateAssetOptions)
Start importing Assets/Local/MjImports/go2_lateral_open_imported/Resources/goal_mat.mat using Guid(0bcb04ef70afba35994e1e0f887bbbfd) Importer(-1,00000000000000000000000000000000) [PhysX] Initialized MultithreadedTaskDispatcher with 22 workers.
 -> (artifact id: 'f3e5ff5a7f3a73add93b5eae8074c1b5') in 0.000512 seconds
Refreshing native plugins compatible for Editor in 0.05 ms, found 0 plugins.
Preloading 0 native plugins for Editor in 0.00 ms.
Asset Pipeline Refresh (id=c637ae8d3076184629fed90f0be9df94): Total: 0.004 seconds - Initiated by StopAssetImportingV2(NoUpdateAssetOptions)
Start importing Assets/Local/MjImports/go2_lateral_open_imported/Resources/npc_mat.mat using Guid(83bf02d1b75d7e444a156f611006849e) Importer(-1,00000000000000000000000000000000) [PhysX] Initialized MultithreadedTaskDispatcher with 22 workers.
 -> (artifact id: 'a90497ff05e3a6be8b5e74fb8a640c3c') in 0.000467 seconds
Refreshing native plugins compatible for Editor in 0.05 ms, found 0 plugins.
Preloading 0 native plugins for Editor in 0.00 ms.
Asset Pipeline Refresh (id=7797e5924d044af47ac42056c64a3d4f): Total: 0.004 seconds - Initiated by StopAssetImportingV2(NoUpdateAssetOptions)
Start importing Assets/Local/MjImports/go2_lateral_open_imported/Resources/blue_cylinder_mat.mat using Guid(8f2b894d9b68a22d6baaed5c416eb0d6) Importer(-1,00000000000000000000000000000000) [PhysX] Initialized MultithreadedTaskDispatcher with 22 workers.
 -> (artifact id: '20097e787711f3515785d3247d277c2e') in 0.000479 seconds
Refreshing native plugins compatible for Editor in 0.05 ms, found 0 plugins.
Preloading 0 native plugins for Editor in 0.00 ms.
Asset Pipeline Refresh (id=5f7fa482e24a814b4ae4a64c0f7484dc): Total: 0.004 seconds - Initiated by StopAssetImportingV2(NoUpdateAssetOptions)
The importer does not yet support tags <light>.
UnityEngine.StackTraceUtility:ExtractStackTrace () (at /home/bokken/build/output/unity/unity/Runtime/Export/Scripting/StackTrace.cs:37)
UnityEngine.DebugLogHandler:LogFormat (UnityEngine.LogType,UnityEngine.Object,string,object[])
UnityEngine.Logger:Log (UnityEngine.LogType,object)
UnityEngine.Debug:Log (object)
Mujoco.MjcfImporter:ParseBodyChild (System.Xml.XmlElement,UnityEngine.GameObject) (at ./Library/PackageCache/org.mujoco@72cb2b210d/Runtime/Importer/MjcfImporter.cs:293)
Mujoco.MjcfImporter:ParseBodyChildren (UnityEngine.GameObject,System.Xml.XmlElement) (at ./Library/PackageCache/org.mujoco@72cb2b210d/Runtime/Importer/MjcfImporter.cs:237)
Mujoco.MjcfImporter:ParseRoot (UnityEngine.GameObject,System.Xml.XmlElement) (at ./Library/PackageCache/org.mujoco@72cb2b210d/Runtime/Importer/MjcfImporter.cs:147)
Mujoco.MjImporterWithAssets:ParseRoot (UnityEngine.GameObject,System.Xml.XmlElement) (at ./Library/PackageCache/org.mujoco@72cb2b210d/Editor/Importer/MjImporterWithAssets.cs:91)
Mujoco.MjcfImporter:ImportXml (System.Xml.XmlDocument,string) (at ./Library/PackageCache/org.mujoco@72cb2b210d/Runtime/Importer/MjcfImporter.cs:100)
Mujoco.MjImporterWithAssets:ImportString (string,string,string) (at ./Library/PackageCache/org.mujoco@72cb2b210d/Editor/Importer/MjImporterWithAssets.cs:75)
Asimov.UnityMujoco.Editor.MjcfEpisodeSceneGenerator:ImportExpandedEpisodeScene (Asimov.UnityMujoco.EpisodeConfig,string) (at Assets/AsimovMujoco/Editor/MjcfEpisodeSceneGenerator.cs:128)
Asimov.UnityMujoco.Editor.MjcfEpisodeSceneGenerator:ImportEpisodeScene (Asimov.UnityMujoco.EpisodeConfig) (at Assets/AsimovMujoco/Editor/MjcfEpisodeSceneGenerator.cs:96)
Asimov.UnityMujoco.Editor.MjcfEpisodeSceneGenerator:ImportAllEpisodeScenes () (at Assets/AsimovMujoco/Editor/MjcfEpisodeSceneGenerator.cs:56)
Asimov.UnityMujoco.Editor.MjcfEpisodeSceneGenerator:BootstrapProject () (at Assets/AsimovMujoco/Editor/MjcfEpisodeSceneGenerator.cs:29)

(Filename: ./Library/PackageCache/org.mujoco@72cb2b210d/Runtime/Importer/MjcfImporter.cs Line: 293)

The importer does not yet support tags <light>.
UnityEngine.StackTraceUtility:ExtractStackTrace () (at /home/bokken/build/output/unity/unity/Runtime/Export/Scripting/StackTrace.cs:37)
UnityEngine.DebugLogHandler:LogFormat (UnityEngine.LogType,UnityEngine.Object,string,object[])
UnityEngine.Logger:Log (UnityEngine.LogType,object)
UnityEngine.Debug:Log (object)
Mujoco.MjcfImporter:ParseBodyChild (System.Xml.XmlElement,UnityEngine.GameObject) (at ./Library/PackageCache/org.mujoco@72cb2b210d/Runtime/Importer/MjcfImporter.cs:293)
Mujoco.MjcfImporter:ParseBodyChildren (UnityEngine.GameObject,System.Xml.XmlElement) (at ./Library/PackageCache/org.mujoco@72cb2b210d/Runtime/Importer/MjcfImporter.cs:237)
Mujoco.MjcfImporter:ParseRoot (UnityEngine.GameObject,System.Xml.XmlElement) (at ./Library/PackageCache/org.mujoco@72cb2b210d/Runtime/Importer/MjcfImporter.cs:147)
Mujoco.MjImporterWithAssets:ParseRoot (UnityEngine.GameObject,System.Xml.XmlElement) (at ./Library/PackageCache/org.mujoco@72cb2b210d/Editor/Importer/MjImporterWithAssets.cs:91)
Mujoco.MjcfImporter:ImportXml (System.Xml.XmlDocument,string) (at ./Library/PackageCache/org.mujoco@72cb2b210d/Runtime/Importer/MjcfImporter.cs:100)
Mujoco.MjImporterWithAssets:ImportString (string,string,string) (at ./Library/PackageCache/org.mujoco@72cb2b210d/Editor/Importer/MjImporterWithAssets.cs:75)
Asimov.UnityMujoco.Editor.MjcfEpisodeSceneGenerator:ImportExpandedEpisodeScene (Asimov.UnityMujoco.EpisodeConfig,string) (at Assets/AsimovMujoco/Editor/MjcfEpisodeSceneGenerator.cs:128)
Asimov.UnityMujoco.Editor.MjcfEpisodeSceneGenerator:ImportEpisodeScene (Asimov.UnityMujoco.EpisodeConfig) (at Assets/AsimovMujoco/Editor/MjcfEpisodeSceneGenerator.cs:96)
Asimov.UnityMujoco.Editor.MjcfEpisodeSceneGenerator:ImportAllEpisodeScenes () (at Assets/AsimovMujoco/Editor/MjcfEpisodeSceneGenerator.cs:56)
Asimov.UnityMujoco.Editor.MjcfEpisodeSceneGenerator:BootstrapProject () (at Assets/AsimovMujoco/Editor/MjcfEpisodeSceneGenerator.cs:29)

(Filename: ./Library/PackageCache/org.mujoco@72cb2b210d/Runtime/Importer/MjcfImporter.cs Line: 293)

The importer does not yet support sensor <jointactuatorfrc>.
UnityEngine.StackTraceUtility:ExtractStackTrace () (at /home/bokken/build/output/unity/unity/Runtime/Export/Scripting/StackTrace.cs:37)
UnityEngine.DebugLogHandler:LogFormat (UnityEngine.LogType,UnityEngine.Object,string,object[])
UnityEngine.Logger:Log (UnityEngine.LogType,object)
UnityEngine.Debug:Log (object)
Mujoco.MjcfImporter:ParseSensorType (System.Xml.XmlElement) (at ./Library/PackageCache/org.mujoco@72cb2b210d/Runtime/Importer/MjcfImporter.cs:398)
Mujoco.MjcfImporter:ParseRoot (UnityEngine.GameObject,System.Xml.XmlElement) (at ./Library/PackageCache/org.mujoco@72cb2b210d/Runtime/Importer/MjcfImporter.cs:208)
Mujoco.MjImporterWithAssets:ParseRoot (UnityEngine.GameObject,System.Xml.XmlElement) (at ./Library/PackageCache/org.mujoco@72cb2b210d/Editor/Importer/MjImporterWithAssets.cs:91)
Mujoco.MjcfImporter:ImportXml (System.Xml.XmlDocument,string) (at ./Library/PackageCache/org.mujoco@72cb2b210d/Runtime/Importer/MjcfImporter.cs:100)
Mujoco.MjImporterWithAssets:ImportString (string,string,string) (at ./Library/PackageCache/org.mujoco@72cb2b210d/Editor/Importer/MjImporterWithAssets.cs:75)
Asimov.UnityMujoco.Editor.MjcfEpisodeSceneGenerator:ImportExpandedEpisodeScene (Asimov.UnityMujoco.EpisodeConfig,string) (at Assets/AsimovMujoco/Editor/MjcfEpisodeSceneGenerator.cs:128)
Asimov.UnityMujoco.Editor.MjcfEpisodeSceneGenerator:ImportEpisodeScene (Asimov.UnityMujoco.EpisodeConfig) (at Assets/AsimovMujoco/Editor/MjcfEpisodeSceneGenerator.cs:96)
Asimov.UnityMujoco.Editor.MjcfEpisodeSceneGenerator:ImportAllEpisodeScenes () (at Assets/AsimovMujoco/Editor/MjcfEpisodeSceneGenerator.cs:56)
Asimov.UnityMujoco.Editor.MjcfEpisodeSceneGenerator:BootstrapProject () (at Assets/AsimovMujoco/Editor/MjcfEpisodeSceneGenerator.cs:29)

(Filename: ./Library/PackageCache/org.mujoco@72cb2b210d/Runtime/Importer/MjcfImporter.cs Line: 398)

The importer does not yet support sensor <jointactuatorfrc>.
UnityEngine.StackTraceUtility:ExtractStackTrace () (at /home/bokken/build/output/unity/unity/Runtime/Export/Scripting/StackTrace.cs:37)
UnityEngine.DebugLogHandler:LogFormat (UnityEngine.LogType,UnityEngine.Object,string,object[])
UnityEngine.Logger:Log (UnityEngine.LogType,object)
UnityEngine.Debug:Log (object)
Mujoco.MjcfImporter:ParseSensorType (System.Xml.XmlElement) (at ./Library/PackageCache/org.mujoco@72cb2b210d/Runtime/Importer/MjcfImporter.cs:398)
Mujoco.MjcfImporter:ParseRoot (UnityEngine.GameObject,System.Xml.XmlElement) (at ./Library/PackageCache/org.mujoco@72cb2b210d/Runtime/Importer/MjcfImporter.cs:208)
Mujoco.MjImporterWithAssets:ParseRoot (UnityEngine.GameObject,System.Xml.XmlElement) (at ./Library/PackageCache/org.mujoco@72cb2b210d/Editor/Importer/MjImporterWithAssets.cs:91)
Mujoco.MjcfImporter:ImportXml (System.Xml.XmlDocument,string) (at ./Library/PackageCache/org.mujoco@72cb2b210d/Runtime/Importer/MjcfImporter.cs:100)
Mujoco.MjImporterWithAssets:ImportString (string,string,string) (at ./Library/PackageCache/org.mujoco@72cb2b210d/Editor/Importer/MjImporterWithAssets.cs:75)
Asimov.UnityMujoco.Editor.MjcfEpisodeSceneGenerator:ImportExpandedEpisodeScene (Asimov.UnityMujoco.EpisodeConfig,string) (at Assets/AsimovMujoco/Editor/MjcfEpisodeSceneGenerator.cs:128)
Asimov.UnityMujoco.Editor.MjcfEpisodeSceneGenerator:ImportEpisodeScene (Asimov.UnityMujoco.EpisodeConfig) (at Assets/AsimovMujoco/Editor/MjcfEpisodeSceneGenerator.cs:96)
Asimov.UnityMujoco.Editor.MjcfEpisodeSceneGenerator:ImportAllEpisodeScenes () (at Assets/AsimovMujoco/Editor/MjcfEpisodeSceneGenerator.cs:56)
Asimov.UnityMujoco.Editor.MjcfEpisodeSceneGenerator:BootstrapProject () (at Assets/AsimovMujoco/Editor/MjcfEpisodeSceneGenerator.cs:29)

(Filename: ./Library/PackageCache/org.mujoco@72cb2b210d/Runtime/Importer/MjcfImporter.cs Line: 398)

The importer does not yet support sensor <jointactuatorfrc>.
UnityEngine.StackTraceUtility:ExtractStackTrace () (at /home/bokken/build/output/unity/unity/Runtime/Export/Scripting/StackTrace.cs:37)
UnityEngine.DebugLogHandler:LogFormat (UnityEngine.LogType,UnityEngine.Object,string,object[])
UnityEngine.Logger:Log (UnityEngine.LogType,object)
UnityEngine.Debug:Log (object)
Mujoco.MjcfImporter:ParseSensorType (System.Xml.XmlElement) (at ./Library/PackageCache/org.mujoco@72cb2b210d/Runtime/Importer/MjcfImporter.cs:398)
Mujoco.MjcfImporter:ParseRoot (UnityEngine.GameObject,System.Xml.XmlElement) (at ./Library/PackageCache/org.mujoco@72cb2b210d/Runtime/Importer/MjcfImporter.cs:208)
Mujoco.MjImporterWithAssets:ParseRoot (UnityEngine.GameObject,System.Xml.XmlElement) (at ./Library/PackageCache/org.mujoco@72cb2b210d/Editor/Importer/MjImporterWithAssets.cs:91)
Mujoco.MjcfImporter:ImportXml (System.Xml.XmlDocument,string) (at ./Library/PackageCache/org.mujoco@72cb2b210d/Runtime/Importer/MjcfImporter.cs:100)
Mujoco.MjImporterWithAssets:ImportString (string,string,string) (at ./Library/PackageCache/org.mujoco@72cb2b210d/Editor/Importer/MjImporterWithAssets.cs:75)
Asimov.UnityMujoco.Editor.MjcfEpisodeSceneGenerator:ImportExpandedEpisodeScene (Asimov.UnityMujoco.EpisodeConfig,string) (at Assets/AsimovMujoco/Editor/MjcfEpisodeSceneGenerator.cs:128)
Asimov.UnityMujoco.Editor.MjcfEpisodeSceneGenerator:ImportEpisodeScene (Asimov.UnityMujoco.EpisodeConfig) (at Assets/AsimovMujoco/Editor/MjcfEpisodeSceneGenerator.cs:96)
Asimov.UnityMujoco.Editor.MjcfEpisodeSceneGenerator:ImportAllEpisodeScenes () (at Assets/AsimovMujoco/Editor/MjcfEpisodeSceneGenerator.cs:56)
Asimov.UnityMujoco.Editor.MjcfEpisodeSceneGenerator:BootstrapProject () (at Assets/AsimovMujoco/Editor/MjcfEpisodeSceneGenerator.cs:29)

(Filename: ./Library/PackageCache/org.mujoco@72cb2b210d/Runtime/Importer/MjcfImporter.cs Line: 398)

The importer does not yet support sensor <jointactuatorfrc>.
UnityEngine.StackTraceUtility:ExtractStackTrace () (at /home/bokken/build/output/unity/unity/Runtime/Export/Scripting/StackTrace.cs:37)
UnityEngine.DebugLogHandler:LogFormat (UnityEngine.LogType,UnityEngine.Object,string,object[])
UnityEngine.Logger:Log (UnityEngine.LogType,object)
UnityEngine.Debug:Log (object)
Mujoco.MjcfImporter:ParseSensorType (System.Xml.XmlElement) (at ./Library/PackageCache/org.mujoco@72cb2b210d/Runtime/Importer/MjcfImporter.cs:398)
Mujoco.MjcfImporter:ParseRoot (UnityEngine.GameObject,System.Xml.XmlElement) (at ./Library/PackageCache/org.mujoco@72cb2b210d/Runtime/Importer/MjcfImporter.cs:208)
Mujoco.MjImporterWithAssets:ParseRoot (UnityEngine.GameObject,System.Xml.XmlElement) (at ./Library/PackageCache/org.mujoco@72cb2b210d/Editor/Importer/MjImporterWithAssets.cs:91)
Mujoco.MjcfImporter:ImportXml (System.Xml.XmlDocument,string) (at ./Library/PackageCache/org.mujoco@72cb2b210d/Runtime/Importer/MjcfImporter.cs:100)
Mujoco.MjImporterWithAssets:ImportString (string,string,string) (at ./Library/PackageCache/org.mujoco@72cb2b210d/Editor/Importer/MjImporterWithAssets.cs:75)
Asimov.UnityMujoco.Editor.MjcfEpisodeSceneGenerator:ImportExpandedEpisodeScene (Asimov.UnityMujoco.EpisodeConfig,string) (at Assets/AsimovMujoco/Editor/MjcfEpisodeSceneGenerator.cs:128)
Asimov.UnityMujoco.Editor.MjcfEpisodeSceneGenerator:ImportEpisodeScene (Asimov.UnityMujoco.EpisodeConfig) (at Assets/AsimovMujoco/Editor/MjcfEpisodeSceneGenerator.cs:96)
Asimov.UnityMujoco.Editor.MjcfEpisodeSceneGenerator:ImportAllEpisodeScenes () (at Assets/AsimovMujoco/Editor/MjcfEpisodeSceneGenerator.cs:56)
Asimov.UnityMujoco.Editor.MjcfEpisodeSceneGenerator:BootstrapProject () (at Assets/AsimovMujoco/Editor/MjcfEpisodeSceneGenerator.cs:29)

(Filename: ./Library/PackageCache/org.mujoco@72cb2b210d/Runtime/Importer/MjcfImporter.cs Line: 398)

The importer does not yet support sensor <jointactuatorfrc>.
UnityEngine.StackTraceUtility:ExtractStackTrace () (at /home/bokken/build/output/unity/unity/Runtime/Export/Scripting/StackTrace.cs:37)
UnityEngine.DebugLogHandler:LogFormat (UnityEngine.LogType,UnityEngine.Object,string,object[])
UnityEngine.Logger:Log (UnityEngine.LogType,object)
UnityEngine.Debug:Log (object)
Mujoco.MjcfImporter:ParseSensorType (System.Xml.XmlElement) (at ./Library/PackageCache/org.mujoco@72cb2b210d/Runtime/Importer/MjcfImporter.cs:398)
Mujoco.MjcfImporter:ParseRoot (UnityEngine.GameObject,System.Xml.XmlElement) (at ./Library/PackageCache/org.mujoco@72cb2b210d/Runtime/Importer/MjcfImporter.cs:208)
Mujoco.MjImporterWithAssets:ParseRoot (UnityEngine.GameObject,System.Xml.XmlElement) (at ./Library/PackageCache/org.mujoco@72cb2b210d/Editor/Importer/MjImporterWithAssets.cs:91)
Mujoco.MjcfImporter:ImportXml (System.Xml.XmlDocument,string) (at ./Library/PackageCache/org.mujoco@72cb2b210d/Runtime/Importer/MjcfImporter.cs:100)
Mujoco.MjImporterWithAssets:ImportString (string,string,string) (at ./Library/PackageCache/org.mujoco@72cb2b210d/Editor/Importer/MjImporterWithAssets.cs:75)
Asimov.UnityMujoco.Editor.MjcfEpisodeSceneGenerator:ImportExpandedEpisodeScene (Asimov.UnityMujoco.EpisodeConfig,string) (at Assets/AsimovMujoco/Editor/MjcfEpisodeSceneGenerator.cs:128)
Asimov.UnityMujoco.Editor.MjcfEpisodeSceneGenerator:ImportEpisodeScene (Asimov.UnityMujoco.EpisodeConfig) (at Assets/AsimovMujoco/Editor/MjcfEpisodeSceneGenerator.cs:96)
Asimov.UnityMujoco.Editor.MjcfEpisodeSceneGenerator:ImportAllEpisodeScenes () (at Assets/AsimovMujoco/Editor/MjcfEpisodeSceneGenerator.cs:56)
Asimov.UnityMujoco.Editor.MjcfEpisodeSceneGenerator:BootstrapProject () (at Assets/AsimovMujoco/Editor/MjcfEpisodeSceneGenerator.cs:29)

(Filename: ./Library/PackageCache/org.mujoco@72cb2b210d/Runtime/Importer/MjcfImporter.cs Line: 398)

The importer does not yet support sensor <jointactuatorfrc>.
UnityEngine.StackTraceUtility:ExtractStackTrace () (at /home/bokken/build/output/unity/unity/Runtime/Export/Scripting/StackTrace.cs:37)
UnityEngine.DebugLogHandler:LogFormat (UnityEngine.LogType,UnityEngine.Object,string,object[])
UnityEngine.Logger:Log (UnityEngine.LogType,object)
UnityEngine.Debug:Log (object)
Mujoco.MjcfImporter:ParseSensorType (System.Xml.XmlElement) (at ./Library/PackageCache/org.mujoco@72cb2b210d/Runtime/Importer/MjcfImporter.cs:398)
Mujoco.MjcfImporter:ParseRoot (UnityEngine.GameObject,System.Xml.XmlElement) (at ./Library/PackageCache/org.mujoco@72cb2b210d/Runtime/Importer/MjcfImporter.cs:208)
Mujoco.MjImporterWithAssets:ParseRoot (UnityEngine.GameObject,System.Xml.XmlElement) (at ./Library/PackageCache/org.mujoco@72cb2b210d/Editor/Importer/MjImporterWithAssets.cs:91)
Mujoco.MjcfImporter:ImportXml (System.Xml.XmlDocument,string) (at ./Library/PackageCache/org.mujoco@72cb2b210d/Runtime/Importer/MjcfImporter.cs:100)
Mujoco.MjImporterWithAssets:ImportString (string,string,string) (at ./Library/PackageCache/org.mujoco@72cb2b210d/Editor/Importer/MjImporterWithAssets.cs:75)
Asimov.UnityMujoco.Editor.MjcfEpisodeSceneGenerator:ImportExpandedEpisodeScene (Asimov.UnityMujoco.EpisodeConfig,string) (at Assets/AsimovMujoco/Editor/MjcfEpisodeSceneGenerator.cs:128)
Asimov.UnityMujoco.Editor.MjcfEpisodeSceneGenerator:ImportEpisodeScene (Asimov.UnityMujoco.EpisodeConfig) (at Assets/AsimovMujoco/Editor/MjcfEpisodeSceneGenerator.cs:96)
Asimov.UnityMujoco.Editor.MjcfEpisodeSceneGenerator:ImportAllEpisodeScenes () (at Assets/AsimovMujoco/Editor/MjcfEpisodeSceneGenerator.cs:56)
Asimov.UnityMujoco.Editor.MjcfEpisodeSceneGenerator:BootstrapProject () (at Assets/AsimovMujoco/Editor/MjcfEpisodeSceneGenerator.cs:29)

(Filename: ./Library/PackageCache/org.mujoco@72cb2b210d/Runtime/Importer/MjcfImporter.cs Line: 398)

The importer does not yet support sensor <jointactuatorfrc>.
UnityEngine.StackTraceUtility:ExtractStackTrace () (at /home/bokken/build/output/unity/unity/Runtime/Export/Scripting/StackTrace.cs:37)
UnityEngine.DebugLogHandler:LogFormat (UnityEngine.LogType,UnityEngine.Object,string,object[])
UnityEngine.Logger:Log (UnityEngine.LogType,object)
UnityEngine.Debug:Log (object)
Mujoco.MjcfImporter:ParseSensorType (System.Xml.XmlElement) (at ./Library/PackageCache/org.mujoco@72cb2b210d/Runtime/Importer/MjcfImporter.cs:398)
Mujoco.MjcfImporter:ParseRoot (UnityEngine.GameObject,System.Xml.XmlElement) (at ./Library/PackageCache/org.mujoco@72cb2b210d/Runtime/Importer/MjcfImporter.cs:208)
Mujoco.MjImporterWithAssets:ParseRoot (UnityEngine.GameObject,System.Xml.XmlElement) (at ./Library/PackageCache/org.mujoco@72cb2b210d/Editor/Importer/MjImporterWithAssets.cs:91)
Mujoco.MjcfImporter:ImportXml (System.Xml.XmlDocument,string) (at ./Library/PackageCache/org.mujoco@72cb2b210d/Runtime/Importer/MjcfImporter.cs:100)
Mujoco.MjImporterWithAssets:ImportString (string,string,string) (at ./Library/PackageCache/org.mujoco@72cb2b210d/Editor/Importer/MjImporterWithAssets.cs:75)
Asimov.UnityMujoco.Editor.MjcfEpisodeSceneGenerator:ImportExpandedEpisodeScene (Asimov.UnityMujoco.EpisodeConfig,string) (at Assets/AsimovMujoco/Editor/MjcfEpisodeSceneGenerator.cs:128)
Asimov.UnityMujoco.Editor.MjcfEpisodeSceneGenerator:ImportEpisodeScene (Asimov.UnityMujoco.EpisodeConfig) (at Assets/AsimovMujoco/Editor/MjcfEpisodeSceneGenerator.cs:96)
Asimov.UnityMujoco.Editor.MjcfEpisodeSceneGenerator:ImportAllEpisodeScenes () (at Assets/AsimovMujoco/Editor/MjcfEpisodeSceneGenerator.cs:56)
Asimov.UnityMujoco.Editor.MjcfEpisodeSceneGenerator:BootstrapProject () (at Assets/AsimovMujoco/Editor/MjcfEpisodeSceneGenerator.cs:29)

(Filename: ./Library/PackageCache/org.mujoco@72cb2b210d/Runtime/Importer/MjcfImporter.cs Line: 398)

The importer does not yet support sensor <jointactuatorfrc>.
UnityEngine.StackTraceUtility:ExtractStackTrace () (at /home/bokken/build/output/unity/unity/Runtime/Export/Scripting/StackTrace.cs:37)
UnityEngine.DebugLogHandler:LogFormat (UnityEngine.LogType,UnityEngine.Object,string,object[])
UnityEngine.Logger:Log (UnityEngine.LogType,object)
UnityEngine.Debug:Log (object)
Mujoco.MjcfImporter:ParseSensorType (System.Xml.XmlElement) (at ./Library/PackageCache/org.mujoco@72cb2b210d/Runtime/Importer/MjcfImporter.cs:398)
Mujoco.MjcfImporter:ParseRoot (UnityEngine.GameObject,System.Xml.XmlElement) (at ./Library/PackageCache/org.mujoco@72cb2b210d/Runtime/Importer/MjcfImporter.cs:208)
Mujoco.MjImporterWithAssets:ParseRoot (UnityEngine.GameObject,System.Xml.XmlElement) (at ./Library/PackageCache/org.mujoco@72cb2b210d/Editor/Importer/MjImporterWithAssets.cs:91)
Mujoco.MjcfImporter:ImportXml (System.Xml.XmlDocument,string) (at ./Library/PackageCache/org.mujoco@72cb2b210d/Runtime/Importer/MjcfImporter.cs:100)
Mujoco.MjImporterWithAssets:ImportString (string,string,string) (at ./Library/PackageCache/org.mujoco@72cb2b210d/Editor/Importer/MjImporterWithAssets.cs:75)
Asimov.UnityMujoco.Editor.MjcfEpisodeSceneGenerator:ImportExpandedEpisodeScene (Asimov.UnityMujoco.EpisodeConfig,string) (at Assets/AsimovMujoco/Editor/MjcfEpisodeSceneGenerator.cs:128)
Asimov.UnityMujoco.Editor.MjcfEpisodeSceneGenerator:ImportEpisodeScene (Asimov.UnityMujoco.EpisodeConfig) (at Assets/AsimovMujoco/Editor/MjcfEpisodeSceneGenerator.cs:96)
Asimov.UnityMujoco.Editor.MjcfEpisodeSceneGenerator:ImportAllEpisodeScenes () (at Assets/AsimovMujoco/Editor/MjcfEpisodeSceneGenerator.cs:56)
Asimov.UnityMujoco.Editor.MjcfEpisodeSceneGenerator:BootstrapProject () (at Assets/AsimovMujoco/Editor/MjcfEpisodeSceneGenerator.cs:29)

(Filename: ./Library/PackageCache/org.mujoco@72cb2b210d/Runtime/Importer/MjcfImporter.cs Line: 398)

The importer does not yet support sensor <jointactuatorfrc>.
UnityEngine.StackTraceUtility:ExtractStackTrace () (at /home/bokken/build/output/unity/unity/Runtime/Export/Scripting/StackTrace.cs:37)
UnityEngine.DebugLogHandler:LogFormat (UnityEngine.LogType,UnityEngine.Object,string,object[])
UnityEngine.Logger:Log (UnityEngine.LogType,object)
UnityEngine.Debug:Log (object)
Mujoco.MjcfImporter:ParseSensorType (System.Xml.XmlElement) (at ./Library/PackageCache/org.mujoco@72cb2b210d/Runtime/Importer/MjcfImporter.cs:398)
Mujoco.MjcfImporter:ParseRoot (UnityEngine.GameObject,System.Xml.XmlElement) (at ./Library/PackageCache/org.mujoco@72cb2b210d/Runtime/Importer/MjcfImporter.cs:208)
Mujoco.MjImporterWithAssets:ParseRoot (UnityEngine.GameObject,System.Xml.XmlElement) (at ./Library/PackageCache/org.mujoco@72cb2b210d/Editor/Importer/MjImporterWithAssets.cs:91)
Mujoco.MjcfImporter:ImportXml (System.Xml.XmlDocument,string) (at ./Library/PackageCache/org.mujoco@72cb2b210d/Runtime/Importer/MjcfImporter.cs:100)
Mujoco.MjImporterWithAssets:ImportString (string,string,string) (at ./Library/PackageCache/org.mujoco@72cb2b210d/Editor/Importer/MjImporterWithAssets.cs:75)
Asimov.UnityMujoco.Editor.MjcfEpisodeSceneGenerator:ImportExpandedEpisodeScene (Asimov.UnityMujoco.EpisodeConfig,string) (at Assets/AsimovMujoco/Editor/MjcfEpisodeSceneGenerator.cs:128)
Asimov.UnityMujoco.Editor.MjcfEpisodeSceneGenerator:ImportEpisodeScene (Asimov.UnityMujoco.EpisodeConfig) (at Assets/AsimovMujoco/Editor/MjcfEpisodeSceneGenerator.cs:96)
Asimov.UnityMujoco.Editor.MjcfEpisodeSceneGenerator:ImportAllEpisodeScenes () (at Assets/AsimovMujoco/Editor/MjcfEpisodeSceneGenerator.cs:56)
Asimov.UnityMujoco.Editor.MjcfEpisodeSceneGenerator:BootstrapProject () (at Assets/AsimovMujoco/Editor/MjcfEpisodeSceneGenerator.cs:29)

(Filename: ./Library/PackageCache/org.mujoco@72cb2b210d/Runtime/Importer/MjcfImporter.cs Line: 398)

The importer does not yet support sensor <jointactuatorfrc>.
UnityEngine.StackTraceUtility:ExtractStackTrace () (at /home/bokken/build/output/unity/unity/Runtime/Export/Scripting/StackTrace.cs:37)
UnityEngine.DebugLogHandler:LogFormat (UnityEngine.LogType,UnityEngine.Object,string,object[])
UnityEngine.Logger:Log (UnityEngine.LogType,object)
UnityEngine.Debug:Log (object)
Mujoco.MjcfImporter:ParseSensorType (System.Xml.XmlElement) (at ./Library/PackageCache/org.mujoco@72cb2b210d/Runtime/Importer/MjcfImporter.cs:398)
Mujoco.MjcfImporter:ParseRoot (UnityEngine.GameObject,System.Xml.XmlElement) (at ./Library/PackageCache/org.mujoco@72cb2b210d/Runtime/Importer/MjcfImporter.cs:208)
Mujoco.MjImporterWithAssets:ParseRoot (UnityEngine.GameObject,System.Xml.XmlElement) (at ./Library/PackageCache/org.mujoco@72cb2b210d/Editor/Importer/MjImporterWithAssets.cs:91)
Mujoco.MjcfImporter:ImportXml (System.Xml.XmlDocument,string) (at ./Library/PackageCache/org.mujoco@72cb2b210d/Runtime/Importer/MjcfImporter.cs:100)
Mujoco.MjImporterWithAssets:ImportString (string,string,string) (at ./Library/PackageCache/org.mujoco@72cb2b210d/Editor/Importer/MjImporterWithAssets.cs:75)
Asimov.UnityMujoco.Editor.MjcfEpisodeSceneGenerator:ImportExpandedEpisodeScene (Asimov.UnityMujoco.EpisodeConfig,string) (at Assets/AsimovMujoco/Editor/MjcfEpisodeSceneGenerator.cs:128)
Asimov.UnityMujoco.Editor.MjcfEpisodeSceneGenerator:ImportEpisodeScene (Asimov.UnityMujoco.EpisodeConfig) (at Assets/AsimovMujoco/Editor/MjcfEpisodeSceneGenerator.cs:96)
Asimov.UnityMujoco.Editor.MjcfEpisodeSceneGenerator:ImportAllEpisodeScenes () (at Assets/AsimovMujoco/Editor/MjcfEpisodeSceneGenerator.cs:56)
Asimov.UnityMujoco.Editor.MjcfEpisodeSceneGenerator:BootstrapProject () (at Assets/AsimovMujoco/Editor/MjcfEpisodeSceneGenerator.cs:29)

(Filename: ./Library/PackageCache/org.mujoco@72cb2b210d/Runtime/Importer/MjcfImporter.cs Line: 398)

The importer does not yet support sensor <jointactuatorfrc>.
UnityEngine.StackTraceUtility:ExtractStackTrace () (at /home/bokken/build/output/unity/unity/Runtime/Export/Scripting/StackTrace.cs:37)
UnityEngine.DebugLogHandler:LogFormat (UnityEngine.LogType,UnityEngine.Object,string,object[])
UnityEngine.Logger:Log (UnityEngine.LogType,object)
UnityEngine.Debug:Log (object)
Mujoco.MjcfImporter:ParseSensorType (System.Xml.XmlElement) (at ./Library/PackageCache/org.mujoco@72cb2b210d/Runtime/Importer/MjcfImporter.cs:398)
Mujoco.MjcfImporter:ParseRoot (UnityEngine.GameObject,System.Xml.XmlElement) (at ./Library/PackageCache/org.mujoco@72cb2b210d/Runtime/Importer/MjcfImporter.cs:208)
Mujoco.MjImporterWithAssets:ParseRoot (UnityEngine.GameObject,System.Xml.XmlElement) (at ./Library/PackageCache/org.mujoco@72cb2b210d/Editor/Importer/MjImporterWithAssets.cs:91)
Mujoco.MjcfImporter:ImportXml (System.Xml.XmlDocument,string) (at ./Library/PackageCache/org.mujoco@72cb2b210d/Runtime/Importer/MjcfImporter.cs:100)
Mujoco.MjImporterWithAssets:ImportString (string,string,string) (at ./Library/PackageCache/org.mujoco@72cb2b210d/Editor/Importer/MjImporterWithAssets.cs:75)
Asimov.UnityMujoco.Editor.MjcfEpisodeSceneGenerator:ImportExpandedEpisodeScene (Asimov.UnityMujoco.EpisodeConfig,string) (at Assets/AsimovMujoco/Editor/MjcfEpisodeSceneGenerator.cs:128)
Asimov.UnityMujoco.Editor.MjcfEpisodeSceneGenerator:ImportEpisodeScene (Asimov.UnityMujoco.EpisodeConfig) (at Assets/AsimovMujoco/Editor/MjcfEpisodeSceneGenerator.cs:96)
Asimov.UnityMujoco.Editor.MjcfEpisodeSceneGenerator:ImportAllEpisodeScenes () (at Assets/AsimovMujoco/Editor/MjcfEpisodeSceneGenerator.cs:56)
Asimov.UnityMujoco.Editor.MjcfEpisodeSceneGenerator:BootstrapProject () (at Assets/AsimovMujoco/Editor/MjcfEpisodeSceneGenerator.cs:29)

(Filename: ./Library/PackageCache/org.mujoco@72cb2b210d/Runtime/Importer/MjcfImporter.cs Line: 398)

The importer does not yet support sensor <jointactuatorfrc>.
UnityEngine.StackTraceUtility:ExtractStackTrace () (at /home/bokken/build/output/unity/unity/Runtime/Export/Scripting/StackTrace.cs:37)
UnityEngine.DebugLogHandler:LogFormat (UnityEngine.LogType,UnityEngine.Object,string,object[])
UnityEngine.Logger:Log (UnityEngine.LogType,object)
UnityEngine.Debug:Log (object)
Mujoco.MjcfImporter:ParseSensorType (System.Xml.XmlElement) (at ./Library/PackageCache/org.mujoco@72cb2b210d/Runtime/Importer/MjcfImporter.cs:398)
Mujoco.MjcfImporter:ParseRoot (UnityEngine.GameObject,System.Xml.XmlElement) (at ./Library/PackageCache/org.mujoco@72cb2b210d/Runtime/Importer/MjcfImporter.cs:208)
Mujoco.MjImporterWithAssets:ParseRoot (UnityEngine.GameObject,System.Xml.XmlElement) (at ./Library/PackageCache/org.mujoco@72cb2b210d/Editor/Importer/MjImporterWithAssets.cs:91)
Mujoco.MjcfImporter:ImportXml (System.Xml.XmlDocument,string) (at ./Library/PackageCache/org.mujoco@72cb2b210d/Runtime/Importer/MjcfImporter.cs:100)
Mujoco.MjImporterWithAssets:ImportString (string,string,string) (at ./Library/PackageCache/org.mujoco@72cb2b210d/Editor/Importer/MjImporterWithAssets.cs:75)
Asimov.UnityMujoco.Editor.MjcfEpisodeSceneGenerator:ImportExpandedEpisodeScene (Asimov.UnityMujoco.EpisodeConfig,string) (at Assets/AsimovMujoco/Editor/MjcfEpisodeSceneGenerator.cs:128)
Asimov.UnityMujoco.Editor.MjcfEpisodeSceneGenerator:ImportEpisodeScene (Asimov.UnityMujoco.EpisodeConfig) (at Assets/AsimovMujoco/Editor/MjcfEpisodeSceneGenerator.cs:96)
Asimov.UnityMujoco.Editor.MjcfEpisodeSceneGenerator:ImportAllEpisodeScenes () (at Assets/AsimovMujoco/Editor/MjcfEpisodeSceneGenerator.cs:56)
Asimov.UnityMujoco.Editor.MjcfEpisodeSceneGenerator:BootstrapProject () (at Assets/AsimovMujoco/Editor/MjcfEpisodeSceneGenerator.cs:29)

(Filename: ./Library/PackageCache/org.mujoco@72cb2b210d/Runtime/Importer/MjcfImporter.cs Line: 398)

Start importing Assets/AsimovMujoco/Scenes/go2_lateral_open.unity using Guid(88ff3d71a65d61e208f4f499e9dcdbbd) Importer(-1,00000000000000000000000000000000) [PhysX] Initialized MultithreadedTaskDispatcher with 22 workers.
 -> (artifact id: '28568a9b70d157b7dbfcae02bd6006f9') in 0.000546 seconds
Refreshing native plugins compatible for Editor in 0.06 ms, found 0 plugins.
Preloading 0 native plugins for Editor in 0.00 ms.
Asset Pipeline Refresh (id=85121b136362315e29ae4f5c36b07ded): Total: 0.007 seconds - Initiated by StopAssetImportingV2(NoUpdateAssetOptions)
Created imported MuJoCo episode scene Assets/AsimovMujoco/Scenes/go2_lateral_open.unity
UnityEngine.StackTraceUtility:ExtractStackTrace () (at /home/bokken/build/output/unity/unity/Runtime/Export/Scripting/StackTrace.cs:37)
UnityEngine.DebugLogHandler:LogFormat (UnityEngine.LogType,UnityEngine.Object,string,object[])
UnityEngine.Logger:Log (UnityEngine.LogType,object)
UnityEngine.Debug:Log (object)
Asimov.UnityMujoco.Editor.MjcfEpisodeSceneGenerator:ImportEpisodeScene (Asimov.UnityMujoco.EpisodeConfig) (at Assets/AsimovMujoco/Editor/MjcfEpisodeSceneGenerator.cs:121)
Asimov.UnityMujoco.Editor.MjcfEpisodeSceneGenerator:ImportAllEpisodeScenes () (at Assets/AsimovMujoco/Editor/MjcfEpisodeSceneGenerator.cs:56)
Asimov.UnityMujoco.Editor.MjcfEpisodeSceneGenerator:BootstrapProject () (at Assets/AsimovMujoco/Editor/MjcfEpisodeSceneGenerator.cs:29)

(Filename: Assets/AsimovMujoco/Editor/MjcfEpisodeSceneGenerator.cs Line: 121)

[PhysX] Initialized MultithreadedTaskDispatcher with 22 workers.
Unloading 1 Unused Serialized files (Serialized files now loaded: 0)
Unloading 181 unused Assets / (212.1 KB). Loaded Objects now: 1250.
Memory consumption went from 88.0 MB to 87.8 MB.
Total: 2.983472 ms (FindLiveObjects: 0.045089 ms CreateObjectMapping: 0.012674 ms MarkObjects: 2.759241 ms  DeleteObjects: 0.165576 ms)

Meshes locations: source = /home/luis/palingenesys/asimovbm/unity_mujoco_slam/Assets/AsimovMujoco/GeneratedMjcf/../../../../g1_slam/third_party/unitree_mujoco/unitree_robots/go2/assets, target = /home/luis/palingenesys/asimovbm/unity_mujoco_slam/Assets/Local/MjImports/go2_lateral_static_dynamic_obstacles_imported/Resources
UnityEngine.StackTraceUtility:ExtractStackTrace () (at /home/bokken/build/output/unity/unity/Runtime/Export/Scripting/StackTrace.cs:37)
UnityEngine.DebugLogHandler:LogFormat (UnityEngine.LogType,UnityEngine.Object,string,object[])
UnityEngine.Logger:Log (UnityEngine.LogType,object)
UnityEngine.Debug:Log (object)
Mujoco.MjImporterWithAssets:ConfigureMeshPath (string,string,System.Xml.XmlDocument) (at ./Library/PackageCache/org.mujoco@72cb2b210d/Editor/Importer/MjImporterWithAssets.cs:119)
Mujoco.MjImporterWithAssets:ImportString (string,string,string) (at ./Library/PackageCache/org.mujoco@72cb2b210d/Editor/Importer/MjImporterWithAssets.cs:72)
Asimov.UnityMujoco.Editor.MjcfEpisodeSceneGenerator:ImportExpandedEpisodeScene (Asimov.UnityMujoco.EpisodeConfig,string) (at Assets/AsimovMujoco/Editor/MjcfEpisodeSceneGenerator.cs:128)
Asimov.UnityMujoco.Editor.MjcfEpisodeSceneGenerator:ImportEpisodeScene (Asimov.UnityMujoco.EpisodeConfig) (at Assets/AsimovMujoco/Editor/MjcfEpisodeSceneGenerator.cs:96)
Asimov.UnityMujoco.Editor.MjcfEpisodeSceneGenerator:ImportAllEpisodeScenes () (at Assets/AsimovMujoco/Editor/MjcfEpisodeSceneGenerator.cs:56)
Asimov.UnityMujoco.Editor.MjcfEpisodeSceneGenerator:BootstrapProject () (at Assets/AsimovMujoco/Editor/MjcfEpisodeSceneGenerator.cs:29)

(Filename: ./Library/PackageCache/org.mujoco@72cb2b210d/Editor/Importer/MjImporterWithAssets.cs Line: 119)

Start importing Assets/Local/MjImports/go2_lateral_static_dynamic_obstacles_imported using Guid(c218da53f3f0075da8a01def29e46ce0) Importer(-1,00000000000000000000000000000000) [PhysX] Initialized MultithreadedTaskDispatcher with 22 workers.
 -> (artifact id: '9085e640dcc7ea794bb5d3581d59c26f') in 0.000601 seconds
Start importing Assets/Local/MjImports/go2_lateral_static_dynamic_obstacles_imported/Resources using Guid(78a0b3758aef76204b722947a254c184) Importer(-1,00000000000000000000000000000000) [PhysX] Initialized MultithreadedTaskDispatcher with 22 workers.
 -> (artifact id: 'e302b1f5f41237f9cb85b2d560bf8c42') in 0.000445 seconds
Start importing Assets/Local/MjImports/go2_lateral_static_dynamic_obstacles_imported/Resources/base_0.obj using Guid(c911cf7c575235afc801b1f10933485b) Importer(-1,00000000000000000000000000000000) [PhysX] Initialized MultithreadedTaskDispatcher with 22 workers.
 -> (artifact id: '884d47ac851b6011ded0f2586a5200cc') in 0.037898 seconds
Refreshing native plugins compatible for Editor in 0.12 ms, found 0 plugins.
Preloading 0 native plugins for Editor in 0.00 ms.
Asset Pipeline Refresh (id=d44a3d29fe348c1faa4b6963b191a12a): Total: 0.047 seconds - Initiated by StopAssetImportingV2(NoUpdateAssetOptions)
Start importing Assets/Local/MjImports/go2_lateral_static_dynamic_obstacles_imported/Resources/base_0.obj using Guid(c911cf7c575235afc801b1f10933485b) Importer(-1,00000000000000000000000000000000) [PhysX] Initialized MultithreadedTaskDispatcher with 22 workers.
 -> (artifact id: '7f0f32579b947d49733b3d6e71dc485a') in 0.036945 seconds
Refreshing native plugins compatible for Editor in 0.13 ms, found 0 plugins.
Preloading 0 native plugins for Editor in 0.00 ms.
Asset Pipeline Refresh (id=79539385d566165948a13606779e9880): Total: 0.045 seconds - Initiated by StopAssetImportingV2(NoUpdateAssetOptions)
Start importing Assets/Local/MjImports/go2_lateral_static_dynamic_obstacles_imported/Resources/base_1.obj using Guid(6c7f66b6b6b15a4aa8f30a9342bccfa0) Importer(-1,00000000000000000000000000000000) [PhysX] Initialized MultithreadedTaskDispatcher with 22 workers.
 -> (artifact id: '257f1e745436c80b3576b069d87f33ec') in 0.020072 seconds
Refreshing native plugins compatible for Editor in 0.08 ms, found 0 plugins.
Preloading 0 native plugins for Editor in 0.00 ms.
Asset Pipeline Refresh (id=a75d8765d92ea8ad9aecae2eb3c93ae0): Total: 0.028 seconds - Initiated by StopAssetImportingV2(NoUpdateAssetOptions)
Start importing Assets/Local/MjImports/go2_lateral_static_dynamic_obstacles_imported/Resources/base_1.obj using Guid(6c7f66b6b6b15a4aa8f30a9342bccfa0) Importer(-1,00000000000000000000000000000000) [PhysX] Initialized MultithreadedTaskDispatcher with 22 workers.
 -> (artifact id: '7dace401707cceea4a55dca1a0f48bc0') in 0.019537 seconds
Refreshing native plugins compatible for Editor in 0.10 ms, found 0 plugins.
Preloading 0 native plugins for Editor in 0.00 ms.
Asset Pipeline Refresh (id=abbbe6e266707dd8f9ab0b04188c61be): Total: 0.026 seconds - Initiated by StopAssetImportingV2(NoUpdateAssetOptions)
Start importing Assets/Local/MjImports/go2_lateral_static_dynamic_obstacles_imported/Resources/base_2.obj using Guid(4508f59f93eecc897839aec0b5ed49f0) Importer(-1,00000000000000000000000000000000) [PhysX] Initialized MultithreadedTaskDispatcher with 22 workers.
 -> (artifact id: 'de6a6131bd949fef7004bc02925080b2') in 0.012585 seconds
Refreshing native plugins compatible for Editor in 0.07 ms, found 0 plugins.
Preloading 0 native plugins for Editor in 0.00 ms.
Asset Pipeline Refresh (id=dd2acca0b983e85f68ff4adaf6a8b640): Total: 0.017 seconds - Initiated by StopAssetImportingV2(NoUpdateAssetOptions)
Start importing Assets/Local/MjImports/go2_lateral_static_dynamic_obstacles_imported/Resources/base_2.obj using Guid(4508f59f93eecc897839aec0b5ed49f0) Importer(-1,00000000000000000000000000000000) [PhysX] Initialized MultithreadedTaskDispatcher with 22 workers.
 -> (artifact id: '3ce8cb5c8c6623183bd421bc53df08c5') in 0.012029 seconds
Refreshing native plugins compatible for Editor in 0.07 ms, found 0 plugins.
Preloading 0 native plugins for Editor in 0.00 ms.
Asset Pipeline Refresh (id=f89d875c90772f87db96d34405cd6052): Total: 0.017 seconds - Initiated by StopAssetImportingV2(NoUpdateAssetOptions)
Start importing Assets/Local/MjImports/go2_lateral_static_dynamic_obstacles_imported/Resources/base_3.obj using Guid(419532629a9914c3b934ec7332f01d3a) Importer(-1,00000000000000000000000000000000) [PhysX] Initialized MultithreadedTaskDispatcher with 22 workers.
 -> (artifact id: 'ed45742c4c3a82e50de9215e1ee5778b') in 0.014794 seconds
Refreshing native plugins compatible for Editor in 0.11 ms, found 0 plugins.
Preloading 0 native plugins for Editor in 0.00 ms.
Asset Pipeline Refresh (id=4b9060f9c274abfab9b1d2aeaa9bea1c): Total: 0.019 seconds - Initiated by StopAssetImportingV2(NoUpdateAssetOptions)
Start importing Assets/Local/MjImports/go2_lateral_static_dynamic_obstacles_imported/Resources/base_3.obj using Guid(419532629a9914c3b934ec7332f01d3a) Importer(-1,00000000000000000000000000000000) [PhysX] Initialized MultithreadedTaskDispatcher with 22 workers.
 -> (artifact id: 'bdf5ac0e2e4e9349e3f89a4d6cc35dba') in 0.014314 seconds
Refreshing native plugins compatible for Editor in 0.13 ms, found 0 plugins.
Preloading 0 native plugins for Editor in 0.00 ms.
Asset Pipeline Refresh (id=e4b24176c12cf43c58bcfb0d161c6b32): Total: 0.020 seconds - Initiated by StopAssetImportingV2(NoUpdateAssetOptions)
Start importing Assets/Local/MjImports/go2_lateral_static_dynamic_obstacles_imported/Resources/base_4.obj using Guid(8450fcae760b3453db1b3e1d946b112b) Importer(-1,00000000000000000000000000000000) [PhysX] Initialized MultithreadedTaskDispatcher with 22 workers.
 -> (artifact id: '90997bdbf5da60d1b3026795936851a7') in 0.176828 seconds
Refreshing native plugins compatible for Editor in 0.08 ms, found 0 plugins.
Preloading 0 native plugins for Editor in 0.00 ms.
Asset Pipeline Refresh (id=600066025ec4e8800987e24c26d32bbf): Total: 0.184 seconds - Initiated by StopAssetImportingV2(NoUpdateAssetOptions)
Start importing Assets/Local/MjImports/go2_lateral_static_dynamic_obstacles_imported/Resources/base_4.obj using Guid(8450fcae760b3453db1b3e1d946b112b) Importer(-1,00000000000000000000000000000000) [PhysX] Initialized MultithreadedTaskDispatcher with 22 workers.
 -> (artifact id: '9bc9c8f1dc41ed4833188f9cae993d42') in 0.171212 seconds
Refreshing native plugins compatible for Editor in 0.07 ms, found 0 plugins.
Preloading 0 native plugins for Editor in 0.00 ms.
Asset Pipeline Refresh (id=381b6bd5fa23bc32094d7fbecccb9cb2): Total: 0.182 seconds - Initiated by StopAssetImportingV2(NoUpdateAssetOptions)
Start importing Assets/Local/MjImports/go2_lateral_static_dynamic_obstacles_imported/Resources/hip_0.obj using Guid(2b67462329d3ea30f898ec9424bf6264) Importer(-1,00000000000000000000000000000000) [PhysX] Initialized MultithreadedTaskDispatcher with 22 workers.
 -> (artifact id: '5e92afa9ee92599253a213acbbd729c8') in 0.060215 seconds
Refreshing native plugins compatible for Editor in 0.10 ms, found 0 plugins.
Preloading 0 native plugins for Editor in 0.00 ms.
Asset Pipeline Refresh (id=2d4c6e7511126d525965968117244e96): Total: 0.070 seconds - Initiated by StopAssetImportingV2(NoUpdateAssetOptions)
Start importing Assets/Local/MjImports/go2_lateral_static_dynamic_obstacles_imported/Resources/hip_0.obj using Guid(2b67462329d3ea30f898ec9424bf6264) Importer(-1,00000000000000000000000000000000) [PhysX] Initialized MultithreadedTaskDispatcher with 22 workers.
 -> (artifact id: 'fd7737b6a609391d37b5342a55338d3a') in 0.058844 seconds
Refreshing native plugins compatible for Editor in 0.09 ms, found 0 plugins.
Preloading 0 native plugins for Editor in 0.00 ms.
Asset Pipeline Refresh (id=58a94d48f37916ef5a868fbacda4a73c): Total: 0.071 seconds - Initiated by StopAssetImportingV2(NoUpdateAssetOptions)
Start importing Assets/Local/MjImports/go2_lateral_static_dynamic_obstacles_imported/Resources/hip_1.obj using Guid(b6357fc19252c18119504619695ab7ad) Importer(-1,00000000000000000000000000000000) [PhysX] Initialized MultithreadedTaskDispatcher with 22 workers.
 -> (artifact id: '8d2c786a45e4e39116df344c0c0a629e') in 0.063855 seconds
Refreshing native plugins compatible for Editor in 0.08 ms, found 0 plugins.
Preloading 0 native plugins for Editor in 0.00 ms.
Asset Pipeline Refresh (id=9b9d1bc7b6e8d75889f50843b4b10d33): Total: 0.076 seconds - Initiated by StopAssetImportingV2(NoUpdateAssetOptions)
Start importing Assets/Local/MjImports/go2_lateral_static_dynamic_obstacles_imported/Resources/hip_1.obj using Guid(b6357fc19252c18119504619695ab7ad) Importer(-1,00000000000000000000000000000000) [PhysX] Initialized MultithreadedTaskDispatcher with 22 workers.
 -> (artifact id: '10316ebbde621661f164f57da5289836') in 0.062297 seconds
Refreshing native plugins compatible for Editor in 0.11 ms, found 0 plugins.
Preloading 0 native plugins for Editor in 0.00 ms.
Asset Pipeline Refresh (id=5d8660ba808547d41b70b6892c010bfd): Total: 0.074 seconds - Initiated by StopAssetImportingV2(NoUpdateAssetOptions)
Start importing Assets/Local/MjImports/go2_lateral_static_dynamic_obstacles_imported/Resources/thigh_0.obj using Guid(fdcf3a3f30c62c76285008a4581d9bc1) Importer(-1,00000000000000000000000000000000) [PhysX] Initialized MultithreadedTaskDispatcher with 22 workers.
 -> (artifact id: '032ccb2c4b86cdd38854c4b93ab07d10') in 0.063234 seconds
Refreshing native plugins compatible for Editor in 0.12 ms, found 0 plugins.
Preloading 0 native plugins for Editor in 0.00 ms.
Asset Pipeline Refresh (id=9c39010fcbb56c483b4f62ecbc121cc1): Total: 0.075 seconds - Initiated by StopAssetImportingV2(NoUpdateAssetOptions)
Start importing Assets/Local/MjImports/go2_lateral_static_dynamic_obstacles_imported/Resources/thigh_0.obj using Guid(fdcf3a3f30c62c76285008a4581d9bc1) Importer(-1,00000000000000000000000000000000) [PhysX] Initialized MultithreadedTaskDispatcher with 22 workers.
 -> (artifact id: '7714447108f2ee02df4f3ad7a557014c') in 0.062452 seconds
Refreshing native plugins compatible for Editor in 0.12 ms, found 0 plugins.
Preloading 0 native plugins for Editor in 0.00 ms.
Asset Pipeline Refresh (id=5e80fd2291031cd5585cc9dd82b07879): Total: 0.076 seconds - Initiated by StopAssetImportingV2(NoUpdateAssetOptions)
Start importing Assets/Local/MjImports/go2_lateral_static_dynamic_obstacles_imported/Resources/thigh_1.obj using Guid(8651bb39b85a38d8ba9f61a8fc83853b) Importer(-1,00000000000000000000000000000000) [PhysX] Initialized MultithreadedTaskDispatcher with 22 workers.
 -> (artifact id: 'df32418d0888df309ebf8b9a2d6b38ea') in 0.038741 seconds
Refreshing native plugins compatible for Editor in 0.10 ms, found 0 plugins.
Preloading 0 native plugins for Editor in 0.00 ms.
Asset Pipeline Refresh (id=99b6308ffe62c3862a75cd5561380372): Total: 0.046 seconds - Initiated by StopAssetImportingV2(NoUpdateAssetOptions)
Start importing Assets/Local/MjImports/go2_lateral_static_dynamic_obstacles_imported/Resources/thigh_1.obj using Guid(8651bb39b85a38d8ba9f61a8fc83853b) Importer(-1,00000000000000000000000000000000) [PhysX] Initialized MultithreadedTaskDispatcher with 22 workers.
 -> (artifact id: '2d1161578c08cc7e2f6ce8d164f94cf3') in 0.038960 seconds
Refreshing native plugins compatible for Editor in 0.08 ms, found 0 plugins.
Preloading 0 native plugins for Editor in 0.00 ms.
Asset Pipeline Refresh (id=a22744a0d4eea3db584d353846393ba4): Total: 0.050 seconds - Initiated by StopAssetImportingV2(NoUpdateAssetOptions)
Start importing Assets/Local/MjImports/go2_lateral_static_dynamic_obstacles_imported/Resources/thigh_mirror_0.obj using Guid(62049cc5052a2aaa597c8def8a0b3c08) Importer(-1,00000000000000000000000000000000) [PhysX] Initialized MultithreadedTaskDispatcher with 22 workers.
 -> (artifact id: 'af05521030906106b26697a5579b20e5') in 0.063764 seconds
Refreshing native plugins compatible for Editor in 0.13 ms, found 0 plugins.
Preloading 0 native plugins for Editor in 0.00 ms.
Asset Pipeline Refresh (id=6e81d16975892192f8018c11e24a31c8): Total: 0.075 seconds - Initiated by StopAssetImportingV2(NoUpdateAssetOptions)
Start importing Assets/Local/MjImports/go2_lateral_static_dynamic_obstacles_imported/Resources/thigh_mirror_0.obj using Guid(62049cc5052a2aaa597c8def8a0b3c08) Importer(-1,00000000000000000000000000000000) [PhysX] Initialized MultithreadedTaskDispatcher with 22 workers.
 -> (artifact id: 'cdeb8110ee3b085356180ae5ae40166a') in 0.063339 seconds
Refreshing native plugins compatible for Editor in 0.12 ms, found 0 plugins.
Preloading 0 native plugins for Editor in 0.00 ms.
Asset Pipeline Refresh (id=7cca75fce57e7c385bef2722f5a7ae96): Total: 0.072 seconds - Initiated by StopAssetImportingV2(NoUpdateAssetOptions)
Start importing Assets/Local/MjImports/go2_lateral_static_dynamic_obstacles_imported/Resources/thigh_mirror_1.obj using Guid(add6e1efaf3523939a950351b08ebfb4) Importer(-1,00000000000000000000000000000000) [PhysX] Initialized MultithreadedTaskDispatcher with 22 workers.
 -> (artifact id: 'd8887c2084297c21fd495c1a8861944a') in 0.040304 seconds
Refreshing native plugins compatible for Editor in 0.07 ms, found 0 plugins.
Preloading 0 native plugins for Editor in 0.00 ms.
Asset Pipeline Refresh (id=31c26864aba008de2bdfcea7499f3cee): Total: 0.046 seconds - Initiated by StopAssetImportingV2(NoUpdateAssetOptions)
Start importing Assets/Local/MjImports/go2_lateral_static_dynamic_obstacles_imported/Resources/thigh_mirror_1.obj using Guid(add6e1efaf3523939a950351b08ebfb4) Importer(-1,00000000000000000000000000000000) [PhysX] Initialized MultithreadedTaskDispatcher with 22 workers.
 -> (artifact id: 'f426a100a8330e0893e161f674095728') in 0.038910 seconds
Refreshing native plugins compatible for Editor in 0.07 ms, found 0 plugins.
Preloading 0 native plugins for Editor in 0.00 ms.
Asset Pipeline Refresh (id=0c646ff214dea41a5a6a3cf0bb8be23b): Total: 0.045 seconds - Initiated by StopAssetImportingV2(NoUpdateAssetOptions)
Start importing Assets/Local/MjImports/go2_lateral_static_dynamic_obstacles_imported/Resources/calf_0.obj using Guid(a493eb45c0d527011b06b19671210d1c) Importer(-1,00000000000000000000000000000000) [PhysX] Initialized MultithreadedTaskDispatcher with 22 workers.
 -> (artifact id: '5ea3ddb6e6a7ed35b58759fd37ed3128') in 0.028525 seconds
Refreshing native plugins compatible for Editor in 0.07 ms, found 0 plugins.
Preloading 0 native plugins for Editor in 0.00 ms.
Asset Pipeline Refresh (id=e0711046fbcb916e5a251b45e82b0b51): Total: 0.034 seconds - Initiated by StopAssetImportingV2(NoUpdateAssetOptions)
Start importing Assets/Local/MjImports/go2_lateral_static_dynamic_obstacles_imported/Resources/calf_0.obj using Guid(a493eb45c0d527011b06b19671210d1c) Importer(-1,00000000000000000000000000000000) [PhysX] Initialized MultithreadedTaskDispatcher with 22 workers.
 -> (artifact id: '32d01ee6f518687e0716b45f1e01664d') in 0.024648 seconds
Refreshing native plugins compatible for Editor in 0.11 ms, found 0 plugins.
Preloading 0 native plugins for Editor in 0.00 ms.
Asset Pipeline Refresh (id=42dcfd64dd143bb4681fdfd31f5f3e7c): Total: 0.031 seconds - Initiated by StopAssetImportingV2(NoUpdateAssetOptions)
Start importing Assets/Local/MjImports/go2_lateral_static_dynamic_obstacles_imported/Resources/calf_1.obj using Guid(844aa6f9877ec084a991d66f991fc952) Importer(-1,00000000000000000000000000000000) [PhysX] Initialized MultithreadedTaskDispatcher with 22 workers.
 -> (artifact id: '76389d578f2f0949c2fc060decacbee1') in 0.013325 seconds
Refreshing native plugins compatible for Editor in 0.10 ms, found 0 plugins.
Preloading 0 native plugins for Editor in 0.00 ms.
Asset Pipeline Refresh (id=6895e1fea345600c9a02d3e5e820fec9): Total: 0.018 seconds - Initiated by StopAssetImportingV2(NoUpdateAssetOptions)
Start importing Assets/Local/MjImports/go2_lateral_static_dynamic_obstacles_imported/Resources/calf_1.obj using Guid(844aa6f9877ec084a991d66f991fc952) Importer(-1,00000000000000000000000000000000) [PhysX] Initialized MultithreadedTaskDispatcher with 22 workers.
 -> (artifact id: '0fede2b3fee5cca9eae3151c5d0449f3') in 0.013296 seconds
Refreshing native plugins compatible for Editor in 0.06 ms, found 0 plugins.
Preloading 0 native plugins for Editor in 0.00 ms.
Asset Pipeline Refresh (id=5ef6ec81fbaf2d857a8883d4997cbe1b): Total: 0.019 seconds - Initiated by StopAssetImportingV2(NoUpdateAssetOptions)
Start importing Assets/Local/MjImports/go2_lateral_static_dynamic_obstacles_imported/Resources/calf_mirror_0.obj using Guid(fd3e514d892dd0a8cb2c8222da34c566) Importer(-1,00000000000000000000000000000000) [PhysX] Initialized MultithreadedTaskDispatcher with 22 workers.
 -> (artifact id: 'f5c8f0301c8afb84aa0cb16b684ed423') in 0.026298 seconds
Refreshing native plugins compatible for Editor in 0.07 ms, found 0 plugins.
Preloading 0 native plugins for Editor in 0.00 ms.
Asset Pipeline Refresh (id=2af5c2d1d87d159f9b5da0d9e5cafc91): Total: 0.031 seconds - Initiated by StopAssetImportingV2(NoUpdateAssetOptions)
Start importing Assets/Local/MjImports/go2_lateral_static_dynamic_obstacles_imported/Resources/calf_mirror_0.obj using Guid(fd3e514d892dd0a8cb2c8222da34c566) Importer(-1,00000000000000000000000000000000) [PhysX] Initialized MultithreadedTaskDispatcher with 22 workers.
 -> (artifact id: '1d21a8c8fa0703d87d771bd6a8944ced') in 0.025011 seconds
Refreshing native plugins compatible for Editor in 0.10 ms, found 0 plugins.
Preloading 0 native plugins for Editor in 0.00 ms.
Asset Pipeline Refresh (id=b3ffd45a21e318c98977f1b9db04b46b): Total: 0.031 seconds - Initiated by StopAssetImportingV2(NoUpdateAssetOptions)
Start importing Assets/Local/MjImports/go2_lateral_static_dynamic_obstacles_imported/Resources/calf_mirror_1.obj using Guid(fec514dfb71efe3ea83574cfe6563e13) Importer(-1,00000000000000000000000000000000) [PhysX] Initialized MultithreadedTaskDispatcher with 22 workers.
 -> (artifact id: '662870769cc51e96fd7a28be7059617e') in 0.013478 seconds
Refreshing native plugins compatible for Editor in 0.07 ms, found 0 plugins.
Preloading 0 native plugins for Editor in 0.00 ms.
Asset Pipeline Refresh (id=991e2b6cd042aca5d91f1dc9cff3336b): Total: 0.018 seconds - Initiated by StopAssetImportingV2(NoUpdateAssetOptions)
Start importing Assets/Local/MjImports/go2_lateral_static_dynamic_obstacles_imported/Resources/calf_mirror_1.obj using Guid(fec514dfb71efe3ea83574cfe6563e13) Importer(-1,00000000000000000000000000000000) [PhysX] Initialized MultithreadedTaskDispatcher with 22 workers.
 -> (artifact id: '9a0dcb28eddd09443732a3ab12097b01') in 0.012479 seconds
Refreshing native plugins compatible for Editor in 0.12 ms, found 0 plugins.
Preloading 0 native plugins for Editor in 0.00 ms.
Asset Pipeline Refresh (id=3a3bd609610a11e68885290b855c26ac): Total: 0.019 seconds - Initiated by StopAssetImportingV2(NoUpdateAssetOptions)
Start importing Assets/Local/MjImports/go2_lateral_static_dynamic_obstacles_imported/Resources/foot.obj using Guid(a41b02a6389a398bc9cec22c0bda3664) Importer(-1,00000000000000000000000000000000) [PhysX] Initialized MultithreadedTaskDispatcher with 22 workers.
 -> (artifact id: '7c910e3a44be31e7d33c40f1a211266c') in 0.020694 seconds
Refreshing native plugins compatible for Editor in 0.10 ms, found 0 plugins.
Preloading 0 native plugins for Editor in 0.00 ms.
Asset Pipeline Refresh (id=7dee6a921d58c5c0a84c5b9a1e2f0e2f): Total: 0.026 seconds - Initiated by StopAssetImportingV2(NoUpdateAssetOptions)
Start importing Assets/Local/MjImports/go2_lateral_static_dynamic_obstacles_imported/Resources/foot.obj using Guid(a41b02a6389a398bc9cec22c0bda3664) Importer(-1,00000000000000000000000000000000) [PhysX] Initialized MultithreadedTaskDispatcher with 22 workers.
 -> (artifact id: '51c4e01f8dcf8d13ba34588bb531b36d') in 0.019887 seconds
Refreshing native plugins compatible for Editor in 0.07 ms, found 0 plugins.
Preloading 0 native plugins for Editor in 0.00 ms.
Asset Pipeline Refresh (id=c02c3eae6f0d80a708400d566596aa0a): Total: 0.026 seconds - Initiated by StopAssetImportingV2(NoUpdateAssetOptions)
Start importing Assets/Local/MjImports/go2_lateral_static_dynamic_obstacles_imported/Resources/metal.mat using Guid(3f090349528d5358c88313c2781afe30) Importer(-1,00000000000000000000000000000000) [PhysX] Initialized MultithreadedTaskDispatcher with 22 workers.
 -> (artifact id: 'af2a4a093d87ffa5995e628f510d9198') in 0.000561 seconds
Refreshing native plugins compatible for Editor in 0.06 ms, found 0 plugins.
Preloading 0 native plugins for Editor in 0.00 ms.
Asset Pipeline Refresh (id=1eb63b0babfd16035a5f5908b504425a): Total: 0.005 seconds - Initiated by StopAssetImportingV2(NoUpdateAssetOptions)
Start importing Assets/Local/MjImports/go2_lateral_static_dynamic_obstacles_imported/Resources/black.mat using Guid(c14a96041cef47053973e01a3e6d694b) Importer(-1,00000000000000000000000000000000) [PhysX] Initialized MultithreadedTaskDispatcher with 22 workers.
 -> (artifact id: '514e379e8d75f4b4dbccb4f77f149be2') in 0.000508 seconds
Refreshing native plugins compatible for Editor in 0.05 ms, found 0 plugins.
Preloading 0 native plugins for Editor in 0.00 ms.
Asset Pipeline Refresh (id=9cd6473bd0321d0c784c17348d3a80dd): Total: 0.004 seconds - Initiated by StopAssetImportingV2(NoUpdateAssetOptions)
Start importing Assets/Local/MjImports/go2_lateral_static_dynamic_obstacles_imported/Resources/white.mat using Guid(78200a22d83cc8e0ebb5a5da11d026d5) Importer(-1,00000000000000000000000000000000) [PhysX] Initialized MultithreadedTaskDispatcher with 22 workers.
 -> (artifact id: 'c4bc73532609e4a2838f0ea4f1a4cf61') in 0.000499 seconds
Refreshing native plugins compatible for Editor in 0.05 ms, found 0 plugins.
Preloading 0 native plugins for Editor in 0.00 ms.
Asset Pipeline Refresh (id=81c28def765a04c85b709e06aa9326df): Total: 0.004 seconds - Initiated by StopAssetImportingV2(NoUpdateAssetOptions)
Start importing Assets/Local/MjImports/go2_lateral_static_dynamic_obstacles_imported/Resources/gray.mat using Guid(d8ec0f773e092db22b11008f428ef167) Importer(-1,00000000000000000000000000000000) [PhysX] Initialized MultithreadedTaskDispatcher with 22 workers.
 -> (artifact id: '6c1861eaa4af3670d669556f3ab6777a') in 0.000484 seconds
Refreshing native plugins compatible for Editor in 0.08 ms, found 0 plugins.
Preloading 0 native plugins for Editor in 0.00 ms.
Asset Pipeline Refresh (id=7596bb89359e940adb577c8eeae5cd59): Total: 0.004 seconds - Initiated by StopAssetImportingV2(NoUpdateAssetOptions)
Start importing Assets/Local/MjImports/go2_lateral_static_dynamic_obstacles_imported/Resources/floor_mat.mat using Guid(d295a6511fe1f492eb2aa4d1a9f5aaa8) Importer(-1,00000000000000000000000000000000) [PhysX] Initialized MultithreadedTaskDispatcher with 22 workers.
 -> (artifact id: '5bb135bf487473f9e1d8b7875564fc18') in 0.000478 seconds
Refreshing native plugins compatible for Editor in 0.05 ms, found 0 plugins.
Preloading 0 native plugins for Editor in 0.00 ms.
Asset Pipeline Refresh (id=67fd927bd8535741fb5dd376cb2794ab): Total: 0.004 seconds - Initiated by StopAssetImportingV2(NoUpdateAssetOptions)
Start importing Assets/Local/MjImports/go2_lateral_static_dynamic_obstacles_imported/Resources/obstacle_mat.mat using Guid(7cb3334ee28d6bc9392736c62d899c87) Importer(-1,00000000000000000000000000000000) [PhysX] Initialized MultithreadedTaskDispatcher with 22 workers.
 -> (artifact id: '6834291dca79b46d93d67aa48594f5de') in 0.000465 seconds
Refreshing native plugins compatible for Editor in 0.05 ms, found 0 plugins.
Preloading 0 native plugins for Editor in 0.00 ms.
Asset Pipeline Refresh (id=8ef20e2a028bfd8a6aab3d5d716be644): Total: 0.004 seconds - Initiated by StopAssetImportingV2(NoUpdateAssetOptions)
Start importing Assets/Local/MjImports/go2_lateral_static_dynamic_obstacles_imported/Resources/goal_mat.mat using Guid(f532a398d84f8c79e886b34b7e0421bb) Importer(-1,00000000000000000000000000000000) [PhysX] Initialized MultithreadedTaskDispatcher with 22 workers.
 -> (artifact id: 'e23a466d60fda568497d325fd98d7759') in 0.000463 seconds
Refreshing native plugins compatible for Editor in 0.08 ms, found 0 plugins.
Preloading 0 native plugins for Editor in 0.00 ms.
Asset Pipeline Refresh (id=c41e043c1f484124d89d3bf1c1dd2d88): Total: 0.004 seconds - Initiated by StopAssetImportingV2(NoUpdateAssetOptions)
Start importing Assets/Local/MjImports/go2_lateral_static_dynamic_obstacles_imported/Resources/npc_mat.mat using Guid(fac4e84fc145c8887870237ca4e978a1) Importer(-1,00000000000000000000000000000000) [PhysX] Initialized MultithreadedTaskDispatcher with 22 workers.
 -> (artifact id: 'c32787b6ee198be805f96b954fabb8bd') in 0.000478 seconds
Refreshing native plugins compatible for Editor in 0.05 ms, found 0 plugins.
Preloading 0 native plugins for Editor in 0.00 ms.
Asset Pipeline Refresh (id=c4df619c3bce769d8aa8a275f3cb2726): Total: 0.004 seconds - Initiated by StopAssetImportingV2(NoUpdateAssetOptions)
Start importing Assets/Local/MjImports/go2_lateral_static_dynamic_obstacles_imported/Resources/blue_cylinder_mat.mat using Guid(3bf18646cf1f3b817aa314c78a8ab919) Importer(-1,00000000000000000000000000000000) [PhysX] Initialized MultithreadedTaskDispatcher with 22 workers.
 -> (artifact id: '82774cff1603e5ad6593122cd76206f7') in 0.000461 seconds
Refreshing native plugins compatible for Editor in 0.05 ms, found 0 plugins.
Preloading 0 native plugins for Editor in 0.00 ms.
Asset Pipeline Refresh (id=db38d6bec9b3dd554bad272998a07688): Total: 0.004 seconds - Initiated by StopAssetImportingV2(NoUpdateAssetOptions)
The importer does not yet support tags <light>.
UnityEngine.StackTraceUtility:ExtractStackTrace () (at /home/bokken/build/output/unity/unity/Runtime/Export/Scripting/StackTrace.cs:37)
UnityEngine.DebugLogHandler:LogFormat (UnityEngine.LogType,UnityEngine.Object,string,object[])
UnityEngine.Logger:Log (UnityEngine.LogType,object)
UnityEngine.Debug:Log (object)
Mujoco.MjcfImporter:ParseBodyChild (System.Xml.XmlElement,UnityEngine.GameObject) (at ./Library/PackageCache/org.mujoco@72cb2b210d/Runtime/Importer/MjcfImporter.cs:293)
Mujoco.MjcfImporter:ParseBodyChildren (UnityEngine.GameObject,System.Xml.XmlElement) (at ./Library/PackageCache/org.mujoco@72cb2b210d/Runtime/Importer/MjcfImporter.cs:237)
Mujoco.MjcfImporter:ParseRoot (UnityEngine.GameObject,System.Xml.XmlElement) (at ./Library/PackageCache/org.mujoco@72cb2b210d/Runtime/Importer/MjcfImporter.cs:147)
Mujoco.MjImporterWithAssets:ParseRoot (UnityEngine.GameObject,System.Xml.XmlElement) (at ./Library/PackageCache/org.mujoco@72cb2b210d/Editor/Importer/MjImporterWithAssets.cs:91)
Mujoco.MjcfImporter:ImportXml (System.Xml.XmlDocument,string) (at ./Library/PackageCache/org.mujoco@72cb2b210d/Runtime/Importer/MjcfImporter.cs:100)
Mujoco.MjImporterWithAssets:ImportString (string,string,string) (at ./Library/PackageCache/org.mujoco@72cb2b210d/Editor/Importer/MjImporterWithAssets.cs:75)
Asimov.UnityMujoco.Editor.MjcfEpisodeSceneGenerator:ImportExpandedEpisodeScene (Asimov.UnityMujoco.EpisodeConfig,string) (at Assets/AsimovMujoco/Editor/MjcfEpisodeSceneGenerator.cs:128)
Asimov.UnityMujoco.Editor.MjcfEpisodeSceneGenerator:ImportEpisodeScene (Asimov.UnityMujoco.EpisodeConfig) (at Assets/AsimovMujoco/Editor/MjcfEpisodeSceneGenerator.cs:96)
Asimov.UnityMujoco.Editor.MjcfEpisodeSceneGenerator:ImportAllEpisodeScenes () (at Assets/AsimovMujoco/Editor/MjcfEpisodeSceneGenerator.cs:56)
Asimov.UnityMujoco.Editor.MjcfEpisodeSceneGenerator:BootstrapProject () (at Assets/AsimovMujoco/Editor/MjcfEpisodeSceneGenerator.cs:29)

(Filename: ./Library/PackageCache/org.mujoco@72cb2b210d/Runtime/Importer/MjcfImporter.cs Line: 293)

The importer does not yet support tags <light>.
UnityEngine.StackTraceUtility:ExtractStackTrace () (at /home/bokken/build/output/unity/unity/Runtime/Export/Scripting/StackTrace.cs:37)
UnityEngine.DebugLogHandler:LogFormat (UnityEngine.LogType,UnityEngine.Object,string,object[])
UnityEngine.Logger:Log (UnityEngine.LogType,object)
UnityEngine.Debug:Log (object)
Mujoco.MjcfImporter:ParseBodyChild (System.Xml.XmlElement,UnityEngine.GameObject) (at ./Library/PackageCache/org.mujoco@72cb2b210d/Runtime/Importer/MjcfImporter.cs:293)
Mujoco.MjcfImporter:ParseBodyChildren (UnityEngine.GameObject,System.Xml.XmlElement) (at ./Library/PackageCache/org.mujoco@72cb2b210d/Runtime/Importer/MjcfImporter.cs:237)
Mujoco.MjcfImporter:ParseRoot (UnityEngine.GameObject,System.Xml.XmlElement) (at ./Library/PackageCache/org.mujoco@72cb2b210d/Runtime/Importer/MjcfImporter.cs:147)
Mujoco.MjImporterWithAssets:ParseRoot (UnityEngine.GameObject,System.Xml.XmlElement) (at ./Library/PackageCache/org.mujoco@72cb2b210d/Editor/Importer/MjImporterWithAssets.cs:91)
Mujoco.MjcfImporter:ImportXml (System.Xml.XmlDocument,string) (at ./Library/PackageCache/org.mujoco@72cb2b210d/Runtime/Importer/MjcfImporter.cs:100)
Mujoco.MjImporterWithAssets:ImportString (string,string,string) (at ./Library/PackageCache/org.mujoco@72cb2b210d/Editor/Importer/MjImporterWithAssets.cs:75)
Asimov.UnityMujoco.Editor.MjcfEpisodeSceneGenerator:ImportExpandedEpisodeScene (Asimov.UnityMujoco.EpisodeConfig,string) (at Assets/AsimovMujoco/Editor/MjcfEpisodeSceneGenerator.cs:128)
Asimov.UnityMujoco.Editor.MjcfEpisodeSceneGenerator:ImportEpisodeScene (Asimov.UnityMujoco.EpisodeConfig) (at Assets/AsimovMujoco/Editor/MjcfEpisodeSceneGenerator.cs:96)
Asimov.UnityMujoco.Editor.MjcfEpisodeSceneGenerator:ImportAllEpisodeScenes () (at Assets/AsimovMujoco/Editor/MjcfEpisodeSceneGenerator.cs:56)
Asimov.UnityMujoco.Editor.MjcfEpisodeSceneGenerator:BootstrapProject () (at Assets/AsimovMujoco/Editor/MjcfEpisodeSceneGenerator.cs:29)

(Filename: ./Library/PackageCache/org.mujoco@72cb2b210d/Runtime/Importer/MjcfImporter.cs Line: 293)

The importer does not yet support sensor <jointactuatorfrc>.
UnityEngine.StackTraceUtility:ExtractStackTrace () (at /home/bokken/build/output/unity/unity/Runtime/Export/Scripting/StackTrace.cs:37)
UnityEngine.DebugLogHandler:LogFormat (UnityEngine.LogType,UnityEngine.Object,string,object[])
UnityEngine.Logger:Log (UnityEngine.LogType,object)
UnityEngine.Debug:Log (object)
Mujoco.MjcfImporter:ParseSensorType (System.Xml.XmlElement) (at ./Library/PackageCache/org.mujoco@72cb2b210d/Runtime/Importer/MjcfImporter.cs:398)
Mujoco.MjcfImporter:ParseRoot (UnityEngine.GameObject,System.Xml.XmlElement) (at ./Library/PackageCache/org.mujoco@72cb2b210d/Runtime/Importer/MjcfImporter.cs:208)
Mujoco.MjImporterWithAssets:ParseRoot (UnityEngine.GameObject,System.Xml.XmlElement) (at ./Library/PackageCache/org.mujoco@72cb2b210d/Editor/Importer/MjImporterWithAssets.cs:91)
Mujoco.MjcfImporter:ImportXml (System.Xml.XmlDocument,string) (at ./Library/PackageCache/org.mujoco@72cb2b210d/Runtime/Importer/MjcfImporter.cs:100)
Mujoco.MjImporterWithAssets:ImportString (string,string,string) (at ./Library/PackageCache/org.mujoco@72cb2b210d/Editor/Importer/MjImporterWithAssets.cs:75)
Asimov.UnityMujoco.Editor.MjcfEpisodeSceneGenerator:ImportExpandedEpisodeScene (Asimov.UnityMujoco.EpisodeConfig,string) (at Assets/AsimovMujoco/Editor/MjcfEpisodeSceneGenerator.cs:128)
Asimov.UnityMujoco.Editor.MjcfEpisodeSceneGenerator:ImportEpisodeScene (Asimov.UnityMujoco.EpisodeConfig) (at Assets/AsimovMujoco/Editor/MjcfEpisodeSceneGenerator.cs:96)
Asimov.UnityMujoco.Editor.MjcfEpisodeSceneGenerator:ImportAllEpisodeScenes () (at Assets/AsimovMujoco/Editor/MjcfEpisodeSceneGenerator.cs:56)
Asimov.UnityMujoco.Editor.MjcfEpisodeSceneGenerator:BootstrapProject () (at Assets/AsimovMujoco/Editor/MjcfEpisodeSceneGenerator.cs:29)

(Filename: ./Library/PackageCache/org.mujoco@72cb2b210d/Runtime/Importer/MjcfImporter.cs Line: 398)

The importer does not yet support sensor <jointactuatorfrc>.
UnityEngine.StackTraceUtility:ExtractStackTrace () (at /home/bokken/build/output/unity/unity/Runtime/Export/Scripting/StackTrace.cs:37)
UnityEngine.DebugLogHandler:LogFormat (UnityEngine.LogType,UnityEngine.Object,string,object[])
UnityEngine.Logger:Log (UnityEngine.LogType,object)
UnityEngine.Debug:Log (object)
Mujoco.MjcfImporter:ParseSensorType (System.Xml.XmlElement) (at ./Library/PackageCache/org.mujoco@72cb2b210d/Runtime/Importer/MjcfImporter.cs:398)
Mujoco.MjcfImporter:ParseRoot (UnityEngine.GameObject,System.Xml.XmlElement) (at ./Library/PackageCache/org.mujoco@72cb2b210d/Runtime/Importer/MjcfImporter.cs:208)
Mujoco.MjImporterWithAssets:ParseRoot (UnityEngine.GameObject,System.Xml.XmlElement) (at ./Library/PackageCache/org.mujoco@72cb2b210d/Editor/Importer/MjImporterWithAssets.cs:91)
Mujoco.MjcfImporter:ImportXml (System.Xml.XmlDocument,string) (at ./Library/PackageCache/org.mujoco@72cb2b210d/Runtime/Importer/MjcfImporter.cs:100)
Mujoco.MjImporterWithAssets:ImportString (string,string,string) (at ./Library/PackageCache/org.mujoco@72cb2b210d/Editor/Importer/MjImporterWithAssets.cs:75)
Asimov.UnityMujoco.Editor.MjcfEpisodeSceneGenerator:ImportExpandedEpisodeScene (Asimov.UnityMujoco.EpisodeConfig,string) (at Assets/AsimovMujoco/Editor/MjcfEpisodeSceneGenerator.cs:128)
Asimov.UnityMujoco.Editor.MjcfEpisodeSceneGenerator:ImportEpisodeScene (Asimov.UnityMujoco.EpisodeConfig) (at Assets/AsimovMujoco/Editor/MjcfEpisodeSceneGenerator.cs:96)
Asimov.UnityMujoco.Editor.MjcfEpisodeSceneGenerator:ImportAllEpisodeScenes () (at Assets/AsimovMujoco/Editor/MjcfEpisodeSceneGenerator.cs:56)
Asimov.UnityMujoco.Editor.MjcfEpisodeSceneGenerator:BootstrapProject () (at Assets/AsimovMujoco/Editor/MjcfEpisodeSceneGenerator.cs:29)

(Filename: ./Library/PackageCache/org.mujoco@72cb2b210d/Runtime/Importer/MjcfImporter.cs Line: 398)

The importer does not yet support sensor <jointactuatorfrc>.
UnityEngine.StackTraceUtility:ExtractStackTrace () (at /home/bokken/build/output/unity/unity/Runtime/Export/Scripting/StackTrace.cs:37)
UnityEngine.DebugLogHandler:LogFormat (UnityEngine.LogType,UnityEngine.Object,string,object[])
UnityEngine.Logger:Log (UnityEngine.LogType,object)
UnityEngine.Debug:Log (object)
Mujoco.MjcfImporter:ParseSensorType (System.Xml.XmlElement) (at ./Library/PackageCache/org.mujoco@72cb2b210d/Runtime/Importer/MjcfImporter.cs:398)
Mujoco.MjcfImporter:ParseRoot (UnityEngine.GameObject,System.Xml.XmlElement) (at ./Library/PackageCache/org.mujoco@72cb2b210d/Runtime/Importer/MjcfImporter.cs:208)
Mujoco.MjImporterWithAssets:ParseRoot (UnityEngine.GameObject,System.Xml.XmlElement) (at ./Library/PackageCache/org.mujoco@72cb2b210d/Editor/Importer/MjImporterWithAssets.cs:91)
Mujoco.MjcfImporter:ImportXml (System.Xml.XmlDocument,string) (at ./Library/PackageCache/org.mujoco@72cb2b210d/Runtime/Importer/MjcfImporter.cs:100)
Mujoco.MjImporterWithAssets:ImportString (string,string,string) (at ./Library/PackageCache/org.mujoco@72cb2b210d/Editor/Importer/MjImporterWithAssets.cs:75)
Asimov.UnityMujoco.Editor.MjcfEpisodeSceneGenerator:ImportExpandedEpisodeScene (Asimov.UnityMujoco.EpisodeConfig,string) (at Assets/AsimovMujoco/Editor/MjcfEpisodeSceneGenerator.cs:128)
Asimov.UnityMujoco.Editor.MjcfEpisodeSceneGenerator:ImportEpisodeScene (Asimov.UnityMujoco.EpisodeConfig) (at Assets/AsimovMujoco/Editor/MjcfEpisodeSceneGenerator.cs:96)
Asimov.UnityMujoco.Editor.MjcfEpisodeSceneGenerator:ImportAllEpisodeScenes () (at Assets/AsimovMujoco/Editor/MjcfEpisodeSceneGenerator.cs:56)
Asimov.UnityMujoco.Editor.MjcfEpisodeSceneGenerator:BootstrapProject () (at Assets/AsimovMujoco/Editor/MjcfEpisodeSceneGenerator.cs:29)

(Filename: ./Library/PackageCache/org.mujoco@72cb2b210d/Runtime/Importer/MjcfImporter.cs Line: 398)

The importer does not yet support sensor <jointactuatorfrc>.
UnityEngine.StackTraceUtility:ExtractStackTrace () (at /home/bokken/build/output/unity/unity/Runtime/Export/Scripting/StackTrace.cs:37)
UnityEngine.DebugLogHandler:LogFormat (UnityEngine.LogType,UnityEngine.Object,string,object[])
UnityEngine.Logger:Log (UnityEngine.LogType,object)
UnityEngine.Debug:Log (object)
Mujoco.MjcfImporter:ParseSensorType (System.Xml.XmlElement) (at ./Library/PackageCache/org.mujoco@72cb2b210d/Runtime/Importer/MjcfImporter.cs:398)
Mujoco.MjcfImporter:ParseRoot (UnityEngine.GameObject,System.Xml.XmlElement) (at ./Library/PackageCache/org.mujoco@72cb2b210d/Runtime/Importer/MjcfImporter.cs:208)
Mujoco.MjImporterWithAssets:ParseRoot (UnityEngine.GameObject,System.Xml.XmlElement) (at ./Library/PackageCache/org.mujoco@72cb2b210d/Editor/Importer/MjImporterWithAssets.cs:91)
Mujoco.MjcfImporter:ImportXml (System.Xml.XmlDocument,string) (at ./Library/PackageCache/org.mujoco@72cb2b210d/Runtime/Importer/MjcfImporter.cs:100)
Mujoco.MjImporterWithAssets:ImportString (string,string,string) (at ./Library/PackageCache/org.mujoco@72cb2b210d/Editor/Importer/MjImporterWithAssets.cs:75)
Asimov.UnityMujoco.Editor.MjcfEpisodeSceneGenerator:ImportExpandedEpisodeScene (Asimov.UnityMujoco.EpisodeConfig,string) (at Assets/AsimovMujoco/Editor/MjcfEpisodeSceneGenerator.cs:128)
Asimov.UnityMujoco.Editor.MjcfEpisodeSceneGenerator:ImportEpisodeScene (Asimov.UnityMujoco.EpisodeConfig) (at Assets/AsimovMujoco/Editor/MjcfEpisodeSceneGenerator.cs:96)
Asimov.UnityMujoco.Editor.MjcfEpisodeSceneGenerator:ImportAllEpisodeScenes () (at Assets/AsimovMujoco/Editor/MjcfEpisodeSceneGenerator.cs:56)
Asimov.UnityMujoco.Editor.MjcfEpisodeSceneGenerator:BootstrapProject () (at Assets/AsimovMujoco/Editor/MjcfEpisodeSceneGenerator.cs:29)

(Filename: ./Library/PackageCache/org.mujoco@72cb2b210d/Runtime/Importer/MjcfImporter.cs Line: 398)

The importer does not yet support sensor <jointactuatorfrc>.
UnityEngine.StackTraceUtility:ExtractStackTrace () (at /home/bokken/build/output/unity/unity/Runtime/Export/Scripting/StackTrace.cs:37)
UnityEngine.DebugLogHandler:LogFormat (UnityEngine.LogType,UnityEngine.Object,string,object[])
UnityEngine.Logger:Log (UnityEngine.LogType,object)
UnityEngine.Debug:Log (object)
Mujoco.MjcfImporter:ParseSensorType (System.Xml.XmlElement) (at ./Library/PackageCache/org.mujoco@72cb2b210d/Runtime/Importer/MjcfImporter.cs:398)
Mujoco.MjcfImporter:ParseRoot (UnityEngine.GameObject,System.Xml.XmlElement) (at ./Library/PackageCache/org.mujoco@72cb2b210d/Runtime/Importer/MjcfImporter.cs:208)
Mujoco.MjImporterWithAssets:ParseRoot (UnityEngine.GameObject,System.Xml.XmlElement) (at ./Library/PackageCache/org.mujoco@72cb2b210d/Editor/Importer/MjImporterWithAssets.cs:91)
Mujoco.MjcfImporter:ImportXml (System.Xml.XmlDocument,string) (at ./Library/PackageCache/org.mujoco@72cb2b210d/Runtime/Importer/MjcfImporter.cs:100)
Mujoco.MjImporterWithAssets:ImportString (string,string,string) (at ./Library/PackageCache/org.mujoco@72cb2b210d/Editor/Importer/MjImporterWithAssets.cs:75)
Asimov.UnityMujoco.Editor.MjcfEpisodeSceneGenerator:ImportExpandedEpisodeScene (Asimov.UnityMujoco.EpisodeConfig,string) (at Assets/AsimovMujoco/Editor/MjcfEpisodeSceneGenerator.cs:128)
Asimov.UnityMujoco.Editor.MjcfEpisodeSceneGenerator:ImportEpisodeScene (Asimov.UnityMujoco.EpisodeConfig) (at Assets/AsimovMujoco/Editor/MjcfEpisodeSceneGenerator.cs:96)
Asimov.UnityMujoco.Editor.MjcfEpisodeSceneGenerator:ImportAllEpisodeScenes () (at Assets/AsimovMujoco/Editor/MjcfEpisodeSceneGenerator.cs:56)
Asimov.UnityMujoco.Editor.MjcfEpisodeSceneGenerator:BootstrapProject () (at Assets/AsimovMujoco/Editor/MjcfEpisodeSceneGenerator.cs:29)

(Filename: ./Library/PackageCache/org.mujoco@72cb2b210d/Runtime/Importer/MjcfImporter.cs Line: 398)

The importer does not yet support sensor <jointactuatorfrc>.
UnityEngine.StackTraceUtility:ExtractStackTrace () (at /home/bokken/build/output/unity/unity/Runtime/Export/Scripting/StackTrace.cs:37)
UnityEngine.DebugLogHandler:LogFormat (UnityEngine.LogType,UnityEngine.Object,string,object[])
UnityEngine.Logger:Log (UnityEngine.LogType,object)
UnityEngine.Debug:Log (object)
Mujoco.MjcfImporter:ParseSensorType (System.Xml.XmlElement) (at ./Library/PackageCache/org.mujoco@72cb2b210d/Runtime/Importer/MjcfImporter.cs:398)
Mujoco.MjcfImporter:ParseRoot (UnityEngine.GameObject,System.Xml.XmlElement) (at ./Library/PackageCache/org.mujoco@72cb2b210d/Runtime/Importer/MjcfImporter.cs:208)
Mujoco.MjImporterWithAssets:ParseRoot (UnityEngine.GameObject,System.Xml.XmlElement) (at ./Library/PackageCache/org.mujoco@72cb2b210d/Editor/Importer/MjImporterWithAssets.cs:91)
Mujoco.MjcfImporter:ImportXml (System.Xml.XmlDocument,string) (at ./Library/PackageCache/org.mujoco@72cb2b210d/Runtime/Importer/MjcfImporter.cs:100)
Mujoco.MjImporterWithAssets:ImportString (string,string,string) (at ./Library/PackageCache/org.mujoco@72cb2b210d/Editor/Importer/MjImporterWithAssets.cs:75)
Asimov.UnityMujoco.Editor.MjcfEpisodeSceneGenerator:ImportExpandedEpisodeScene (Asimov.UnityMujoco.EpisodeConfig,string) (at Assets/AsimovMujoco/Editor/MjcfEpisodeSceneGenerator.cs:128)
Asimov.UnityMujoco.Editor.MjcfEpisodeSceneGenerator:ImportEpisodeScene (Asimov.UnityMujoco.EpisodeConfig) (at Assets/AsimovMujoco/Editor/MjcfEpisodeSceneGenerator.cs:96)
Asimov.UnityMujoco.Editor.MjcfEpisodeSceneGenerator:ImportAllEpisodeScenes () (at Assets/AsimovMujoco/Editor/MjcfEpisodeSceneGenerator.cs:56)
Asimov.UnityMujoco.Editor.MjcfEpisodeSceneGenerator:BootstrapProject () (at Assets/AsimovMujoco/Editor/MjcfEpisodeSceneGenerator.cs:29)

(Filename: ./Library/PackageCache/org.mujoco@72cb2b210d/Runtime/Importer/MjcfImporter.cs Line: 398)

The importer does not yet support sensor <jointactuatorfrc>.
UnityEngine.StackTraceUtility:ExtractStackTrace () (at /home/bokken/build/output/unity/unity/Runtime/Export/Scripting/StackTrace.cs:37)
UnityEngine.DebugLogHandler:LogFormat (UnityEngine.LogType,UnityEngine.Object,string,object[])
UnityEngine.Logger:Log (UnityEngine.LogType,object)
UnityEngine.Debug:Log (object)
Mujoco.MjcfImporter:ParseSensorType (System.Xml.XmlElement) (at ./Library/PackageCache/org.mujoco@72cb2b210d/Runtime/Importer/MjcfImporter.cs:398)
Mujoco.MjcfImporter:ParseRoot (UnityEngine.GameObject,System.Xml.XmlElement) (at ./Library/PackageCache/org.mujoco@72cb2b210d/Runtime/Importer/MjcfImporter.cs:208)
Mujoco.MjImporterWithAssets:ParseRoot (UnityEngine.GameObject,System.Xml.XmlElement) (at ./Library/PackageCache/org.mujoco@72cb2b210d/Editor/Importer/MjImporterWithAssets.cs:91)
Mujoco.MjcfImporter:ImportXml (System.Xml.XmlDocument,string) (at ./Library/PackageCache/org.mujoco@72cb2b210d/Runtime/Importer/MjcfImporter.cs:100)
Mujoco.MjImporterWithAssets:ImportString (string,string,string) (at ./Library/PackageCache/org.mujoco@72cb2b210d/Editor/Importer/MjImporterWithAssets.cs:75)
Asimov.UnityMujoco.Editor.MjcfEpisodeSceneGenerator:ImportExpandedEpisodeScene (Asimov.UnityMujoco.EpisodeConfig,string) (at Assets/AsimovMujoco/Editor/MjcfEpisodeSceneGenerator.cs:128)
Asimov.UnityMujoco.Editor.MjcfEpisodeSceneGenerator:ImportEpisodeScene (Asimov.UnityMujoco.EpisodeConfig) (at Assets/AsimovMujoco/Editor/MjcfEpisodeSceneGenerator.cs:96)
Asimov.UnityMujoco.Editor.MjcfEpisodeSceneGenerator:ImportAllEpisodeScenes () (at Assets/AsimovMujoco/Editor/MjcfEpisodeSceneGenerator.cs:56)
Asimov.UnityMujoco.Editor.MjcfEpisodeSceneGenerator:BootstrapProject () (at Assets/AsimovMujoco/Editor/MjcfEpisodeSceneGenerator.cs:29)

(Filename: ./Library/PackageCache/org.mujoco@72cb2b210d/Runtime/Importer/MjcfImporter.cs Line: 398)

The importer does not yet support sensor <jointactuatorfrc>.
UnityEngine.StackTraceUtility:ExtractStackTrace () (at /home/bokken/build/output/unity/unity/Runtime/Export/Scripting/StackTrace.cs:37)
UnityEngine.DebugLogHandler:LogFormat (UnityEngine.LogType,UnityEngine.Object,string,object[])
UnityEngine.Logger:Log (UnityEngine.LogType,object)
UnityEngine.Debug:Log (object)
Mujoco.MjcfImporter:ParseSensorType (System.Xml.XmlElement) (at ./Library/PackageCache/org.mujoco@72cb2b210d/Runtime/Importer/MjcfImporter.cs:398)
Mujoco.MjcfImporter:ParseRoot (UnityEngine.GameObject,System.Xml.XmlElement) (at ./Library/PackageCache/org.mujoco@72cb2b210d/Runtime/Importer/MjcfImporter.cs:208)
Mujoco.MjImporterWithAssets:ParseRoot (UnityEngine.GameObject,System.Xml.XmlElement) (at ./Library/PackageCache/org.mujoco@72cb2b210d/Editor/Importer/MjImporterWithAssets.cs:91)
Mujoco.MjcfImporter:ImportXml (System.Xml.XmlDocument,string) (at ./Library/PackageCache/org.mujoco@72cb2b210d/Runtime/Importer/MjcfImporter.cs:100)
Mujoco.MjImporterWithAssets:ImportString (string,string,string) (at ./Library/PackageCache/org.mujoco@72cb2b210d/Editor/Importer/MjImporterWithAssets.cs:75)
Asimov.UnityMujoco.Editor.MjcfEpisodeSceneGenerator:ImportExpandedEpisodeScene (Asimov.UnityMujoco.EpisodeConfig,string) (at Assets/AsimovMujoco/Editor/MjcfEpisodeSceneGenerator.cs:128)
Asimov.UnityMujoco.Editor.MjcfEpisodeSceneGenerator:ImportEpisodeScene (Asimov.UnityMujoco.EpisodeConfig) (at Assets/AsimovMujoco/Editor/MjcfEpisodeSceneGenerator.cs:96)
Asimov.UnityMujoco.Editor.MjcfEpisodeSceneGenerator:ImportAllEpisodeScenes () (at Assets/AsimovMujoco/Editor/MjcfEpisodeSceneGenerator.cs:56)
Asimov.UnityMujoco.Editor.MjcfEpisodeSceneGenerator:BootstrapProject () (at Assets/AsimovMujoco/Editor/MjcfEpisodeSceneGenerator.cs:29)

(Filename: ./Library/PackageCache/org.mujoco@72cb2b210d/Runtime/Importer/MjcfImporter.cs Line: 398)

The importer does not yet support sensor <jointactuatorfrc>.
UnityEngine.StackTraceUtility:ExtractStackTrace () (at /home/bokken/build/output/unity/unity/Runtime/Export/Scripting/StackTrace.cs:37)
UnityEngine.DebugLogHandler:LogFormat (UnityEngine.LogType,UnityEngine.Object,string,object[])
UnityEngine.Logger:Log (UnityEngine.LogType,object)
UnityEngine.Debug:Log (object)
Mujoco.MjcfImporter:ParseSensorType (System.Xml.XmlElement) (at ./Library/PackageCache/org.mujoco@72cb2b210d/Runtime/Importer/MjcfImporter.cs:398)
Mujoco.MjcfImporter:ParseRoot (UnityEngine.GameObject,System.Xml.XmlElement) (at ./Library/PackageCache/org.mujoco@72cb2b210d/Runtime/Importer/MjcfImporter.cs:208)
Mujoco.MjImporterWithAssets:ParseRoot (UnityEngine.GameObject,System.Xml.XmlElement) (at ./Library/PackageCache/org.mujoco@72cb2b210d/Editor/Importer/MjImporterWithAssets.cs:91)
Mujoco.MjcfImporter:ImportXml (System.Xml.XmlDocument,string) (at ./Library/PackageCache/org.mujoco@72cb2b210d/Runtime/Importer/MjcfImporter.cs:100)
Mujoco.MjImporterWithAssets:ImportString (string,string,string) (at ./Library/PackageCache/org.mujoco@72cb2b210d/Editor/Importer/MjImporterWithAssets.cs:75)
Asimov.UnityMujoco.Editor.MjcfEpisodeSceneGenerator:ImportExpandedEpisodeScene (Asimov.UnityMujoco.EpisodeConfig,string) (at Assets/AsimovMujoco/Editor/MjcfEpisodeSceneGenerator.cs:128)
Asimov.UnityMujoco.Editor.MjcfEpisodeSceneGenerator:ImportEpisodeScene (Asimov.UnityMujoco.EpisodeConfig) (at Assets/AsimovMujoco/Editor/MjcfEpisodeSceneGenerator.cs:96)
Asimov.UnityMujoco.Editor.MjcfEpisodeSceneGenerator:ImportAllEpisodeScenes () (at Assets/AsimovMujoco/Editor/MjcfEpisodeSceneGenerator.cs:56)
Asimov.UnityMujoco.Editor.MjcfEpisodeSceneGenerator:BootstrapProject () (at Assets/AsimovMujoco/Editor/MjcfEpisodeSceneGenerator.cs:29)

(Filename: ./Library/PackageCache/org.mujoco@72cb2b210d/Runtime/Importer/MjcfImporter.cs Line: 398)

The importer does not yet support sensor <jointactuatorfrc>.
UnityEngine.StackTraceUtility:ExtractStackTrace () (at /home/bokken/build/output/unity/unity/Runtime/Export/Scripting/StackTrace.cs:37)
UnityEngine.DebugLogHandler:LogFormat (UnityEngine.LogType,UnityEngine.Object,string,object[])
UnityEngine.Logger:Log (UnityEngine.LogType,object)
UnityEngine.Debug:Log (object)
Mujoco.MjcfImporter:ParseSensorType (System.Xml.XmlElement) (at ./Library/PackageCache/org.mujoco@72cb2b210d/Runtime/Importer/MjcfImporter.cs:398)
Mujoco.MjcfImporter:ParseRoot (UnityEngine.GameObject,System.Xml.XmlElement) (at ./Library/PackageCache/org.mujoco@72cb2b210d/Runtime/Importer/MjcfImporter.cs:208)
Mujoco.MjImporterWithAssets:ParseRoot (UnityEngine.GameObject,System.Xml.XmlElement) (at ./Library/PackageCache/org.mujoco@72cb2b210d/Editor/Importer/MjImporterWithAssets.cs:91)
Mujoco.MjcfImporter:ImportXml (System.Xml.XmlDocument,string) (at ./Library/PackageCache/org.mujoco@72cb2b210d/Runtime/Importer/MjcfImporter.cs:100)
Mujoco.MjImporterWithAssets:ImportString (string,string,string) (at ./Library/PackageCache/org.mujoco@72cb2b210d/Editor/Importer/MjImporterWithAssets.cs:75)
Asimov.UnityMujoco.Editor.MjcfEpisodeSceneGenerator:ImportExpandedEpisodeScene (Asimov.UnityMujoco.EpisodeConfig,string) (at Assets/AsimovMujoco/Editor/MjcfEpisodeSceneGenerator.cs:128)
Asimov.UnityMujoco.Editor.MjcfEpisodeSceneGenerator:ImportEpisodeScene (Asimov.UnityMujoco.EpisodeConfig) (at Assets/AsimovMujoco/Editor/MjcfEpisodeSceneGenerator.cs:96)
Asimov.UnityMujoco.Editor.MjcfEpisodeSceneGenerator:ImportAllEpisodeScenes () (at Assets/AsimovMujoco/Editor/MjcfEpisodeSceneGenerator.cs:56)
Asimov.UnityMujoco.Editor.MjcfEpisodeSceneGenerator:BootstrapProject () (at Assets/AsimovMujoco/Editor/MjcfEpisodeSceneGenerator.cs:29)

(Filename: ./Library/PackageCache/org.mujoco@72cb2b210d/Runtime/Importer/MjcfImporter.cs Line: 398)

The importer does not yet support sensor <jointactuatorfrc>.
UnityEngine.StackTraceUtility:ExtractStackTrace () (at /home/bokken/build/output/unity/unity/Runtime/Export/Scripting/StackTrace.cs:37)
UnityEngine.DebugLogHandler:LogFormat (UnityEngine.LogType,UnityEngine.Object,string,object[])
UnityEngine.Logger:Log (UnityEngine.LogType,object)
UnityEngine.Debug:Log (object)
Mujoco.MjcfImporter:ParseSensorType (System.Xml.XmlElement) (at ./Library/PackageCache/org.mujoco@72cb2b210d/Runtime/Importer/MjcfImporter.cs:398)
Mujoco.MjcfImporter:ParseRoot (UnityEngine.GameObject,System.Xml.XmlElement) (at ./Library/PackageCache/org.mujoco@72cb2b210d/Runtime/Importer/MjcfImporter.cs:208)
Mujoco.MjImporterWithAssets:ParseRoot (UnityEngine.GameObject,System.Xml.XmlElement) (at ./Library/PackageCache/org.mujoco@72cb2b210d/Editor/Importer/MjImporterWithAssets.cs:91)
Mujoco.MjcfImporter:ImportXml (System.Xml.XmlDocument,string) (at ./Library/PackageCache/org.mujoco@72cb2b210d/Runtime/Importer/MjcfImporter.cs:100)
Mujoco.MjImporterWithAssets:ImportString (string,string,string) (at ./Library/PackageCache/org.mujoco@72cb2b210d/Editor/Importer/MjImporterWithAssets.cs:75)
Asimov.UnityMujoco.Editor.MjcfEpisodeSceneGenerator:ImportExpandedEpisodeScene (Asimov.UnityMujoco.EpisodeConfig,string) (at Assets/AsimovMujoco/Editor/MjcfEpisodeSceneGenerator.cs:128)
Asimov.UnityMujoco.Editor.MjcfEpisodeSceneGenerator:ImportEpisodeScene (Asimov.UnityMujoco.EpisodeConfig) (at Assets/AsimovMujoco/Editor/MjcfEpisodeSceneGenerator.cs:96)
Asimov.UnityMujoco.Editor.MjcfEpisodeSceneGenerator:ImportAllEpisodeScenes () (at Assets/AsimovMujoco/Editor/MjcfEpisodeSceneGenerator.cs:56)
Asimov.UnityMujoco.Editor.MjcfEpisodeSceneGenerator:BootstrapProject () (at Assets/AsimovMujoco/Editor/MjcfEpisodeSceneGenerator.cs:29)

(Filename: ./Library/PackageCache/org.mujoco@72cb2b210d/Runtime/Importer/MjcfImporter.cs Line: 398)

The importer does not yet support sensor <jointactuatorfrc>.
UnityEngine.StackTraceUtility:ExtractStackTrace () (at /home/bokken/build/output/unity/unity/Runtime/Export/Scripting/StackTrace.cs:37)
UnityEngine.DebugLogHandler:LogFormat (UnityEngine.LogType,UnityEngine.Object,string,object[])
UnityEngine.Logger:Log (UnityEngine.LogType,object)
UnityEngine.Debug:Log (object)
Mujoco.MjcfImporter:ParseSensorType (System.Xml.XmlElement) (at ./Library/PackageCache/org.mujoco@72cb2b210d/Runtime/Importer/MjcfImporter.cs:398)
Mujoco.MjcfImporter:ParseRoot (UnityEngine.GameObject,System.Xml.XmlElement) (at ./Library/PackageCache/org.mujoco@72cb2b210d/Runtime/Importer/MjcfImporter.cs:208)
Mujoco.MjImporterWithAssets:ParseRoot (UnityEngine.GameObject,System.Xml.XmlElement) (at ./Library/PackageCache/org.mujoco@72cb2b210d/Editor/Importer/MjImporterWithAssets.cs:91)
Mujoco.MjcfImporter:ImportXml (System.Xml.XmlDocument,string) (at ./Library/PackageCache/org.mujoco@72cb2b210d/Runtime/Importer/MjcfImporter.cs:100)
Mujoco.MjImporterWithAssets:ImportString (string,string,string) (at ./Library/PackageCache/org.mujoco@72cb2b210d/Editor/Importer/MjImporterWithAssets.cs:75)
Asimov.UnityMujoco.Editor.MjcfEpisodeSceneGenerator:ImportExpandedEpisodeScene (Asimov.UnityMujoco.EpisodeConfig,string) (at Assets/AsimovMujoco/Editor/MjcfEpisodeSceneGenerator.cs:128)
Asimov.UnityMujoco.Editor.MjcfEpisodeSceneGenerator:ImportEpisodeScene (Asimov.UnityMujoco.EpisodeConfig) (at Assets/AsimovMujoco/Editor/MjcfEpisodeSceneGenerator.cs:96)
Asimov.UnityMujoco.Editor.MjcfEpisodeSceneGenerator:ImportAllEpisodeScenes () (at Assets/AsimovMujoco/Editor/MjcfEpisodeSceneGenerator.cs:56)
Asimov.UnityMujoco.Editor.MjcfEpisodeSceneGenerator:BootstrapProject () (at Assets/AsimovMujoco/Editor/MjcfEpisodeSceneGenerator.cs:29)

(Filename: ./Library/PackageCache/org.mujoco@72cb2b210d/Runtime/Importer/MjcfImporter.cs Line: 398)

Start importing Assets/AsimovMujoco/Scenes/go2_lateral_static_dynamic_obstacles.unity using Guid(b201fd5f72e74eb5094dc7969c6aed4e) Importer(-1,00000000000000000000000000000000) [PhysX] Initialized MultithreadedTaskDispatcher with 22 workers.
 -> (artifact id: 'd37018a1cea916390e833faa13e292b5') in 0.000726 seconds
Refreshing native plugins compatible for Editor in 0.10 ms, found 0 plugins.
Preloading 0 native plugins for Editor in 0.00 ms.
Asset Pipeline Refresh (id=4bd505a75e2b0da7da34098697082cbc): Total: 0.007 seconds - Initiated by StopAssetImportingV2(NoUpdateAssetOptions)
Created imported MuJoCo episode scene Assets/AsimovMujoco/Scenes/go2_lateral_static_dynamic_obstacles.unity
UnityEngine.StackTraceUtility:ExtractStackTrace () (at /home/bokken/build/output/unity/unity/Runtime/Export/Scripting/StackTrace.cs:37)
UnityEngine.DebugLogHandler:LogFormat (UnityEngine.LogType,UnityEngine.Object,string,object[])
UnityEngine.Logger:Log (UnityEngine.LogType,object)
UnityEngine.Debug:Log (object)
Asimov.UnityMujoco.Editor.MjcfEpisodeSceneGenerator:ImportEpisodeScene (Asimov.UnityMujoco.EpisodeConfig) (at Assets/AsimovMujoco/Editor/MjcfEpisodeSceneGenerator.cs:121)
Asimov.UnityMujoco.Editor.MjcfEpisodeSceneGenerator:ImportAllEpisodeScenes () (at Assets/AsimovMujoco/Editor/MjcfEpisodeSceneGenerator.cs:56)
Asimov.UnityMujoco.Editor.MjcfEpisodeSceneGenerator:BootstrapProject () (at Assets/AsimovMujoco/Editor/MjcfEpisodeSceneGenerator.cs:29)

(Filename: Assets/AsimovMujoco/Editor/MjcfEpisodeSceneGenerator.cs Line: 121)

Asset Pipeline Refresh (id=982c8583a4f6de7109f5fd2449b6c579): Total: 0.012 seconds - Initiated by RefreshV2(NoUpdateAssetOptions)
[PhysX] Initialized MultithreadedTaskDispatcher with 22 workers.
Unloading 0 Unused Serialized files (Serialized files now loaded: 0)
Unloading 324 unused Assets / (197.0 KB). Loaded Objects now: 1250.
Memory consumption went from 97.3 MB to 97.2 MB.
Total: 2.983933 ms (FindLiveObjects: 0.064667 ms CreateObjectMapping: 0.014289 ms MarkObjects: 2.645546 ms  DeleteObjects: 0.258948 ms)

Start importing Assets/AsimovMujoco/Scenes/AsimovMujocoEpisodes.unity using Guid(bb830304653d5c0baad92fb6089ecf7c) Importer(-1,00000000000000000000000000000000) [PhysX] Initialized MultithreadedTaskDispatcher with 22 workers.
 -> (artifact id: '1852187ef216a6cc4e23c39cc161313b') in 0.000470 seconds
Refreshing native plugins compatible for Editor in 0.06 ms, found 0 plugins.
Preloading 0 native plugins for Editor in 0.00 ms.
Asset Pipeline Refresh (id=387b14fe0534dee6f85230a8ab9f11f5): Total: 0.005 seconds - Initiated by StopAssetImportingV2(NoUpdateAssetOptions)
Asset Pipeline Refresh (id=19c2fd2ad3ba7e7129a02190079ff76e): Total: 0.006 seconds - Initiated by RefreshV2(NoUpdateAssetOptions)
Created Assets/AsimovMujoco/Scenes/AsimovMujocoEpisodes.unity
UnityEngine.StackTraceUtility:ExtractStackTrace () (at /home/bokken/build/output/unity/unity/Runtime/Export/Scripting/StackTrace.cs:37)
UnityEngine.DebugLogHandler:LogFormat (UnityEngine.LogType,UnityEngine.Object,string,object[])
UnityEngine.Logger:Log (UnityEngine.LogType,object)
UnityEngine.Debug:Log (object)
Asimov.UnityMujoco.Editor.MjcfEpisodeSceneGenerator:CreateEpisodeLauncherScene () (at Assets/AsimovMujoco/Editor/MjcfEpisodeSceneGenerator.cs:81)
Asimov.UnityMujoco.Editor.MjcfEpisodeSceneGenerator:BootstrapProject () (at Assets/AsimovMujoco/Editor/MjcfEpisodeSceneGenerator.cs:30)

(Filename: Assets/AsimovMujoco/Editor/MjcfEpisodeSceneGenerator.cs Line: 81)

Batchmode quit successfully invoked - shutting down!
[PhysX] Initialized MultithreadedTaskDispatcher with 22 workers.
Input System module state changed to: ShutdownInProgress.
Input System polling thread exited.
Input System module state changed to: Shutdown.
[Licensing::IpcConnector] LicenseClient-luis-notifications channel disconnected successfully.
[Licensing::IpcConnector] LicenseClient-luis channel disconnected successfully.
info: Microsoft.Hosting.Lifetime[0]
      Application is shutting down...
Cleanup mono
debugger-agent: Unable to listen on 60
[Performance] Application.InitializeProject                                                                                  :        1 samples, Peak.  2.96 s (1.0x), Avg.  2.96 s, Total. 2.965 s (11.0%)
[Performance] Application.PackageManager.StartServer                                                                         :        1 samples, Peak.  1.77 ms (1.0x), Avg.  1.77 ms, Total. 1.768 ms (0.0%)
[Performance] Application.AcquireProjectLock                                                                                 :        1 samples, Peak.   266 us (1.0x), Avg.   266 us, Total. 265.6 us (0.0%)
[Performance] Application.InitializeEngineNoGraphics                                                                         :        1 samples, Peak.   104 ms (1.0x), Avg.   104 ms, Total. 104.1 ms (0.4%)
[Performance] Application.PackageManager.Initialize                                                                          :        1 samples, Peak.  90.2 ms (1.0x), Avg.  90.2 ms, Total. 90.19 ms (0.3%)
[Performance] Connecting to Package Manager                                                                                  :       10 samples, Peak.  28.9 us (9.3x), Avg.  3.12 us, Total. 31.20 us (0.0%)
[Performance] Application.EngineGraphics.Initialize                                                                          :        1 samples, Peak.  54.2 ms (1.0x), Avg.  54.2 ms, Total. 54.20 ms (0.2%)
[Performance] Application.GI.Initialize                                                                                      :        1 samples, Peak.  4.72 ms (1.0x), Avg.  4.72 ms, Total. 4.723 ms (0.0%)
[Performance] Application.LoadAllDefaultResourcesFromEditor                                                                  :        1 samples, Peak.  2.92 ms (1.0x), Avg.  2.92 ms, Total. 2.924 ms (0.0%)
[Performance] Application.LoadMonoAssemblies                                                                                 :        1 samples, Peak.   380 ms (1.0x), Avg.   380 ms, Total. 379.9 ms (1.4%)
[Performance] RestoreManagedReferences                                                                                       :        2 samples, Peak.  29.2 ms (2.0x), Avg.  14.6 ms, Total. 29.21 ms (0.1%)
[Performance] InitializeOnLoad AssetStoreContext                                                                             :        2 samples, Peak.  16.4 ms (1.1x), Avg.  15.6 ms, Total. 31.16 ms (0.1%)
[Performance] InitializeOnLoad DrivenRectTransformUndo                                                                       :        2 samples, Peak.   174 us (1.0x), Avg.   172 us, Total. 343.2 us (0.0%)
[Performance] InitializeOnLoad UISystemProfilerRenderService                                                                 :        2 samples, Peak.  6.75 us (1.2x), Avg.  5.83 us, Total. 11.67 us (0.0%)
[Performance] InitializeOnLoad SceneSearch                                                                                   :        2 samples, Peak.   100 us (1.2x), Avg.  85.6 us, Total. 171.2 us (0.0%)
[Performance] InitializeOnLoad NativeFormatImporterUtility                                                                   :        2 samples, Peak.  2.10 ms (1.3x), Avg.  1.66 ms, Total. 3.323 ms (0.0%)
[Performance] InitializeOnLoad ManagedDebuggerWindow                                                                         :        2 samples, Peak.   530 us (1.0x), Avg.   510 us, Total. 1.020 ms (0.0%)
[Performance] InitializeOnLoad SearchService                                                                                 :        2 samples, Peak.  76.1 us (1.0x), Avg.  73.3 us, Total. 146.6 us (0.0%)
[Performance] InitializeOnLoad WindowLayout                                                                                  :        2 samples, Peak.   530 us (1.1x), Avg.   476 us, Total. 951.4 us (0.0%)
[Performance] InitializeOnLoad PoolManager                                                                                   :        2 samples, Peak.   370 us (1.0x), Avg.   366 us, Total. 731.3 us (0.0%)
[Performance] InitializeOnLoad CloudBuild                                                                                    :        2 samples, Peak.  4.53 us (1.2x), Avg.  3.68 us, Total. 7.356 us (0.0%)
[Performance] InitializeOnLoad MixerEffectDefinitionReloader                                                                 :        2 samples, Peak.  2.26 ms (1.4x), Avg.  1.66 ms, Total. 3.321 ms (0.0%)
[Performance] InitializeOnLoad SettingsService                                                                               :        2 samples, Peak.  8.30 us (1.1x), Avg.  7.52 us, Total. 15.03 us (0.0%)
[Performance] InitializeOnLoad ProjectSearch                                                                                 :        2 samples, Peak.  41.7 us (1.1x), Avg.  39.1 us, Total. 78.15 us (0.0%)
[Performance] InitializeOnLoad CacheServerWindow                                                                             :        2 samples, Peak.  11.3 us (1.1x), Avg.  10.1 us, Total. 20.15 us (0.0%)
[Performance] InitializeOnLoad EditMode                                                                                      :        2 samples, Peak.   306 us (1.0x), Avg.   305 us, Total. 609.5 us (0.0%)
[Performance] InitializeOnLoad UnityConnect                                                                                  :        2 samples, Peak.  39.4 us (1.1x), Avg.  35.8 us, Total. 71.54 us (0.0%)
[Performance] InitializeOnLoad ManagedDebugger                                                                               :        2 samples, Peak.   309 ns (1.1x), Avg.   278 ns, Total. 556.0 ns (0.0%)
[Performance] InitializeOnLoad ShortcutIntegration                                                                           :        2 samples, Peak.  39.7 us (1.0x), Avg.  39.4 us, Total. 78.81 us (0.0%)
[Performance] InitializeOnLoad AddComponentWindow                                                                            :        2 samples, Peak.  75.4 us (1.0x), Avg.  74.0 us, Total. 147.9 us (0.0%)
[Performance] InitializeOnLoad PlayModeDownload                                                                              :        2 samples, Peak.  3.94 ms (1.9x), Avg.  2.03 ms, Total. 4.058 ms (0.0%)
[Performance] InitializeOnLoad MenuItems                                                                                     :        2 samples, Peak.  63.4 us (1.1x), Avg.  57.4 us, Total. 114.7 us (0.0%)
[Performance] InitializeOnLoad PrefabInstanceChangedListener                                                                 :        2 samples, Peak.  91.9 us (1.0x), Avg.  88.0 us, Total. 176.1 us (0.0%)
[Performance] InitializeOnLoad ObjectSelectorSearch                                                                          :        2 samples, Peak.  27.5 us (1.1x), Avg.  24.7 us, Total. 49.33 us (0.0%)
[Performance] InitializeOnLoad EditorMonitor                                                                                 :        2 samples, Peak.   455 us (1.2x), Avg.   370 us, Total. 740.0 us (0.0%)
[Performance] InitializeOnLoad RetainedMode                                                                                  :        2 samples, Peak.  1.54 ms (1.0x), Avg.  1.51 ms, Total. 3.013 ms (0.0%)
[Performance] InitializeOnLoad EditorShaderLoader                                                                            :        2 samples, Peak.   431 us (1.1x), Avg.   405 us, Total. 810.5 us (0.0%)
[Performance] InitializeOnLoad EditorDelegateRegistration                                                                    :        2 samples, Peak.   350 us (1.1x), Avg.   317 us, Total. 634.0 us (0.0%)
[Performance] InitializeOnLoad UIDocumentHierarchyWatcher                                                                    :        2 samples, Peak.  47.6 us (1.0x), Avg.  47.3 us, Total. 94.60 us (0.0%)
[Performance] InitializeOnLoad LiveReloadTrackerCreator                                                                      :        2 samples, Peak.   144 us (1.2x), Avg.   116 us, Total. 232.5 us (0.0%)
[Performance] InitializeOnLoad UxmlObjectEditorFactories                                                                     :        2 samples, Peak.   306 us (1.1x), Avg.   273 us, Total. 545.6 us (0.0%)
[Performance] InitializeOnLoad UXMLEditorFactories                                                                           :        2 samples, Peak.  42.8 ms (1.1x), Avg.  40.4 ms, Total. 80.83 ms (0.3%)
[Performance] InitializeOnLoad PurchasingService                                                                             :        2 samples, Peak.  4.57 ms (1.1x), Avg.  4.34 ms, Total. 8.679 ms (0.0%)
[Performance] InitializeOnLoad CloudBuildPoller                                                                              :        2 samples, Peak.  81.8 us (1.1x), Avg.  76.8 us, Total. 153.6 us (0.0%)
[Performance] InitializeOnLoad EditorGameServicesAnalytics                                                                   :        2 samples, Peak.  1.23 ms (1.3x), Avg.   917 us, Total. 1.835 ms (0.0%)
[Performance] InitializeOnLoad AnalyticsService                                                                              :        2 samples, Peak.   127 us (1.0x), Avg.   123 us, Total. 246.1 us (0.0%)
[Performance] InitializeOnLoad BuildService                                                                                  :        2 samples, Peak.   106 us (1.0x), Avg.   103 us, Total. 206.2 us (0.0%)
[Performance] InitializeOnLoad AdsService                                                                                    :        2 samples, Peak.   277 us (1.0x), Avg.   272 us, Total. 543.4 us (0.0%)
[Performance] InitializeOnLoad UDPService                                                                                    :        2 samples, Peak.   105 us (1.0x), Avg.   104 us, Total. 207.4 us (0.0%)
[Performance] InitializeOnLoad CrashService                                                                                  :        2 samples, Peak.  98.1 us (1.0x), Avg.  96.4 us, Total. 192.7 us (0.0%)
[Performance] InitializeOnLoad ServicesRepository                                                                            :        2 samples, Peak.   287 ns (1.0x), Avg.   275 ns, Total. 549.0 ns (0.0%)
[Performance] InitializeOnLoad SearchWindow                                                                                  :        2 samples, Peak.  90.7 us (1.1x), Avg.  84.1 us, Total. 168.2 us (0.0%)
[Performance] InitializeOnLoad SearchMonitor                                                                                 :        2 samples, Peak.  1.78 ms (1.0x), Avg.  1.76 ms, Total. 3.527 ms (0.0%)
[Performance] InitializeOnLoad CustomIndexers                                                                                :        2 samples, Peak.  11.0 ms (1.1x), Avg.  9.61 ms, Total. 19.21 ms (0.1%)
[Performance] InitializeOnLoad ParameterControllerEditor                                                                     :        2 samples, Peak.  12.8 us (1.0x), Avg.  12.5 us, Total. 25.07 us (0.0%)
[Performance] InitializeOnLoad LayerSettingsWindow                                                                           :        2 samples, Peak.  17.3 us (1.7x), Avg.  9.93 us, Total. 19.87 us (0.0%)
[Performance] InitializeOnLoad PackageManagerHookGUIDConverter.RegisterPackagesEventHandler                                  :        2 samples, Peak.   525 us (1.9x), Avg.   280 us, Total. 560.6 us (0.0%)
[Performance] InitializeOnLoad EditorDragAndDrop.RegisterEditorClient                                                        :        2 samples, Peak.   145 us (1.1x), Avg.   137 us, Total. 274.3 us (0.0%)
[Performance] InitializeOnLoad EditorEventCallbacks.InitializeFontAssetResourceChangeCallBacks                               :        2 samples, Peak.   810 us (1.0x), Avg.   791 us, Total. 1.583 ms (0.0%)
[Performance] InitializeOnLoad SceneTemplateService.Init                                                                     :        2 samples, Peak.   842 us (1.0x), Avg.   805 us, Total. 1.609 ms (0.0%)
[Performance] InitializeOnLoad DiagnosticSwitchesConsoleMessage.Init                                                         :        2 samples, Peak.  2.74 ms (1.6x), Avg.  1.69 ms, Total. 3.383 ms (0.0%)
[Performance] InitializeOnLoad PackageManagerWindow.EditorInitializedInSafeMode                                              :        2 samples, Peak.  17.6 ms (2.0x), Avg.  8.84 ms, Total. 17.68 ms (0.1%)
[Performance] InitializeOnLoad MemoryProfilerCompilationGuard.InjectCompileGuard                                             :        2 samples, Peak.   104 us (1.0x), Avg.   102 us, Total. 203.9 us (0.0%)
[Performance] InitializeOnLoad AssetPostprocessingInternal.RefreshCustomDependencies                                         :        2 samples, Peak.  2.02 ms (1.6x), Avg.  1.26 ms, Total. 2.518 ms (0.0%)
[Performance] InitializeOnLoad SysrootManager.Initialize                                                                     :        2 samples, Peak.  8.67 us (1.0x), Avg.  8.39 us, Total. 16.78 us (0.0%)
[Performance] InitializeOnLoad ScopedRegistryAddedPopup.SubscribeToRegistriesAdded                                           :        2 samples, Peak.  4.86 ms (2.0x), Avg.  2.46 ms, Total. 4.923 ms (0.0%)
[Performance] InitializeOnLoad EditorWindow.Initialize                                                                       :        2 samples, Peak.   160 us (1.1x), Avg.   152 us, Total. 303.5 us (0.0%)
[Performance] InitializeOnLoad ToolShortcutContext.Init                                                                      :        2 samples, Peak.  82.3 us (1.1x), Avg.  77.3 us, Total. 154.5 us (0.0%)
[Performance] InitializeOnLoad SceneVisibilityManager.Initialize                                                             :        2 samples, Peak.  4.74 ms (1.8x), Avg.  2.64 ms, Total. 5.283 ms (0.0%)
[Performance] AssemblyReloadEvents.afterAssemblyReload: UnityEditor.SceneTemplate.SceneTemplateService.AfterAssemblyReload   :        2 samples, Peak.  2.01 ms (1.8x), Avg.  1.10 ms, Total. 2.203 ms (0.0%)
[Performance] ProcessService.EditorAfterLoadAllAssemblies                                                                    :        2 samples, Peak.   226 us (1.1x), Avg.   198 us, Total. 395.2 us (0.0%)
[Performance] Application.ReadLicenseInfo                                                                                    :        1 samples, Peak.  11.0 ms (1.0x), Avg.  11.0 ms, Total. 10.98 ms (0.0%)
[Performance] Application.InitialRefresh                                                                                     :        1 samples, Peak.  2.02 s (1.0x), Avg.  2.02 s, Total. 2.024 s (7.5%)
[Performance] ShaderImporter.SourceAssetModified                                                                             :      478 samples, Peak.  1.19 us (2.2x), Avg.   530 ns, Total. 253.4 us (0.0%)
[Performance] ShaderIncludeImporter.SourceAssetModified                                                                      :      478 samples, Peak.  2.49 us (3.9x), Avg.   633 ns, Total. 302.6 us (0.0%)
[Performance] Compiling Scripts                                                                                              :        1 samples, Peak.  1.42 s (1.0x), Avg.  1.42 s, Total. 1.419 s (5.3%)
[Performance] AssemblyReloadEvents.beforeAssemblyReload: UnityEditor.SceneTemplate.SceneTemplateService.BeforeAssemblyReload :        1 samples, Peak.   353 us (1.0x), Avg.   353 us, Total. 353.1 us (0.0%)
[Performance] PresetManagerPostProcessor.OnPreprocessAsset                                                                   :      475 samples, Peak.   846 us (65.3x), Avg.  12.9 us, Total. 6.148 ms (0.0%)
[Performance] CancelSplashScreenOnAssetChange.OnPreprocessAsset                                                              :      475 samples, Peak.   104 us (46.5x), Avg.  2.25 us, Total. 1.067 ms (0.0%)
[Performance] InitializeOnLoad PrefabLayoutRebuilder                                                                         :        1 samples, Peak.   171 us (1.0x), Avg.   171 us, Total. 171.2 us (0.0%)
[Performance] InitializeOnLoad UnityTestProtocolStarter                                                                      :        1 samples, Peak.   423 us (1.0x), Avg.   423 us, Total. 423.0 us (0.0%)
[Performance] InitializeOnLoad TestStarter.Initialize                                                                        :        1 samples, Peak.  2.25 ms (1.0x), Avg.  2.25 ms, Total. 2.252 ms (0.0%)
[Performance] InitializeOnLoad AnalyticsReporter.RegisterCallbacks                                                           :        1 samples, Peak.  2.38 ms (1.0x), Avg.  2.38 ms, Total. 2.380 ms (0.0%)
[Performance] InitializeOnLoad TestJobDataHolder.ResumeRunningJobs                                                           :        1 samples, Peak.   976 us (1.0x), Avg.   976 us, Total. 975.6 us (0.0%)
[Performance] InitializeOnLoad MujocoBinaryRetriever.SubscribeToEvent                                                        :        1 samples, Peak.   177 us (1.0x), Avg.   177 us, Total. 177.0 us (0.0%)
[Performance] DidReloadScriptsTestRunnerWindow.CompilationCallback                                                           :        1 samples, Peak.   594 us (1.0x), Avg.   594 us, Total. 593.6 us (0.0%)
[Performance] DidReloadScriptsTestListCache.ScriptReloaded                                                                   :        1 samples, Peak.  1.15 ms (1.0x), Avg.  1.15 ms, Total. 1.148 ms (0.0%)
[Performance] DidReloadScriptsAdvancedDropdownWindow.OnScriptReload                                                          :        1 samples, Peak.   138 us (1.0x), Avg.   138 us, Total. 138.4 us (0.0%)
[Performance] AssetDatabase.ImportAssets                                                                                     :      481 samples, Peak.  1.09 us (2.5x), Avg.   434 ns, Total. 208.6 us (0.0%)
[Performance] VersionControl.Task.Wait                                                                                       :        1 samples, Peak.  6.23 us (1.0x), Avg.  6.23 us, Total. 6.226 us (0.0%)
[Performance] BuilderAssetPostprocessor.OnPostprocessAllAssets                                                               :      954 samples, Peak.  2.25 ms (90.4x), Avg.  24.9 us, Total. 23.72 ms (0.1%)
[Performance] ArtifactBrowserPostProcessor.OnPostprocessAllAssets                                                            :      954 samples, Peak.   359 us (87.5x), Avg.  4.11 us, Total. 3.917 ms (0.0%)
[Performance] AssetEvents.OnPostprocessAllAssets                                                                             :     1908 samples, Peak.   127 us (42.9x), Avg.  2.97 us, Total. 5.660 ms (0.0%)
[Performance] AudioMixerPostprocessor.OnPostprocessAllAssets                                                                 :      954 samples, Peak.   195 us (65.8x), Avg.  2.97 us, Total. 2.832 ms (0.0%)
[Performance] StyleCatalogPostProcessor.OnPostprocessAllAssets                                                               :      954 samples, Peak.  10.8 ms (374.1x), Avg.  29.0 us, Total. 27.66 ms (0.1%)
[Performance] BuildCatalog                                                                                                   :        1 samples, Peak.  10.1 ms (1.0x), Avg.  10.1 ms, Total. 10.06 ms (0.0%)
[Performance] ModelImporterPostProcessor.OnPostprocessAllAssets                                                              :      954 samples, Peak.  1.53 ms (11.2x), Avg.   136 us, Total. 129.6 ms (0.5%)
[Performance] RetainedModeAssetPostprocessor.OnPostprocessAllAssets                                                          :      954 samples, Peak.  1.36 ms (110.9x), Avg.  12.3 us, Total. 11.72 ms (0.0%)
[Performance] AssetChangedListener.OnPostprocessAllAssets                                                                    :      954 samples, Peak.  1.34 ms (63.5x), Avg.  21.1 us, Total. 20.15 ms (0.1%)
[Performance] SpeedTreePostProcessor.OnPostprocessAllAssets                                                                  :      954 samples, Peak.   130 us (18.7x), Avg.  6.95 us, Total. 6.633 ms (0.0%)
[Performance] TextAssetPostProcessor.OnPostprocessAllAssets                                                                  :      954 samples, Peak.  1.32 ms (157.6x), Avg.  8.38 us, Total. 7.997 ms (0.0%)
[Performance] SyncVS.PostprocessSyncProject                                                                                  :      477 samples, Peak.   959 us (194.9x), Avg.  4.92 us, Total. 2.347 ms (0.0%)
[Performance] Application.ImportPackagesAndSetTemplateWhenCreatingProject                                                    :        1 samples, Peak.  9.84 ms (1.0x), Avg.  9.84 ms, Total. 9.837 ms (0.0%)
[Performance] Application.SyncCurrentColorSpace                                                                              :        1 samples, Peak.  56.6 ms (1.0x), Avg.  56.6 ms, Total. 56.61 ms (0.2%)
[Performance] Application.OnUsbDevicesChanged                                                                                :        1 samples, Peak.  1.62 ms (1.0x), Avg.  1.62 ms, Total. 1.625 ms (0.0%)
[Performance] Application.AssetInstanceCacheUpdate                                                                           :        1 samples, Peak.   227 ns (1.0x), Avg.   227 ns, Total. 227.0 ns (0.0%)
[Performance] Application.UnityExtensions.Initialize                                                                         :        1 samples, Peak.   866 us (1.0x), Avg.   866 us, Total. 865.7 us (0.0%)
[Performance] CodeEditorProjectSync.SyncEditorProject                                                                        :        1 samples, Peak.  54.5 us (1.0x), Avg.  54.5 us, Total. 54.49 us (0.0%)
[Performance] Application.ExecuteStartups                                                                                    :        1 samples, Peak.  47.9 ms (1.0x), Avg.  47.9 ms, Total. 47.90 ms (0.2%)
[Performance] Menu.RegisterMenuInterface                                                                                     :       26 samples, Peak.  1.05 us (6.3x), Avg.   167 ns, Total. 4.347 us (0.0%)
[Performance] Gizmo.RebuildRenderers                                                                                         :        1 samples, Peak.  47.5 ms (1.0x), Avg.  47.5 ms, Total. 47.48 ms (0.2%)
[Performance] Gizmo.AddGizmoRenderers                                                                                        :       27 samples, Peak.  1.49 ms (19.4x), Avg.  76.8 us, Total. 2.075 ms (0.0%)
[Performance] Application.editorInitializingProject                                                                          :        1 samples, Peak.  12.6 ms (1.0x), Avg.  12.6 ms, Total. 12.59 ms (0.0%)
[Performance] Application.InitializeMenu                                                                                     :        1 samples, Peak.  33.1 ms (1.0x), Avg.  33.1 ms, Total. 33.06 ms (0.1%)
[Performance] Menu.RebuildAll                                                                                                :        1 samples, Peak.  33.1 ms (1.0x), Avg.  33.1 ms, Total. 33.05 ms (0.1%)
[Performance] Menu.BuildRegisteredMenuInterfaces                                                                             :        1 samples, Peak.  32.7 ms (1.0x), Avg.  32.7 ms, Total. 32.67 ms (0.1%)
[Performance] Menu.FilterMenuItem                                                                                            :      481 samples, Peak.  13.3 ms (477.3x), Avg.  27.9 us, Total. 13.40 ms (0.0%)
[Performance] UpdateAllMenus                                                                                                 :        1 samples, Peak.   345 us (1.0x), Avg.   345 us, Total. 345.0 us (0.0%)
[Performance] EditorSceneManager.sceneClosing: UnityEditor.SceneVisibilityManager.EditorSceneManagerOnSceneClosing           :        8 samples, Peak.   187 us (7.4x), Avg.  25.2 us, Total. 201.7 us (0.0%)
[Performance] GUIView.RepaintAll.PlayerLoopController                                                                        :        8 samples, Peak.   598 ns (1.3x), Avg.   463 ns, Total. 3.704 us (0.0%)
[Performance] EditorSceneManager.newSceneCreated: UnityEditor.SceneTemplate.SceneTemplateService.OnNewSceneCreated           :        8 samples, Peak.   178 us (7.8x), Avg.  22.9 us, Total. 183.3 us (0.0%)
[Performance] EditorSceneManager.newSceneCreated: UnityEditor.SceneVisibilityManager.EditorSceneManagerOnNewSceneCreated     :        8 samples, Peak.   120 us (6.3x), Avg.  19.0 us, Total. 152.0 us (0.0%)
[Performance] EditorSceneManager.newSceneCreated: UnityEditor.SceneManagement.StageNavigationManager.OnNewSceneCreated       :        8 samples, Peak.  40.0 us (7.1x), Avg.  5.61 us, Total. 44.84 us (0.0%)
[Performance] Application.InvokeFinishedLoadingProject                                                                       :        1 samples, Peak.  1.24 ms (1.0x), Avg.  1.24 ms, Total. 1.238 ms (0.0%)
[Performance] ProcessService.OnProjectLoaded                                                                                 :        1 samples, Peak.  57.6 us (1.0x), Avg.  57.6 us, Total. 57.58 us (0.0%)
[Performance] AssetDatabase.Refresh                                                                                          :        3 samples, Peak.  22.9 ms (1.7x), Avg.  13.7 ms, Total. 41.01 ms (0.2%)
[Performance] AssetDatabase.DeleteAssets                                                                                     :        4 samples, Peak.  16.4 ms (1.3x), Avg.  12.2 ms, Total. 48.99 ms (0.2%)
[Performance] BuilderAssetModificationProcessor.OnWillDeleteAsset                                                            :        4 samples, Peak.   355 us (3.7x), Avg.  94.9 us, Total. 379.7 us (0.0%)
[Performance] TMP_FontAssetPostProcessor.OnWillDeleteAsset                                                                   :        4 samples, Peak.   144 us (2.8x), Avg.  51.2 us, Total. 204.9 us (0.0%)
[Performance] CancelSplashScreenOnAssetDelete.OnWillDeleteAsset                                                              :        4 samples, Peak.  86.0 us (3.7x), Avg.  23.4 us, Total. 93.49 us (0.0%)
[Performance] EditorApplication.projectChanged: UnityEditor.Audio.MixerEffectDefinitionReloader.OnProjectChanged             :      473 samples, Peak.  1.91 ms (7.2x), Avg.   264 us, Total. 124.9 ms (0.5%)
[Performance] AssetDatabase.ImportAsset                                                                                      :      211 samples, Peak.   205 ms (6.0x), Avg.  34.2 ms, Total. 7.212 s (26.8%)
[Performance] BuilderAssetModificationProcessor.OnWillCreateAsset                                                            :      701 samples, Peak.   209 us (15.5x), Avg.  13.5 us, Total. 9.462 ms (0.0%)
[Performance] BuilderAssetModificationProcessor.OnWillSaveAssets                                                             :      437 samples, Peak.   198 us (42.8x), Avg.  4.62 us, Total. 2.019 ms (0.0%)
[Performance] TerrainModificationProcessor.OnWillSaveAssets                                                                  :      437 samples, Peak.   515 us (176.7x), Avg.  2.91 us, Total. 1.274 ms (0.0%)
[Performance] SceneDataContainer.TransformHierarchyChangedSetParentCallback                                                  :     4026 samples, Peak.  14.6 us (18.4x), Avg.   795 ns, Total. 3.201 ms (0.0%)
[Performance] SceneVisibilityState.IsFlagSetInParents                                                                        :    16221 samples, Peak.  10.8 us (32.6x), Avg.   332 ns, Total. 5.381 ms (0.0%)
[Performance] EditorSceneManager.sceneSaving: UnityEditor.SceneTemplate.SceneTemplateService.OnSceneSaving                   :        7 samples, Peak.   184 us (6.7x), Avg.  27.6 us, Total. 193.0 us (0.0%)
[Performance] EditorSceneManager.sceneSaving: UnityEditor.SceneVisibilityManager.EditorSceneManagerOnSceneSaving             :        7 samples, Peak.  81.7 us (6.5x), Avg.  12.6 us, Total. 87.87 us (0.0%)
[Performance] EditorSceneManager.sceneSaved: UnityEditor.SceneTemplate.SceneTemplateService.OnSceneSaved                     :        7 samples, Peak.  7.66 ms (2.4x), Avg.  3.21 ms, Total. 22.44 ms (0.1%)
[Performance] EditorSceneManager.sceneSaved: UnityEditor.SceneVisibilityManager.EditorSceneManagerOnSceneSaved               :        7 samples, Peak.  83.7 us (4.6x), Avg.  18.3 us, Total. 127.9 us (0.0%)
[Performance] ModelImporter.Import                                                                                           :       96 samples, Peak.   187 ms (4.6x), Avg.  41.0 ms, Total. 3.941 s (14.6%)
[Performance] FBXMaterialDescriptionPreprocessor.OnPreprocessMaterialDescription                                             :       96 samples, Peak.  1.95 ms (19.2x), Avg.   102 us, Total. 9.780 ms (0.0%)
[Performance] SketchupMaterialDescriptionPreprocessor.OnPreprocessMaterialDescription                                        :       96 samples, Peak.  69.6 us (14.7x), Avg.  4.73 us, Total. 453.6 us (0.0%)
[Performance] ThreeDSMaterialDescriptionPreprocessor.OnPreprocessMaterialDescription                                         :       96 samples, Peak.  48.4 us (15.1x), Avg.  3.20 us, Total. 307.3 us (0.0%)
[Performance] TreeAOImporter.OnPostprocessModel                                                                              :       96 samples, Peak.   512 us (41.6x), Avg.  12.3 us, Total. 1.181 ms (0.0%)
[Performance] EditorApplication.quitting: callback in UnityEditor.TextCore.Text.EditorEventCallbacks                         :        1 samples, Peak.  2.84 ms (1.0x), Avg.  2.84 ms, Total. 2.840 ms (0.0%)
[Performance] Application.Shutdown.PauseProfilerSession                                                                      :        1 samples, Peak.  31.6 us (1.0x), Avg.  31.6 us, Total. 31.57 us (0.0%)
[Performance] Application.Shutdown.PauseAssetImportWorkers                                                                   :        1 samples, Peak.  62.2 us (1.0x), Avg.  62.2 us, Total. 62.16 us (0.0%)
[Performance] Application.Shutdown.SaveAssets                                                                                :        1 samples, Peak.   656 us (1.0x), Avg.   656 us, Total. 656.5 us (0.0%)
[Performance] Application.Shutdown.CleanupRenderPipeline                                                                     :        1 samples, Peak.  2.59 us (1.0x), Avg.  2.59 us, Total. 2.587 us (0.0%)
[Performance] Application.Shutdown.StopPreloadManager                                                                        :        1 samples, Peak.  10.1 ms (1.0x), Avg.  10.1 ms, Total. 10.06 ms (0.0%)
[Performance] Application.Shutdown.DestroyWorld                                                                              :        1 samples, Peak.   261 us (1.0x), Avg.   261 us, Total. 261.4 us (0.0%)
[Performance] Application.Shutdown.CleanupAfterLoad                                                                          :        1 samples, Peak.  2.36 ms (1.0x), Avg.  2.36 ms, Total. 2.357 ms (0.0%)
[Performance] Application.Shutdown.Progress                                                                                  :        1 samples, Peak.  10.3 us (1.0x), Avg.  10.3 us, Total. 10.32 us (0.0%)
[Performance] Application.Shutdown.GICleanupManagers                                                                         :        1 samples, Peak.  1.11 ms (1.0x), Avg.  1.11 ms, Total. 1.114 ms (0.0%)
[Performance] Application.Shutdown.MenuCleanupClass                                                                          :        1 samples, Peak.  54.9 us (1.0x), Avg.  54.9 us, Total. 54.93 us (0.0%)
[Performance] Application.Shutdown.ADBSaveStateBeforeShutdown                                                                :        1 samples, Peak.  4.46 us (1.0x), Avg.  4.46 us, Total. 4.457 us (0.0%)
[Performance] Application.Shutdown.RemoteShutdown                                                                            :        1 samples, Peak.   718 ns (1.0x), Avg.   718 ns, Total. 718.0 ns (0.0%)
[Performance] Application.Shutdown.CleanupVCProvider                                                                         :        1 samples, Peak.  3.51 us (1.0x), Avg.  3.51 us, Total. 3.514 us (0.0%)
[Performance] Application.Shutdown.InputShutdown                                                                             :        1 samples, Peak.  1.47 us (1.0x), Avg.  1.47 us, Total. 1.466 us (0.0%)
[Performance] Application.Shutdown.GizmoManagerDestroy                                                                       :        1 samples, Peak.   595 us (1.0x), Avg.   595 us, Total. 595.1 us (0.0%)
[Performance] Application.Shutdown.ProfilerSession                                                                           :        1 samples, Peak.   118 us (1.0x), Avg.   118 us, Total. 118.0 us (0.0%)
[Performance] Application.Shutdown.ReleaseGfxWindowOnAllGUIViews                                                             :        1 samples, Peak.   323 ns (1.0x), Avg.   323 ns, Total. 323.0 ns (0.0%)
[Performance] Application.Shutdown.CleanupEngine                                                                             :        1 samples, Peak.  18.8 ms (1.0x), Avg.  18.8 ms, Total. 18.83 ms (0.1%)
[Performance] Application.Shutdown.CleanupAssetDatabase                                                                      :        1 samples, Peak.  1.28 ms (1.0x), Avg.  1.28 ms, Total. 1.279 ms (0.0%)
[Performance] Application.Shutdown.ScriptCompilationCleanUp                                                                  :        1 samples, Peak.  3.19 s (1.0x), Avg.  3.19 s, Total. 3.193 s (11.8%)
[Performance] Application.Shutdown.DestroyJobSystem                                                                          :        1 samples, Peak.   239 us (1.0x), Avg.   239 us, Total. 238.5 us (0.0%)
[Performance] Application.Shutdown.CleanupPersistentManager                                                                  :        1 samples, Peak.  1.21 ms (1.0x), Avg.  1.21 ms, Total. 1.208 ms (0.0%)
[Performance] Application.Shutdown.CleanupAsyncReadManager                                                                   :        1 samples, Peak.   209 us (1.0x), Avg.   209 us, Total. 208.7 us (0.0%)
[Performance] Application.Shutdown.CleanupMono                                                                               :        1 samples, Peak.  36.3 ms (1.0x), Avg.  36.3 ms, Total. 36.34 ms (0.1%)
[Performance] Application.Shutdown.CleanupStdConverters                                                                      :        1 samples, Peak.  11.1 us (1.0x), Avg.  11.1 us, Total. 11.06 us (0.0%)
[Performance] Application.Shutdown.UnloadAllPlatformSupportModuleNativeDlls                                                  :        1 samples, Peak.   651 ns (1.0x), Avg.   651 ns, Total. 651.0 ns (0.0%)
[Performance] Application.Shutdown.UnloadAllPlatformSupportNativeLibraries                                                   :        1 samples, Peak.   199 ns (1.0x), Avg.   199 ns, Total. 199.0 ns (0.0%)
[Performance] Application.Shutdown.CleanupAutoDocumentation                                                                  :        1 samples, Peak.   170 us (1.0x), Avg.   170 us, Total. 169.9 us (0.0%)
[Performance] Application.Shutdown.ShaderNameManagerDestroy                                                                  :        1 samples, Peak.  33.8 us (1.0x), Avg.  33.8 us, Total. 33.80 us (0.0%)
[Performance] Application.Shutdown.CleanupCacheServer                                                                        :        1 samples, Peak.   355 ns (1.0x), Avg.   355 ns, Total. 355.0 ns (0.0%)
[Performance] Application.Shutdown.Virtualization_Shutdown                                                                   :        1 samples, Peak.   422 ns (1.0x), Avg.   422 ns, Total. 422.0 ns (0.0%)
[Performance] Application.Shutdown.DevConnections                                                                            :        1 samples, Peak.  40.0 us (1.0x), Avg.  40.0 us, Total. 39.96 us (0.0%)
Exiting batchmode successfully now!
