04-29 18:57:06.042 [DEBUG] [robojudo] ========== robojudo-1.5.0 init done ==========

04-29 18:57:06.044 [INFO] [robojudo.pipeline.base_pipeline] Using device: cpu
04-29 18:57:06.048 [INFO] [robojudo.utils.rotation] base set to pos: [0. 0. 0.], quat: [0. 0. 0. 1.]
04-29 18:57:06.695 [DEBUG] [robojudo.policy.asap_policy] Loading mimic policy '20250109_231507-noDR_rand_history_loco_stand_height_noise-decoupled_locomotion-g1_29dof' from /home/luis/palingenesys/asimovbm/g1_slam/third_party/RoboJuDo/assets/models/g1/asap/dec_loco/20250109_231507-noDR_rand_history_loco_stand_height_noise-decoupled_locomotion-g1_29dof/model_6600.onnx
04-29 18:57:06.705 [DEBUG] [robojudo.policy.base_policy] Initializing history buffer as 4 x 12
04-29 18:57:06.706 [DEBUG] [robojudo.tools.dof] [DoF] override default_pos with [-0.1, 0.0, 0.0, 0.3, -0.2, 0.0, -0.1, 0.0, 0.0, 0.3, -0.2, 0.0, 0.0, 0.0, 0.0, 0.0, 0.0, 0.0, 0.0, 0.0, 0.0, 0.0, 0.0, 0.0, 0.0, 0.0, 0.0, 0.0, 0.0]
04-29 18:57:06.706 [DEBUG] [robojudo.tools.dof] [DoF] override stiffness with [100, 100, 100, 200, 20, 20, 100, 100, 100, 200, 20, 20, 200, 200, 200, 40, 40, 40, 40, 20, 20, 20, 40, 40, 40, 40, 20, 20, 20]
04-29 18:57:06.706 [DEBUG] [robojudo.tools.dof] [DoF] override damping with [2.5, 2.5, 2.5, 5.0, 0.2, 0.1, 2.5, 2.5, 2.5, 5.0, 0.2, 0.1, 6.0, 6.0, 6.0, 2.0, 2.0, 2.0, 2.0, 2.0, 2.0, 2.0, 2.0, 2.0, 2.0, 2.0, 2.0, 2.0, 2.0]
04-29 18:57:06.706 [DEBUG] [robojudo.tools.dof] [DoF] override torque_limits with [88.0, 88.0, 88.0, 139.0, 50.0, 50.0, 88.0, 88.0, 88.0, 139.0, 50.0, 50.0, 200.0, 200.0, 200.0, 40.0, 40.0, 18.0, 18.0, 10.0, 10.0, 10.0, 40.0, 40.0, 18.0, 18.0, 10.0, 10.0, 10.0]
04-29 18:57:06.706 [DEBUG] [robojudo.tools.dof] [DoF] override position_limits with [[-2.5307, 2.8798], [-0.5236, 2.9671], [-2.7576, 2.7576], [-0.087267, 2.8798], [-0.87267, 0.5236], [-0.2618, 0.2618], [-2.5307, 2.8798], [-2.9671, 0.5236], [-2.7576, 2.7576], [-0.087267, 2.8798], [-0.87267, 0.5236], [-0.2618, 0.2618], [-2.618, 2.618], [-0.52, 0.52], [-0.52, 0.52], [-3.0892, 2.6704], [-1.5882, 2.2515], [-2.618, 2.618], [-1.0472, 2.0944], [-1.972222054, 1.972222054], [-1.614429558, 1.614429558], [-1.614429558, 1.614429558], [-3.0892, 2.6704], [-2.2515, 1.5882], [-2.618, 2.618], [-1.0472, 2.0944], [-1.972222054, 1.972222054], [-1.614429558, 1.614429558], [-1.614429558, 1.614429558]]
04-29 18:57:06.716 [INFO] [robojudo.pipeline.rl_pipeline] Pipeline reset
04-29 18:57:06.717 [DEBUG] [robojudo.policy.base_policy] Initializing history buffer as 4 x 12
04-29 18:57:06.717 [INFO] [robojudo.pipeline.rl_pipeline] Pipeline reset
04-29 18:57:06.717 [DEBUG] [robojudo.policy.base_policy] Initializing history buffer as 4 x 12
04-29 19:00:14.675 [DEBUG] [robojudo] ========== robojudo-1.5.0 init done ==========

04-29 19:00:14.677 [INFO] [robojudo.pipeline.base_pipeline] Using device: cpu
04-29 19:00:14.682 [INFO] [robojudo.utils.rotation] base set to pos: [0. 0. 0.], quat: [0. 0. 0. 1.]
04-29 19:00:15.279 [DEBUG] [robojudo.policy.asap_policy] Loading mimic policy '20250109_231507-noDR_rand_history_loco_stand_height_noise-decoupled_locomotion-g1_29dof' from /home/luis/palingenesys/asimovbm/g1_slam/third_party/RoboJuDo/assets/models/g1/asap/dec_loco/20250109_231507-noDR_rand_history_loco_stand_height_noise-decoupled_locomotion-g1_29dof/model_6600.onnx
04-29 19:00:15.289 [DEBUG] [robojudo.policy.base_policy] Initializing history buffer as 4 x 12
04-29 19:00:15.290 [DEBUG] [robojudo.tools.dof] [DoF] override default_pos with [-0.1, 0.0, 0.0, 0.3, -0.2, 0.0, -0.1, 0.0, 0.0, 0.3, -0.2, 0.0, 0.0, 0.0, 0.0, 0.0, 0.0, 0.0, 0.0, 0.0, 0.0, 0.0, 0.0, 0.0, 0.0, 0.0, 0.0, 0.0, 0.0]
04-29 19:00:15.290 [DEBUG] [robojudo.tools.dof] [DoF] override stiffness with [100, 100, 100, 200, 20, 20, 100, 100, 100, 200, 20, 20, 200, 200, 200, 40, 40, 40, 40, 20, 20, 20, 40, 40, 40, 40, 20, 20, 20]
04-29 19:00:15.290 [DEBUG] [robojudo.tools.dof] [DoF] override damping with [2.5, 2.5, 2.5, 5.0, 0.2, 0.1, 2.5, 2.5, 2.5, 5.0, 0.2, 0.1, 6.0, 6.0, 6.0, 2.0, 2.0, 2.0, 2.0, 2.0, 2.0, 2.0, 2.0, 2.0, 2.0, 2.0, 2.0, 2.0, 2.0]
04-29 19:00:15.290 [DEBUG] [robojudo.tools.dof] [DoF] override torque_limits with [88.0, 88.0, 88.0, 139.0, 50.0, 50.0, 88.0, 88.0, 88.0, 139.0, 50.0, 50.0, 200.0, 200.0, 200.0, 40.0, 40.0, 18.0, 18.0, 10.0, 10.0, 10.0, 40.0, 40.0, 18.0, 18.0, 10.0, 10.0, 10.0]
04-29 19:00:15.291 [DEBUG] [robojudo.tools.dof] [DoF] override position_limits with [[-2.5307, 2.8798], [-0.5236, 2.9671], [-2.7576, 2.7576], [-0.087267, 2.8798], [-0.87267, 0.5236], [-0.2618, 0.2618], [-2.5307, 2.8798], [-2.9671, 0.5236], [-2.7576, 2.7576], [-0.087267, 2.8798], [-0.87267, 0.5236], [-0.2618, 0.2618], [-2.618, 2.618], [-0.52, 0.52], [-0.52, 0.52], [-3.0892, 2.6704], [-1.5882, 2.2515], [-2.618, 2.618], [-1.0472, 2.0944], [-1.972222054, 1.972222054], [-1.614429558, 1.614429558], [-1.614429558, 1.614429558], [-3.0892, 2.6704], [-2.2515, 1.5882], [-2.618, 2.618], [-1.0472, 2.0944], [-1.972222054, 1.972222054], [-1.614429558, 1.614429558], [-1.614429558, 1.614429558]]
04-29 19:00:15.304 [INFO] [robojudo.pipeline.rl_pipeline] Pipeline reset
04-29 19:00:15.304 [DEBUG] [robojudo.policy.base_policy] Initializing history buffer as 4 x 12
04-29 19:00:15.304 [INFO] [robojudo.pipeline.rl_pipeline] Pipeline reset
04-29 19:00:15.304 [DEBUG] [robojudo.policy.base_policy] Initializing history buffer as 4 x 12
04-29 19:01:33.737 [DEBUG] [robojudo] ========== robojudo-1.5.0 init done ==========

04-29 19:01:33.739 [INFO] [robojudo.pipeline.base_pipeline] Using device: cpu
04-29 19:01:33.743 [INFO] [robojudo.utils.rotation] base set to pos: [0. 0. 0.], quat: [0. 0. 0. 1.]
04-29 19:01:34.405 [DEBUG] [robojudo.policy.asap_policy] Loading mimic policy '20250109_231507-noDR_rand_history_loco_stand_height_noise-decoupled_locomotion-g1_29dof' from /home/luis/palingenesys/asimovbm/g1_slam/third_party/RoboJuDo/assets/models/g1/asap/dec_loco/20250109_231507-noDR_rand_history_loco_stand_height_noise-decoupled_locomotion-g1_29dof/model_6600.onnx
04-29 19:01:34.415 [DEBUG] [robojudo.policy.base_policy] Initializing history buffer as 4 x 12
04-29 19:01:34.416 [DEBUG] [robojudo.tools.dof] [DoF] override default_pos with [-0.1, 0.0, 0.0, 0.3, -0.2, 0.0, -0.1, 0.0, 0.0, 0.3, -0.2, 0.0, 0.0, 0.0, 0.0, 0.0, 0.0, 0.0, 0.0, 0.0, 0.0, 0.0, 0.0, 0.0, 0.0, 0.0, 0.0, 0.0, 0.0]
04-29 19:01:34.416 [DEBUG] [robojudo.tools.dof] [DoF] override stiffness with [100, 100, 100, 200, 20, 20, 100, 100, 100, 200, 20, 20, 200, 200, 200, 40, 40, 40, 40, 20, 20, 20, 40, 40, 40, 40, 20, 20, 20]
04-29 19:01:34.416 [DEBUG] [robojudo.tools.dof] [DoF] override damping with [2.5, 2.5, 2.5, 5.0, 0.2, 0.1, 2.5, 2.5, 2.5, 5.0, 0.2, 0.1, 6.0, 6.0, 6.0, 2.0, 2.0, 2.0, 2.0, 2.0, 2.0, 2.0, 2.0, 2.0, 2.0, 2.0, 2.0, 2.0, 2.0]
04-29 19:01:34.416 [DEBUG] [robojudo.tools.dof] [DoF] override torque_limits with [88.0, 88.0, 88.0, 139.0, 50.0, 50.0, 88.0, 88.0, 88.0, 139.0, 50.0, 50.0, 200.0, 200.0, 200.0, 40.0, 40.0, 18.0, 18.0, 10.0, 10.0, 10.0, 40.0, 40.0, 18.0, 18.0, 10.0, 10.0, 10.0]
04-29 19:01:34.416 [DEBUG] [robojudo.tools.dof] [DoF] override position_limits with [[-2.5307, 2.8798], [-0.5236, 2.9671], [-2.7576, 2.7576], [-0.087267, 2.8798], [-0.87267, 0.5236], [-0.2618, 0.2618], [-2.5307, 2.8798], [-2.9671, 0.5236], [-2.7576, 2.7576], [-0.087267, 2.8798], [-0.87267, 0.5236], [-0.2618, 0.2618], [-2.618, 2.618], [-0.52, 0.52], [-0.52, 0.52], [-3.0892, 2.6704], [-1.5882, 2.2515], [-2.618, 2.618], [-1.0472, 2.0944], [-1.972222054, 1.972222054], [-1.614429558, 1.614429558], [-1.614429558, 1.614429558], [-3.0892, 2.6704], [-2.2515, 1.5882], [-2.618, 2.618], [-1.0472, 2.0944], [-1.972222054, 1.972222054], [-1.614429558, 1.614429558], [-1.614429558, 1.614429558]]
04-29 19:01:34.431 [INFO] [robojudo.pipeline.rl_pipeline] Pipeline reset
04-29 19:01:34.431 [DEBUG] [robojudo.policy.base_policy] Initializing history buffer as 4 x 12
04-29 19:01:34.431 [INFO] [robojudo.pipeline.rl_pipeline] Pipeline reset
04-29 19:01:34.432 [DEBUG] [robojudo.policy.base_policy] Initializing history buffer as 4 x 12
05-07 22:23:47.046 [DEBUG] [robojudo] ========== robojudo-1.5.0 init done ==========

05-07 22:23:47.048 [INFO] [robojudo.pipeline.base_pipeline] Using device: cpu
05-07 22:23:47.053 [INFO] [robojudo.utils.rotation] base set to pos: [0. 0. 0.], quat: [0. 0. 0. 1.]
05-07 22:23:47.624 [DEBUG] [robojudo.policy.asap_policy] Loading mimic policy '20250109_231507-noDR_rand_history_loco_stand_height_noise-decoupled_locomotion-g1_29dof' from /home/luis/palingenesys/asimovbm/g1_slam/third_party/RoboJuDo/assets/models/g1/asap/dec_loco/20250109_231507-noDR_rand_history_loco_stand_height_noise-decoupled_locomotion-g1_29dof/model_6600.onnx
05-07 22:23:47.630 [DEBUG] [robojudo.policy.base_policy] Initializing history buffer as 4 x 12
05-07 22:23:47.631 [DEBUG] [robojudo.tools.dof] [DoF] override default_pos with [-0.1, 0.0, 0.0, 0.3, -0.2, 0.0, -0.1, 0.0, 0.0, 0.3, -0.2, 0.0, 0.0, 0.0, 0.0, 0.0, 0.0, 0.0, 0.0, 0.0, 0.0, 0.0, 0.0, 0.0, 0.0, 0.0, 0.0, 0.0, 0.0]
05-07 22:23:47.631 [DEBUG] [robojudo.tools.dof] [DoF] override stiffness with [100, 100, 100, 200, 20, 20, 100, 100, 100, 200, 20, 20, 200, 200, 200, 40, 40, 40, 40, 20, 20, 20, 40, 40, 40, 40, 20, 20, 20]
05-07 22:23:47.631 [DEBUG] [robojudo.tools.dof] [DoF] override damping with [2.5, 2.5, 2.5, 5.0, 0.2, 0.1, 2.5, 2.5, 2.5, 5.0, 0.2, 0.1, 6.0, 6.0, 6.0, 2.0, 2.0, 2.0, 2.0, 2.0, 2.0, 2.0, 2.0, 2.0, 2.0, 2.0, 2.0, 2.0, 2.0]
05-07 22:23:47.631 [DEBUG] [robojudo.tools.dof] [DoF] override torque_limits with [88.0, 88.0, 88.0, 139.0, 50.0, 50.0, 88.0, 88.0, 88.0, 139.0, 50.0, 50.0, 200.0, 200.0, 200.0, 40.0, 40.0, 18.0, 18.0, 10.0, 10.0, 10.0, 40.0, 40.0, 18.0, 18.0, 10.0, 10.0, 10.0]
05-07 22:23:47.631 [DEBUG] [robojudo.tools.dof] [DoF] override position_limits with [[-2.5307, 2.8798], [-0.5236, 2.9671], [-2.7576, 2.7576], [-0.087267, 2.8798], [-0.87267, 0.5236], [-0.2618, 0.2618], [-2.5307, 2.8798], [-2.9671, 0.5236], [-2.7576, 2.7576], [-0.087267, 2.8798], [-0.87267, 0.5236], [-0.2618, 0.2618], [-2.618, 2.618], [-0.52, 0.52], [-0.52, 0.52], [-3.0892, 2.6704], [-1.5882, 2.2515], [-2.618, 2.618], [-1.0472, 2.0944], [-1.972222054, 1.972222054], [-1.614429558, 1.614429558], [-1.614429558, 1.614429558], [-3.0892, 2.6704], [-2.2515, 1.5882], [-2.618, 2.618], [-1.0472, 2.0944], [-1.972222054, 1.972222054], [-1.614429558, 1.614429558], [-1.614429558, 1.614429558]]
05-07 22:23:47.637 [INFO] [robojudo.pipeline.rl_pipeline] Pipeline reset
05-07 22:23:47.637 [DEBUG] [robojudo.policy.base_policy] Initializing history buffer as 4 x 12
05-07 22:23:47.638 [INFO] [robojudo.pipeline.rl_pipeline] Pipeline reset
05-07 22:23:47.638 [DEBUG] [robojudo.policy.base_policy] Initializing history buffer as 4 x 12
05-07 22:37:27.073 [DEBUG] [robojudo] ========== robojudo-1.5.0 init done ==========

05-07 22:37:27.074 [INFO] [robojudo.pipeline.base_pipeline] Using device: cpu
05-07 22:37:27.079 [INFO] [robojudo.utils.rotation] base set to pos: [0. 0. 0.], quat: [0. 0. 0. 1.]
05-07 22:37:27.646 [DEBUG] [robojudo.policy.asap_policy] Loading mimic policy '20250109_231507-noDR_rand_history_loco_stand_height_noise-decoupled_locomotion-g1_29dof' from /home/luis/palingenesys/asimovbm/g1_slam/third_party/RoboJuDo/assets/models/g1/asap/dec_loco/20250109_231507-noDR_rand_history_loco_stand_height_noise-decoupled_locomotion-g1_29dof/model_6600.onnx
05-07 22:37:27.655 [DEBUG] [robojudo.policy.base_policy] Initializing history buffer as 4 x 12
05-07 22:37:27.655 [DEBUG] [robojudo.tools.dof] [DoF] override default_pos with [-0.1, 0.0, 0.0, 0.3, -0.2, 0.0, -0.1, 0.0, 0.0, 0.3, -0.2, 0.0, 0.0, 0.0, 0.0, 0.0, 0.0, 0.0, 0.0, 0.0, 0.0, 0.0, 0.0, 0.0, 0.0, 0.0, 0.0, 0.0, 0.0]
05-07 22:37:27.655 [DEBUG] [robojudo.tools.dof] [DoF] override stiffness with [100, 100, 100, 200, 20, 20, 100, 100, 100, 200, 20, 20, 200, 200, 200, 40, 40, 40, 40, 20, 20, 20, 40, 40, 40, 40, 20, 20, 20]
05-07 22:37:27.655 [DEBUG] [robojudo.tools.dof] [DoF] override damping with [2.5, 2.5, 2.5, 5.0, 0.2, 0.1, 2.5, 2.5, 2.5, 5.0, 0.2, 0.1, 6.0, 6.0, 6.0, 2.0, 2.0, 2.0, 2.0, 2.0, 2.0, 2.0, 2.0, 2.0, 2.0, 2.0, 2.0, 2.0, 2.0]
05-07 22:37:27.655 [DEBUG] [robojudo.tools.dof] [DoF] override torque_limits with [88.0, 88.0, 88.0, 139.0, 50.0, 50.0, 88.0, 88.0, 88.0, 139.0, 50.0, 50.0, 200.0, 200.0, 200.0, 40.0, 40.0, 18.0, 18.0, 10.0, 10.0, 10.0, 40.0, 40.0, 18.0, 18.0, 10.0, 10.0, 10.0]
05-07 22:37:27.656 [DEBUG] [robojudo.tools.dof] [DoF] override position_limits with [[-2.5307, 2.8798], [-0.5236, 2.9671], [-2.7576, 2.7576], [-0.087267, 2.8798], [-0.87267, 0.5236], [-0.2618, 0.2618], [-2.5307, 2.8798], [-2.9671, 0.5236], [-2.7576, 2.7576], [-0.087267, 2.8798], [-0.87267, 0.5236], [-0.2618, 0.2618], [-2.618, 2.618], [-0.52, 0.52], [-0.52, 0.52], [-3.0892, 2.6704], [-1.5882, 2.2515], [-2.618, 2.618], [-1.0472, 2.0944], [-1.972222054, 1.972222054], [-1.614429558, 1.614429558], [-1.614429558, 1.614429558], [-3.0892, 2.6704], [-2.2515, 1.5882], [-2.618, 2.618], [-1.0472, 2.0944], [-1.972222054, 1.972222054], [-1.614429558, 1.614429558], [-1.614429558, 1.614429558]]
05-07 22:37:27.662 [INFO] [robojudo.pipeline.rl_pipeline] Pipeline reset
05-07 22:37:27.662 [DEBUG] [robojudo.policy.base_policy] Initializing history buffer as 4 x 12
05-07 22:37:27.662 [INFO] [robojudo.pipeline.rl_pipeline] Pipeline reset
05-07 22:37:27.662 [DEBUG] [robojudo.policy.base_policy] Initializing history buffer as 4 x 12
05-07 22:39:32.718 [DEBUG] [robojudo] ========== robojudo-1.5.0 init done ==========

05-07 22:39:32.720 [INFO] [robojudo.pipeline.base_pipeline] Using device: cpu
05-07 22:39:32.724 [INFO] [robojudo.utils.rotation] base set to pos: [0. 0. 0.], quat: [0. 0. 0. 1.]
05-07 22:39:33.323 [DEBUG] [robojudo.policy.asap_policy] Loading mimic policy '20250109_231507-noDR_rand_history_loco_stand_height_noise-decoupled_locomotion-g1_29dof' from /home/luis/palingenesys/asimovbm/g1_slam/third_party/RoboJuDo/assets/models/g1/asap/dec_loco/20250109_231507-noDR_rand_history_loco_stand_height_noise-decoupled_locomotion-g1_29dof/model_6600.onnx
05-07 22:39:33.332 [DEBUG] [robojudo.policy.base_policy] Initializing history buffer as 4 x 12
05-07 22:39:33.332 [DEBUG] [robojudo.tools.dof] [DoF] override default_pos with [-0.1, 0.0, 0.0, 0.3, -0.2, 0.0, -0.1, 0.0, 0.0, 0.3, -0.2, 0.0, 0.0, 0.0, 0.0, 0.0, 0.0, 0.0, 0.0, 0.0, 0.0, 0.0, 0.0, 0.0, 0.0, 0.0, 0.0, 0.0, 0.0]
05-07 22:39:33.332 [DEBUG] [robojudo.tools.dof] [DoF] override stiffness with [100, 100, 100, 200, 20, 20, 100, 100, 100, 200, 20, 20, 200, 200, 200, 40, 40, 40, 40, 20, 20, 20, 40, 40, 40, 40, 20, 20, 20]
05-07 22:39:33.332 [DEBUG] [robojudo.tools.dof] [DoF] override damping with [2.5, 2.5, 2.5, 5.0, 0.2, 0.1, 2.5, 2.5, 2.5, 5.0, 0.2, 0.1, 6.0, 6.0, 6.0, 2.0, 2.0, 2.0, 2.0, 2.0, 2.0, 2.0, 2.0, 2.0, 2.0, 2.0, 2.0, 2.0, 2.0]
05-07 22:39:33.333 [DEBUG] [robojudo.tools.dof] [DoF] override torque_limits with [88.0, 88.0, 88.0, 139.0, 50.0, 50.0, 88.0, 88.0, 88.0, 139.0, 50.0, 50.0, 200.0, 200.0, 200.0, 40.0, 40.0, 18.0, 18.0, 10.0, 10.0, 10.0, 40.0, 40.0, 18.0, 18.0, 10.0, 10.0, 10.0]
05-07 22:39:33.333 [DEBUG] [robojudo.tools.dof] [DoF] override position_limits with [[-2.5307, 2.8798], [-0.5236, 2.9671], [-2.7576, 2.7576], [-0.087267, 2.8798], [-0.87267, 0.5236], [-0.2618, 0.2618], [-2.5307, 2.8798], [-2.9671, 0.5236], [-2.7576, 2.7576], [-0.087267, 2.8798], [-0.87267, 0.5236], [-0.2618, 0.2618], [-2.618, 2.618], [-0.52, 0.52], [-0.52, 0.52], [-3.0892, 2.6704], [-1.5882, 2.2515], [-2.618, 2.618], [-1.0472, 2.0944], [-1.972222054, 1.972222054], [-1.614429558, 1.614429558], [-1.614429558, 1.614429558], [-3.0892, 2.6704], [-2.2515, 1.5882], [-2.618, 2.618], [-1.0472, 2.0944], [-1.972222054, 1.972222054], [-1.614429558, 1.614429558], [-1.614429558, 1.614429558]]
05-07 22:39:33.344 [INFO] [robojudo.pipeline.rl_pipeline] Pipeline reset
05-07 22:39:33.344 [DEBUG] [robojudo.policy.base_policy] Initializing history buffer as 4 x 12
05-07 22:39:33.344 [INFO] [robojudo.pipeline.rl_pipeline] Pipeline reset
05-07 22:39:33.344 [DEBUG] [robojudo.policy.base_policy] Initializing history buffer as 4 x 12
05-10 12:15:19.191 [DEBUG] [robojudo] ========== robojudo-1.5.0 init done ==========

05-10 12:15:19.194 [INFO] [robojudo.pipeline.base_pipeline] Using device: cpu
05-10 12:15:19.202 [INFO] [robojudo.utils.rotation] base set to pos: [0. 0. 0.], quat: [0. 0. 0. 1.]
05-10 12:15:19.810 [DEBUG] [robojudo.policy.asap_policy] Loading mimic policy '20250109_231507-noDR_rand_history_loco_stand_height_noise-decoupled_locomotion-g1_29dof' from /home/luis/palingenesys/asimovbm/g1_slam/third_party/RoboJuDo/assets/models/g1/asap/dec_loco/20250109_231507-noDR_rand_history_loco_stand_height_noise-decoupled_locomotion-g1_29dof/model_6600.onnx
05-10 12:15:19.834 [DEBUG] [robojudo.policy.base_policy] Initializing history buffer as 4 x 12
05-10 12:15:19.835 [DEBUG] [robojudo.tools.dof] [DoF] override default_pos with [-0.1, 0.0, 0.0, 0.3, -0.2, 0.0, -0.1, 0.0, 0.0, 0.3, -0.2, 0.0, 0.0, 0.0, 0.0, 0.0, 0.0, 0.0, 0.0, 0.0, 0.0, 0.0, 0.0, 0.0, 0.0, 0.0, 0.0, 0.0, 0.0]
05-10 12:15:19.835 [DEBUG] [robojudo.tools.dof] [DoF] override stiffness with [100, 100, 100, 200, 20, 20, 100, 100, 100, 200, 20, 20, 200, 200, 200, 40, 40, 40, 40, 20, 20, 20, 40, 40, 40, 40, 20, 20, 20]
05-10 12:15:19.835 [DEBUG] [robojudo.tools.dof] [DoF] override damping with [2.5, 2.5, 2.5, 5.0, 0.2, 0.1, 2.5, 2.5, 2.5, 5.0, 0.2, 0.1, 6.0, 6.0, 6.0, 2.0, 2.0, 2.0, 2.0, 2.0, 2.0, 2.0, 2.0, 2.0, 2.0, 2.0, 2.0, 2.0, 2.0]
05-10 12:15:19.835 [DEBUG] [robojudo.tools.dof] [DoF] override torque_limits with [88.0, 88.0, 88.0, 139.0, 50.0, 50.0, 88.0, 88.0, 88.0, 139.0, 50.0, 50.0, 200.0, 200.0, 200.0, 40.0, 40.0, 18.0, 18.0, 10.0, 10.0, 10.0, 40.0, 40.0, 18.0, 18.0, 10.0, 10.0, 10.0]
05-10 12:15:19.835 [DEBUG] [robojudo.tools.dof] [DoF] override position_limits with [[-2.5307, 2.8798], [-0.5236, 2.9671], [-2.7576, 2.7576], [-0.087267, 2.8798], [-0.87267, 0.5236], [-0.2618, 0.2618], [-2.5307, 2.8798], [-2.9671, 0.5236], [-2.7576, 2.7576], [-0.087267, 2.8798], [-0.87267, 0.5236], [-0.2618, 0.2618], [-2.618, 2.618], [-0.52, 0.52], [-0.52, 0.52], [-3.0892, 2.6704], [-1.5882, 2.2515], [-2.618, 2.618], [-1.0472, 2.0944], [-1.972222054, 1.972222054], [-1.614429558, 1.614429558], [-1.614429558, 1.614429558], [-3.0892, 2.6704], [-2.2515, 1.5882], [-2.618, 2.618], [-1.0472, 2.0944], [-1.972222054, 1.972222054], [-1.614429558, 1.614429558], [-1.614429558, 1.614429558]]
05-10 12:15:19.845 [INFO] [robojudo.pipeline.rl_pipeline] Pipeline reset
05-10 12:15:19.845 [DEBUG] [robojudo.policy.base_policy] Initializing history buffer as 4 x 12
05-10 12:15:19.845 [INFO] [robojudo.pipeline.rl_pipeline] Pipeline reset
05-10 12:15:19.845 [DEBUG] [robojudo.policy.base_policy] Initializing history buffer as 4 x 12
05-10 12:15:39.087 [DEBUG] [robojudo] ========== robojudo-1.5.0 init done ==========

05-10 12:15:39.089 [INFO] [robojudo.pipeline.base_pipeline] Using device: cpu
05-10 12:15:39.093 [INFO] [robojudo.utils.rotation] base set to pos: [0. 0. 0.], quat: [0. 0. 0. 1.]
05-10 12:15:39.664 [DEBUG] [robojudo.policy.asap_policy] Loading mimic policy '20250109_231507-noDR_rand_history_loco_stand_height_noise-decoupled_locomotion-g1_29dof' from /home/luis/palingenesys/asimovbm/g1_slam/third_party/RoboJuDo/assets/models/g1/asap/dec_loco/20250109_231507-noDR_rand_history_loco_stand_height_noise-decoupled_locomotion-g1_29dof/model_6600.onnx
05-10 12:15:39.673 [DEBUG] [robojudo.policy.base_policy] Initializing history buffer as 4 x 12
05-10 12:15:39.674 [DEBUG] [robojudo.tools.dof] [DoF] override default_pos with [-0.1, 0.0, 0.0, 0.3, -0.2, 0.0, -0.1, 0.0, 0.0, 0.3, -0.2, 0.0, 0.0, 0.0, 0.0, 0.0, 0.0, 0.0, 0.0, 0.0, 0.0, 0.0, 0.0, 0.0, 0.0, 0.0, 0.0, 0.0, 0.0]
05-10 12:15:39.674 [DEBUG] [robojudo.tools.dof] [DoF] override stiffness with [100, 100, 100, 200, 20, 20, 100, 100, 100, 200, 20, 20, 200, 200, 200, 40, 40, 40, 40, 20, 20, 20, 40, 40, 40, 40, 20, 20, 20]
05-10 12:15:39.674 [DEBUG] [robojudo.tools.dof] [DoF] override damping with [2.5, 2.5, 2.5, 5.0, 0.2, 0.1, 2.5, 2.5, 2.5, 5.0, 0.2, 0.1, 6.0, 6.0, 6.0, 2.0, 2.0, 2.0, 2.0, 2.0, 2.0, 2.0, 2.0, 2.0, 2.0, 2.0, 2.0, 2.0, 2.0]
05-10 12:15:39.674 [DEBUG] [robojudo.tools.dof] [DoF] override torque_limits with [88.0, 88.0, 88.0, 139.0, 50.0, 50.0, 88.0, 88.0, 88.0, 139.0, 50.0, 50.0, 200.0, 200.0, 200.0, 40.0, 40.0, 18.0, 18.0, 10.0, 10.0, 10.0, 40.0, 40.0, 18.0, 18.0, 10.0, 10.0, 10.0]
05-10 12:15:39.675 [DEBUG] [robojudo.tools.dof] [DoF] override position_limits with [[-2.5307, 2.8798], [-0.5236, 2.9671], [-2.7576, 2.7576], [-0.087267, 2.8798], [-0.87267, 0.5236], [-0.2618, 0.2618], [-2.5307, 2.8798], [-2.9671, 0.5236], [-2.7576, 2.7576], [-0.087267, 2.8798], [-0.87267, 0.5236], [-0.2618, 0.2618], [-2.618, 2.618], [-0.52, 0.52], [-0.52, 0.52], [-3.0892, 2.6704], [-1.5882, 2.2515], [-2.618, 2.618], [-1.0472, 2.0944], [-1.972222054, 1.972222054], [-1.614429558, 1.614429558], [-1.614429558, 1.614429558], [-3.0892, 2.6704], [-2.2515, 1.5882], [-2.618, 2.618], [-1.0472, 2.0944], [-1.972222054, 1.972222054], [-1.614429558, 1.614429558], [-1.614429558, 1.614429558]]
05-10 12:15:39.686 [INFO] [robojudo.pipeline.rl_pipeline] Pipeline reset
05-10 12:15:39.686 [DEBUG] [robojudo.policy.base_policy] Initializing history buffer as 4 x 12
05-10 12:15:39.686 [INFO] [robojudo.pipeline.rl_pipeline] Pipeline reset
05-10 12:15:39.686 [DEBUG] [robojudo.policy.base_policy] Initializing history buffer as 4 x 12
05-10 12:16:09.538 [DEBUG] [robojudo] ========== robojudo-1.5.0 init done ==========

05-10 12:16:09.540 [INFO] [robojudo.pipeline.base_pipeline] Using device: cpu
05-10 12:16:09.544 [INFO] [robojudo.utils.rotation] base set to pos: [0. 0. 0.], quat: [0. 0. 0. 1.]
05-10 12:16:10.088 [DEBUG] [robojudo.policy.asap_policy] Loading mimic policy '20250109_231507-noDR_rand_history_loco_stand_height_noise-decoupled_locomotion-g1_29dof' from /home/luis/palingenesys/asimovbm/g1_slam/third_party/RoboJuDo/assets/models/g1/asap/dec_loco/20250109_231507-noDR_rand_history_loco_stand_height_noise-decoupled_locomotion-g1_29dof/model_6600.onnx
05-10 12:16:10.094 [DEBUG] [robojudo.policy.base_policy] Initializing history buffer as 4 x 12
05-10 12:16:10.094 [DEBUG] [robojudo.tools.dof] [DoF] override default_pos with [-0.1, 0.0, 0.0, 0.3, -0.2, 0.0, -0.1, 0.0, 0.0, 0.3, -0.2, 0.0, 0.0, 0.0, 0.0, 0.0, 0.0, 0.0, 0.0, 0.0, 0.0, 0.0, 0.0, 0.0, 0.0, 0.0, 0.0, 0.0, 0.0]
05-10 12:16:10.094 [DEBUG] [robojudo.tools.dof] [DoF] override stiffness with [100, 100, 100, 200, 20, 20, 100, 100, 100, 200, 20, 20, 200, 200, 200, 40, 40, 40, 40, 20, 20, 20, 40, 40, 40, 40, 20, 20, 20]
05-10 12:16:10.095 [DEBUG] [robojudo.tools.dof] [DoF] override damping with [2.5, 2.5, 2.5, 5.0, 0.2, 0.1, 2.5, 2.5, 2.5, 5.0, 0.2, 0.1, 6.0, 6.0, 6.0, 2.0, 2.0, 2.0, 2.0, 2.0, 2.0, 2.0, 2.0, 2.0, 2.0, 2.0, 2.0, 2.0, 2.0]
05-10 12:16:10.095 [DEBUG] [robojudo.tools.dof] [DoF] override torque_limits with [88.0, 88.0, 88.0, 139.0, 50.0, 50.0, 88.0, 88.0, 88.0, 139.0, 50.0, 50.0, 200.0, 200.0, 200.0, 40.0, 40.0, 18.0, 18.0, 10.0, 10.0, 10.0, 40.0, 40.0, 18.0, 18.0, 10.0, 10.0, 10.0]
05-10 12:16:10.095 [DEBUG] [robojudo.tools.dof] [DoF] override position_limits with [[-2.5307, 2.8798], [-0.5236, 2.9671], [-2.7576, 2.7576], [-0.087267, 2.8798], [-0.87267, 0.5236], [-0.2618, 0.2618], [-2.5307, 2.8798], [-2.9671, 0.5236], [-2.7576, 2.7576], [-0.087267, 2.8798], [-0.87267, 0.5236], [-0.2618, 0.2618], [-2.618, 2.618], [-0.52, 0.52], [-0.52, 0.52], [-3.0892, 2.6704], [-1.5882, 2.2515], [-2.618, 2.618], [-1.0472, 2.0944], [-1.972222054, 1.972222054], [-1.614429558, 1.614429558], [-1.614429558, 1.614429558], [-3.0892, 2.6704], [-2.2515, 1.5882], [-2.618, 2.618], [-1.0472, 2.0944], [-1.972222054, 1.972222054], [-1.614429558, 1.614429558], [-1.614429558, 1.614429558]]
05-10 12:16:10.104 [INFO] [robojudo.pipeline.rl_pipeline] Pipeline reset
05-10 12:16:10.104 [DEBUG] [robojudo.policy.base_policy] Initializing history buffer as 4 x 12
05-10 12:16:10.104 [INFO] [robojudo.pipeline.rl_pipeline] Pipeline reset
05-10 12:16:10.104 [DEBUG] [robojudo.policy.base_policy] Initializing history buffer as 4 x 12
05-10 12:24:33.042 [DEBUG] [robojudo] ========== robojudo-1.5.0 init done ==========

05-10 12:24:33.043 [INFO] [robojudo.pipeline.base_pipeline] Using device: cpu
05-10 12:24:33.048 [INFO] [robojudo.utils.rotation] base set to pos: [0. 0. 0.], quat: [0. 0. 0. 1.]
05-10 12:24:33.602 [DEBUG] [robojudo.policy.asap_policy] Loading mimic policy '20250109_231507-noDR_rand_history_loco_stand_height_noise-decoupled_locomotion-g1_29dof' from /home/luis/palingenesys/asimovbm/g1_slam/third_party/RoboJuDo/assets/models/g1/asap/dec_loco/20250109_231507-noDR_rand_history_loco_stand_height_noise-decoupled_locomotion-g1_29dof/model_6600.onnx
05-10 12:24:33.608 [DEBUG] [robojudo.policy.base_policy] Initializing history buffer as 4 x 12
05-10 12:24:33.609 [DEBUG] [robojudo.tools.dof] [DoF] override default_pos with [-0.1, 0.0, 0.0, 0.3, -0.2, 0.0, -0.1, 0.0, 0.0, 0.3, -0.2, 0.0, 0.0, 0.0, 0.0, 0.0, 0.0, 0.0, 0.0, 0.0, 0.0, 0.0, 0.0, 0.0, 0.0, 0.0, 0.0, 0.0, 0.0]
05-10 12:24:33.609 [DEBUG] [robojudo.tools.dof] [DoF] override stiffness with [100, 100, 100, 200, 20, 20, 100, 100, 100, 200, 20, 20, 200, 200, 200, 40, 40, 40, 40, 20, 20, 20, 40, 40, 40, 40, 20, 20, 20]
05-10 12:24:33.609 [DEBUG] [robojudo.tools.dof] [DoF] override damping with [2.5, 2.5, 2.5, 5.0, 0.2, 0.1, 2.5, 2.5, 2.5, 5.0, 0.2, 0.1, 6.0, 6.0, 6.0, 2.0, 2.0, 2.0, 2.0, 2.0, 2.0, 2.0, 2.0, 2.0, 2.0, 2.0, 2.0, 2.0, 2.0]
05-10 12:24:33.609 [DEBUG] [robojudo.tools.dof] [DoF] override torque_limits with [88.0, 88.0, 88.0, 139.0, 50.0, 50.0, 88.0, 88.0, 88.0, 139.0, 50.0, 50.0, 200.0, 200.0, 200.0, 40.0, 40.0, 18.0, 18.0, 10.0, 10.0, 10.0, 40.0, 40.0, 18.0, 18.0, 10.0, 10.0, 10.0]
05-10 12:24:33.609 [DEBUG] [robojudo.tools.dof] [DoF] override position_limits with [[-2.5307, 2.8798], [-0.5236, 2.9671], [-2.7576, 2.7576], [-0.087267, 2.8798], [-0.87267, 0.5236], [-0.2618, 0.2618], [-2.5307, 2.8798], [-2.9671, 0.5236], [-2.7576, 2.7576], [-0.087267, 2.8798], [-0.87267, 0.5236], [-0.2618, 0.2618], [-2.618, 2.618], [-0.52, 0.52], [-0.52, 0.52], [-3.0892, 2.6704], [-1.5882, 2.2515], [-2.618, 2.618], [-1.0472, 2.0944], [-1.972222054, 1.972222054], [-1.614429558, 1.614429558], [-1.614429558, 1.614429558], [-3.0892, 2.6704], [-2.2515, 1.5882], [-2.618, 2.618], [-1.0472, 2.0944], [-1.972222054, 1.972222054], [-1.614429558, 1.614429558], [-1.614429558, 1.614429558]]
05-10 12:24:33.616 [INFO] [robojudo.pipeline.rl_pipeline] Pipeline reset
05-10 12:24:33.616 [DEBUG] [robojudo.policy.base_policy] Initializing history buffer as 4 x 12
05-10 12:24:33.616 [INFO] [robojudo.pipeline.rl_pipeline] Pipeline reset
05-10 12:24:33.616 [DEBUG] [robojudo.policy.base_policy] Initializing history buffer as 4 x 12
05-10 12:26:03.276 [DEBUG] [robojudo] ========== robojudo-1.5.0 init done ==========

05-10 12:26:03.277 [INFO] [robojudo.pipeline.base_pipeline] Using device: cpu
05-10 12:26:03.282 [INFO] [robojudo.utils.rotation] base set to pos: [0. 0. 0.], quat: [0. 0. 0. 1.]
05-10 12:26:03.834 [DEBUG] [robojudo.policy.asap_policy] Loading mimic policy '20250109_231507-noDR_rand_history_loco_stand_height_noise-decoupled_locomotion-g1_29dof' from /home/luis/palingenesys/asimovbm/g1_slam/third_party/RoboJuDo/assets/models/g1/asap/dec_loco/20250109_231507-noDR_rand_history_loco_stand_height_noise-decoupled_locomotion-g1_29dof/model_6600.onnx
05-10 12:26:03.842 [DEBUG] [robojudo.policy.base_policy] Initializing history buffer as 4 x 12
05-10 12:26:03.842 [DEBUG] [robojudo.tools.dof] [DoF] override default_pos with [-0.1, 0.0, 0.0, 0.3, -0.2, 0.0, -0.1, 0.0, 0.0, 0.3, -0.2, 0.0, 0.0, 0.0, 0.0, 0.0, 0.0, 0.0, 0.0, 0.0, 0.0, 0.0, 0.0, 0.0, 0.0, 0.0, 0.0, 0.0, 0.0]
05-10 12:26:03.842 [DEBUG] [robojudo.tools.dof] [DoF] override stiffness with [100, 100, 100, 200, 20, 20, 100, 100, 100, 200, 20, 20, 200, 200, 200, 40, 40, 40, 40, 20, 20, 20, 40, 40, 40, 40, 20, 20, 20]
05-10 12:26:03.842 [DEBUG] [robojudo.tools.dof] [DoF] override damping with [2.5, 2.5, 2.5, 5.0, 0.2, 0.1, 2.5, 2.5, 2.5, 5.0, 0.2, 0.1, 6.0, 6.0, 6.0, 2.0, 2.0, 2.0, 2.0, 2.0, 2.0, 2.0, 2.0, 2.0, 2.0, 2.0, 2.0, 2.0, 2.0]
05-10 12:26:03.843 [DEBUG] [robojudo.tools.dof] [DoF] override torque_limits with [88.0, 88.0, 88.0, 139.0, 50.0, 50.0, 88.0, 88.0, 88.0, 139.0, 50.0, 50.0, 200.0, 200.0, 200.0, 40.0, 40.0, 18.0, 18.0, 10.0, 10.0, 10.0, 40.0, 40.0, 18.0, 18.0, 10.0, 10.0, 10.0]
05-10 12:26:03.843 [DEBUG] [robojudo.tools.dof] [DoF] override position_limits with [[-2.5307, 2.8798], [-0.5236, 2.9671], [-2.7576, 2.7576], [-0.087267, 2.8798], [-0.87267, 0.5236], [-0.2618, 0.2618], [-2.5307, 2.8798], [-2.9671, 0.5236], [-2.7576, 2.7576], [-0.087267, 2.8798], [-0.87267, 0.5236], [-0.2618, 0.2618], [-2.618, 2.618], [-0.52, 0.52], [-0.52, 0.52], [-3.0892, 2.6704], [-1.5882, 2.2515], [-2.618, 2.618], [-1.0472, 2.0944], [-1.972222054, 1.972222054], [-1.614429558, 1.614429558], [-1.614429558, 1.614429558], [-3.0892, 2.6704], [-2.2515, 1.5882], [-2.618, 2.618], [-1.0472, 2.0944], [-1.972222054, 1.972222054], [-1.614429558, 1.614429558], [-1.614429558, 1.614429558]]
05-10 12:26:03.850 [INFO] [robojudo.pipeline.rl_pipeline] Pipeline reset
05-10 12:26:03.850 [DEBUG] [robojudo.policy.base_policy] Initializing history buffer as 4 x 12
05-10 12:26:03.850 [INFO] [robojudo.pipeline.rl_pipeline] Pipeline reset
05-10 12:26:03.850 [DEBUG] [robojudo.policy.base_policy] Initializing history buffer as 4 x 12
05-10 12:26:27.790 [DEBUG] [robojudo] ========== robojudo-1.5.0 init done ==========

05-10 12:26:27.791 [INFO] [robojudo.pipeline.base_pipeline] Using device: cpu
05-10 12:26:27.796 [INFO] [robojudo.utils.rotation] base set to pos: [0. 0. 0.], quat: [0. 0. 0. 1.]
05-10 12:26:28.356 [DEBUG] [robojudo.policy.asap_policy] Loading mimic policy '20250109_231507-noDR_rand_history_loco_stand_height_noise-decoupled_locomotion-g1_29dof' from /home/luis/palingenesys/asimovbm/g1_slam/third_party/RoboJuDo/assets/models/g1/asap/dec_loco/20250109_231507-noDR_rand_history_loco_stand_height_noise-decoupled_locomotion-g1_29dof/model_6600.onnx
05-10 12:26:28.364 [DEBUG] [robojudo.policy.base_policy] Initializing history buffer as 4 x 12
05-10 12:26:28.365 [DEBUG] [robojudo.tools.dof] [DoF] override default_pos with [-0.1, 0.0, 0.0, 0.3, -0.2, 0.0, -0.1, 0.0, 0.0, 0.3, -0.2, 0.0, 0.0, 0.0, 0.0, 0.0, 0.0, 0.0, 0.0, 0.0, 0.0, 0.0, 0.0, 0.0, 0.0, 0.0, 0.0, 0.0, 0.0]
05-10 12:26:28.365 [DEBUG] [robojudo.tools.dof] [DoF] override stiffness with [100, 100, 100, 200, 20, 20, 100, 100, 100, 200, 20, 20, 200, 200, 200, 40, 40, 40, 40, 20, 20, 20, 40, 40, 40, 40, 20, 20, 20]
05-10 12:26:28.365 [DEBUG] [robojudo.tools.dof] [DoF] override damping with [2.5, 2.5, 2.5, 5.0, 0.2, 0.1, 2.5, 2.5, 2.5, 5.0, 0.2, 0.1, 6.0, 6.0, 6.0, 2.0, 2.0, 2.0, 2.0, 2.0, 2.0, 2.0, 2.0, 2.0, 2.0, 2.0, 2.0, 2.0, 2.0]
05-10 12:26:28.365 [DEBUG] [robojudo.tools.dof] [DoF] override torque_limits with [88.0, 88.0, 88.0, 139.0, 50.0, 50.0, 88.0, 88.0, 88.0, 139.0, 50.0, 50.0, 200.0, 200.0, 200.0, 40.0, 40.0, 18.0, 18.0, 10.0, 10.0, 10.0, 40.0, 40.0, 18.0, 18.0, 10.0, 10.0, 10.0]
05-10 12:26:28.365 [DEBUG] [robojudo.tools.dof] [DoF] override position_limits with [[-2.5307, 2.8798], [-0.5236, 2.9671], [-2.7576, 2.7576], [-0.087267, 2.8798], [-0.87267, 0.5236], [-0.2618, 0.2618], [-2.5307, 2.8798], [-2.9671, 0.5236], [-2.7576, 2.7576], [-0.087267, 2.8798], [-0.87267, 0.5236], [-0.2618, 0.2618], [-2.618, 2.618], [-0.52, 0.52], [-0.52, 0.52], [-3.0892, 2.6704], [-1.5882, 2.2515], [-2.618, 2.618], [-1.0472, 2.0944], [-1.972222054, 1.972222054], [-1.614429558, 1.614429558], [-1.614429558, 1.614429558], [-3.0892, 2.6704], [-2.2515, 1.5882], [-2.618, 2.618], [-1.0472, 2.0944], [-1.972222054, 1.972222054], [-1.614429558, 1.614429558], [-1.614429558, 1.614429558]]
05-10 12:26:28.377 [INFO] [robojudo.pipeline.rl_pipeline] Pipeline reset
05-10 12:26:28.377 [DEBUG] [robojudo.policy.base_policy] Initializing history buffer as 4 x 12
05-10 12:26:28.377 [INFO] [robojudo.pipeline.rl_pipeline] Pipeline reset
05-10 12:26:28.377 [DEBUG] [robojudo.policy.base_policy] Initializing history buffer as 4 x 12
05-10 12:27:03.159 [DEBUG] [robojudo] ========== robojudo-1.5.0 init done ==========

05-10 12:27:03.163 [INFO] [robojudo.pipeline.base_pipeline] Using device: cpu
05-10 12:27:03.167 [INFO] [robojudo.utils.rotation] base set to pos: [0. 0. 0.], quat: [0. 0. 0. 1.]
05-10 12:27:03.713 [DEBUG] [robojudo.policy.asap_policy] Loading mimic policy '20250109_231507-noDR_rand_history_loco_stand_height_noise-decoupled_locomotion-g1_29dof' from /home/luis/palingenesys/asimovbm/g1_slam/third_party/RoboJuDo/assets/models/g1/asap/dec_loco/20250109_231507-noDR_rand_history_loco_stand_height_noise-decoupled_locomotion-g1_29dof/model_6600.onnx
05-10 12:27:03.721 [DEBUG] [robojudo.policy.base_policy] Initializing history buffer as 4 x 12
05-10 12:27:03.721 [DEBUG] [robojudo.tools.dof] [DoF] override default_pos with [-0.1, 0.0, 0.0, 0.3, -0.2, 0.0, -0.1, 0.0, 0.0, 0.3, -0.2, 0.0, 0.0, 0.0, 0.0, 0.0, 0.0, 0.0, 0.0, 0.0, 0.0, 0.0, 0.0, 0.0, 0.0, 0.0, 0.0, 0.0, 0.0]
05-10 12:27:03.721 [DEBUG] [robojudo.tools.dof] [DoF] override stiffness with [100, 100, 100, 200, 20, 20, 100, 100, 100, 200, 20, 20, 200, 200, 200, 40, 40, 40, 40, 20, 20, 20, 40, 40, 40, 40, 20, 20, 20]
05-10 12:27:03.721 [DEBUG] [robojudo.tools.dof] [DoF] override damping with [2.5, 2.5, 2.5, 5.0, 0.2, 0.1, 2.5, 2.5, 2.5, 5.0, 0.2, 0.1, 6.0, 6.0, 6.0, 2.0, 2.0, 2.0, 2.0, 2.0, 2.0, 2.0, 2.0, 2.0, 2.0, 2.0, 2.0, 2.0, 2.0]
05-10 12:27:03.721 [DEBUG] [robojudo.tools.dof] [DoF] override torque_limits with [88.0, 88.0, 88.0, 139.0, 50.0, 50.0, 88.0, 88.0, 88.0, 139.0, 50.0, 50.0, 200.0, 200.0, 200.0, 40.0, 40.0, 18.0, 18.0, 10.0, 10.0, 10.0, 40.0, 40.0, 18.0, 18.0, 10.0, 10.0, 10.0]
05-10 12:27:03.722 [DEBUG] [robojudo.tools.dof] [DoF] override position_limits with [[-2.5307, 2.8798], [-0.5236, 2.9671], [-2.7576, 2.7576], [-0.087267, 2.8798], [-0.87267, 0.5236], [-0.2618, 0.2618], [-2.5307, 2.8798], [-2.9671, 0.5236], [-2.7576, 2.7576], [-0.087267, 2.8798], [-0.87267, 0.5236], [-0.2618, 0.2618], [-2.618, 2.618], [-0.52, 0.52], [-0.52, 0.52], [-3.0892, 2.6704], [-1.5882, 2.2515], [-2.618, 2.618], [-1.0472, 2.0944], [-1.972222054, 1.972222054], [-1.614429558, 1.614429558], [-1.614429558, 1.614429558], [-3.0892, 2.6704], [-2.2515, 1.5882], [-2.618, 2.618], [-1.0472, 2.0944], [-1.972222054, 1.972222054], [-1.614429558, 1.614429558], [-1.614429558, 1.614429558]]
05-10 12:27:03.729 [INFO] [robojudo.pipeline.rl_pipeline] Pipeline reset
05-10 12:27:03.729 [DEBUG] [robojudo.policy.base_policy] Initializing history buffer as 4 x 12
05-10 12:27:03.729 [INFO] [robojudo.pipeline.rl_pipeline] Pipeline reset
05-10 12:27:03.729 [DEBUG] [robojudo.policy.base_policy] Initializing history buffer as 4 x 12
05-10 12:33:09.974 [DEBUG] [robojudo] ========== robojudo-1.5.0 init done ==========

05-10 12:33:09.976 [INFO] [robojudo.pipeline.base_pipeline] Using device: cpu
05-10 12:33:09.981 [INFO] [robojudo.utils.rotation] base set to pos: [0. 0. 0.], quat: [0. 0. 0. 1.]
05-10 12:33:10.552 [DEBUG] [robojudo.policy.asap_policy] Loading mimic policy '20250109_231507-noDR_rand_history_loco_stand_height_noise-decoupled_locomotion-g1_29dof' from /home/luis/palingenesys/asimovbm/g1_slam/third_party/RoboJuDo/assets/models/g1/asap/dec_loco/20250109_231507-noDR_rand_history_loco_stand_height_noise-decoupled_locomotion-g1_29dof/model_6600.onnx
05-10 12:33:10.558 [DEBUG] [robojudo.policy.base_policy] Initializing history buffer as 4 x 12
05-10 12:33:10.559 [DEBUG] [robojudo.tools.dof] [DoF] override default_pos with [-0.1, 0.0, 0.0, 0.3, -0.2, 0.0, -0.1, 0.0, 0.0, 0.3, -0.2, 0.0, 0.0, 0.0, 0.0, 0.0, 0.0, 0.0, 0.0, 0.0, 0.0, 0.0, 0.0, 0.0, 0.0, 0.0, 0.0, 0.0, 0.0]
05-10 12:33:10.559 [DEBUG] [robojudo.tools.dof] [DoF] override stiffness with [100, 100, 100, 200, 20, 20, 100, 100, 100, 200, 20, 20, 200, 200, 200, 40, 40, 40, 40, 20, 20, 20, 40, 40, 40, 40, 20, 20, 20]
05-10 12:33:10.559 [DEBUG] [robojudo.tools.dof] [DoF] override damping with [2.5, 2.5, 2.5, 5.0, 0.2, 0.1, 2.5, 2.5, 2.5, 5.0, 0.2, 0.1, 6.0, 6.0, 6.0, 2.0, 2.0, 2.0, 2.0, 2.0, 2.0, 2.0, 2.0, 2.0, 2.0, 2.0, 2.0, 2.0, 2.0]
05-10 12:33:10.559 [DEBUG] [robojudo.tools.dof] [DoF] override torque_limits with [88.0, 88.0, 88.0, 139.0, 50.0, 50.0, 88.0, 88.0, 88.0, 139.0, 50.0, 50.0, 200.0, 200.0, 200.0, 40.0, 40.0, 18.0, 18.0, 10.0, 10.0, 10.0, 40.0, 40.0, 18.0, 18.0, 10.0, 10.0, 10.0]
05-10 12:33:10.559 [DEBUG] [robojudo.tools.dof] [DoF] override position_limits with [[-2.5307, 2.8798], [-0.5236, 2.9671], [-2.7576, 2.7576], [-0.087267, 2.8798], [-0.87267, 0.5236], [-0.2618, 0.2618], [-2.5307, 2.8798], [-2.9671, 0.5236], [-2.7576, 2.7576], [-0.087267, 2.8798], [-0.87267, 0.5236], [-0.2618, 0.2618], [-2.618, 2.618], [-0.52, 0.52], [-0.52, 0.52], [-3.0892, 2.6704], [-1.5882, 2.2515], [-2.618, 2.618], [-1.0472, 2.0944], [-1.972222054, 1.972222054], [-1.614429558, 1.614429558], [-1.614429558, 1.614429558], [-3.0892, 2.6704], [-2.2515, 1.5882], [-2.618, 2.618], [-1.0472, 2.0944], [-1.972222054, 1.972222054], [-1.614429558, 1.614429558], [-1.614429558, 1.614429558]]
05-10 12:33:10.566 [INFO] [robojudo.pipeline.rl_pipeline] Pipeline reset
05-10 12:33:10.566 [DEBUG] [robojudo.policy.base_policy] Initializing history buffer as 4 x 12
05-10 12:33:10.567 [INFO] [robojudo.pipeline.rl_pipeline] Pipeline reset
05-10 12:33:10.567 [DEBUG] [robojudo.policy.base_policy] Initializing history buffer as 4 x 12
05-10 12:33:46.663 [DEBUG] [robojudo] ========== robojudo-1.5.0 init done ==========

05-10 12:33:46.665 [INFO] [robojudo.pipeline.base_pipeline] Using device: cpu
05-10 12:33:46.669 [INFO] [robojudo.utils.rotation] base set to pos: [0. 0. 0.], quat: [0. 0. 0. 1.]
05-10 12:33:47.280 [DEBUG] [robojudo.policy.asap_policy] Loading mimic policy '20250109_231507-noDR_rand_history_loco_stand_height_noise-decoupled_locomotion-g1_29dof' from /home/luis/palingenesys/asimovbm/g1_slam/third_party/RoboJuDo/assets/models/g1/asap/dec_loco/20250109_231507-noDR_rand_history_loco_stand_height_noise-decoupled_locomotion-g1_29dof/model_6600.onnx
05-10 12:33:47.286 [DEBUG] [robojudo.policy.base_policy] Initializing history buffer as 4 x 12
05-10 12:33:47.287 [DEBUG] [robojudo.tools.dof] [DoF] override default_pos with [-0.1, 0.0, 0.0, 0.3, -0.2, 0.0, -0.1, 0.0, 0.0, 0.3, -0.2, 0.0, 0.0, 0.0, 0.0, 0.0, 0.0, 0.0, 0.0, 0.0, 0.0, 0.0, 0.0, 0.0, 0.0, 0.0, 0.0, 0.0, 0.0]
05-10 12:33:47.287 [DEBUG] [robojudo.tools.dof] [DoF] override stiffness with [100, 100, 100, 200, 20, 20, 100, 100, 100, 200, 20, 20, 200, 200, 200, 40, 40, 40, 40, 20, 20, 20, 40, 40, 40, 40, 20, 20, 20]
05-10 12:33:47.287 [DEBUG] [robojudo.tools.dof] [DoF] override damping with [2.5, 2.5, 2.5, 5.0, 0.2, 0.1, 2.5, 2.5, 2.5, 5.0, 0.2, 0.1, 6.0, 6.0, 6.0, 2.0, 2.0, 2.0, 2.0, 2.0, 2.0, 2.0, 2.0, 2.0, 2.0, 2.0, 2.0, 2.0, 2.0]
05-10 12:33:47.287 [DEBUG] [robojudo.tools.dof] [DoF] override torque_limits with [88.0, 88.0, 88.0, 139.0, 50.0, 50.0, 88.0, 88.0, 88.0, 139.0, 50.0, 50.0, 200.0, 200.0, 200.0, 40.0, 40.0, 18.0, 18.0, 10.0, 10.0, 10.0, 40.0, 40.0, 18.0, 18.0, 10.0, 10.0, 10.0]
05-10 12:33:47.287 [DEBUG] [robojudo.tools.dof] [DoF] override position_limits with [[-2.5307, 2.8798], [-0.5236, 2.9671], [-2.7576, 2.7576], [-0.087267, 2.8798], [-0.87267, 0.5236], [-0.2618, 0.2618], [-2.5307, 2.8798], [-2.9671, 0.5236], [-2.7576, 2.7576], [-0.087267, 2.8798], [-0.87267, 0.5236], [-0.2618, 0.2618], [-2.618, 2.618], [-0.52, 0.52], [-0.52, 0.52], [-3.0892, 2.6704], [-1.5882, 2.2515], [-2.618, 2.618], [-1.0472, 2.0944], [-1.972222054, 1.972222054], [-1.614429558, 1.614429558], [-1.614429558, 1.614429558], [-3.0892, 2.6704], [-2.2515, 1.5882], [-2.618, 2.618], [-1.0472, 2.0944], [-1.972222054, 1.972222054], [-1.614429558, 1.614429558], [-1.614429558, 1.614429558]]
05-10 12:33:47.295 [INFO] [robojudo.pipeline.rl_pipeline] Pipeline reset
05-10 12:33:47.295 [DEBUG] [robojudo.policy.base_policy] Initializing history buffer as 4 x 12
05-10 12:33:47.295 [INFO] [robojudo.pipeline.rl_pipeline] Pipeline reset
05-10 12:33:47.295 [DEBUG] [robojudo.policy.base_policy] Initializing history buffer as 4 x 12
05-10 12:34:11.129 [DEBUG] [robojudo] ========== robojudo-1.5.0 init done ==========

05-10 12:34:11.131 [INFO] [robojudo.pipeline.base_pipeline] Using device: cpu
05-10 12:34:11.135 [INFO] [robojudo.utils.rotation] base set to pos: [0. 0. 0.], quat: [0. 0. 0. 1.]
05-10 12:34:11.695 [DEBUG] [robojudo.policy.asap_policy] Loading mimic policy '20250109_231507-noDR_rand_history_loco_stand_height_noise-decoupled_locomotion-g1_29dof' from /home/luis/palingenesys/asimovbm/g1_slam/third_party/RoboJuDo/assets/models/g1/asap/dec_loco/20250109_231507-noDR_rand_history_loco_stand_height_noise-decoupled_locomotion-g1_29dof/model_6600.onnx
05-10 12:34:11.702 [DEBUG] [robojudo.policy.base_policy] Initializing history buffer as 4 x 12
05-10 12:34:11.702 [DEBUG] [robojudo.tools.dof] [DoF] override default_pos with [-0.1, 0.0, 0.0, 0.3, -0.2, 0.0, -0.1, 0.0, 0.0, 0.3, -0.2, 0.0, 0.0, 0.0, 0.0, 0.0, 0.0, 0.0, 0.0, 0.0, 0.0, 0.0, 0.0, 0.0, 0.0, 0.0, 0.0, 0.0, 0.0]
05-10 12:34:11.702 [DEBUG] [robojudo.tools.dof] [DoF] override stiffness with [100, 100, 100, 200, 20, 20, 100, 100, 100, 200, 20, 20, 200, 200, 200, 40, 40, 40, 40, 20, 20, 20, 40, 40, 40, 40, 20, 20, 20]
05-10 12:34:11.702 [DEBUG] [robojudo.tools.dof] [DoF] override damping with [2.5, 2.5, 2.5, 5.0, 0.2, 0.1, 2.5, 2.5, 2.5, 5.0, 0.2, 0.1, 6.0, 6.0, 6.0, 2.0, 2.0, 2.0, 2.0, 2.0, 2.0, 2.0, 2.0, 2.0, 2.0, 2.0, 2.0, 2.0, 2.0]
05-10 12:34:11.702 [DEBUG] [robojudo.tools.dof] [DoF] override torque_limits with [88.0, 88.0, 88.0, 139.0, 50.0, 50.0, 88.0, 88.0, 88.0, 139.0, 50.0, 50.0, 200.0, 200.0, 200.0, 40.0, 40.0, 18.0, 18.0, 10.0, 10.0, 10.0, 40.0, 40.0, 18.0, 18.0, 10.0, 10.0, 10.0]
05-10 12:34:11.702 [DEBUG] [robojudo.tools.dof] [DoF] override position_limits with [[-2.5307, 2.8798], [-0.5236, 2.9671], [-2.7576, 2.7576], [-0.087267, 2.8798], [-0.87267, 0.5236], [-0.2618, 0.2618], [-2.5307, 2.8798], [-2.9671, 0.5236], [-2.7576, 2.7576], [-0.087267, 2.8798], [-0.87267, 0.5236], [-0.2618, 0.2618], [-2.618, 2.618], [-0.52, 0.52], [-0.52, 0.52], [-3.0892, 2.6704], [-1.5882, 2.2515], [-2.618, 2.618], [-1.0472, 2.0944], [-1.972222054, 1.972222054], [-1.614429558, 1.614429558], [-1.614429558, 1.614429558], [-3.0892, 2.6704], [-2.2515, 1.5882], [-2.618, 2.618], [-1.0472, 2.0944], [-1.972222054, 1.972222054], [-1.614429558, 1.614429558], [-1.614429558, 1.614429558]]
05-10 12:34:11.710 [INFO] [robojudo.pipeline.rl_pipeline] Pipeline reset
05-10 12:34:11.710 [DEBUG] [robojudo.policy.base_policy] Initializing history buffer as 4 x 12
05-10 12:34:11.710 [INFO] [robojudo.pipeline.rl_pipeline] Pipeline reset
05-10 12:34:11.710 [DEBUG] [robojudo.policy.base_policy] Initializing history buffer as 4 x 12
05-10 12:34:34.669 [DEBUG] [robojudo] ========== robojudo-1.5.0 init done ==========

05-10 12:34:34.671 [INFO] [robojudo.pipeline.base_pipeline] Using device: cpu
05-10 12:34:34.675 [INFO] [robojudo.utils.rotation] base set to pos: [0. 0. 0.], quat: [0. 0. 0. 1.]
05-10 12:34:35.261 [DEBUG] [robojudo.policy.asap_policy] Loading mimic policy '20250109_231507-noDR_rand_history_loco_stand_height_noise-decoupled_locomotion-g1_29dof' from /home/luis/palingenesys/asimovbm/g1_slam/third_party/RoboJuDo/assets/models/g1/asap/dec_loco/20250109_231507-noDR_rand_history_loco_stand_height_noise-decoupled_locomotion-g1_29dof/model_6600.onnx
05-10 12:34:35.269 [DEBUG] [robojudo.policy.base_policy] Initializing history buffer as 4 x 12
05-10 12:34:35.269 [DEBUG] [robojudo.tools.dof] [DoF] override default_pos with [-0.1, 0.0, 0.0, 0.3, -0.2, 0.0, -0.1, 0.0, 0.0, 0.3, -0.2, 0.0, 0.0, 0.0, 0.0, 0.0, 0.0, 0.0, 0.0, 0.0, 0.0, 0.0, 0.0, 0.0, 0.0, 0.0, 0.0, 0.0, 0.0]
05-10 12:34:35.269 [DEBUG] [robojudo.tools.dof] [DoF] override stiffness with [100, 100, 100, 200, 20, 20, 100, 100, 100, 200, 20, 20, 200, 200, 200, 40, 40, 40, 40, 20, 20, 20, 40, 40, 40, 40, 20, 20, 20]
05-10 12:34:35.269 [DEBUG] [robojudo.tools.dof] [DoF] override damping with [2.5, 2.5, 2.5, 5.0, 0.2, 0.1, 2.5, 2.5, 2.5, 5.0, 0.2, 0.1, 6.0, 6.0, 6.0, 2.0, 2.0, 2.0, 2.0, 2.0, 2.0, 2.0, 2.0, 2.0, 2.0, 2.0, 2.0, 2.0, 2.0]
05-10 12:34:35.269 [DEBUG] [robojudo.tools.dof] [DoF] override torque_limits with [88.0, 88.0, 88.0, 139.0, 50.0, 50.0, 88.0, 88.0, 88.0, 139.0, 50.0, 50.0, 200.0, 200.0, 200.0, 40.0, 40.0, 18.0, 18.0, 10.0, 10.0, 10.0, 40.0, 40.0, 18.0, 18.0, 10.0, 10.0, 10.0]
05-10 12:34:35.269 [DEBUG] [robojudo.tools.dof] [DoF] override position_limits with [[-2.5307, 2.8798], [-0.5236, 2.9671], [-2.7576, 2.7576], [-0.087267, 2.8798], [-0.87267, 0.5236], [-0.2618, 0.2618], [-2.5307, 2.8798], [-2.9671, 0.5236], [-2.7576, 2.7576], [-0.087267, 2.8798], [-0.87267, 0.5236], [-0.2618, 0.2618], [-2.618, 2.618], [-0.52, 0.52], [-0.52, 0.52], [-3.0892, 2.6704], [-1.5882, 2.2515], [-2.618, 2.618], [-1.0472, 2.0944], [-1.972222054, 1.972222054], [-1.614429558, 1.614429558], [-1.614429558, 1.614429558], [-3.0892, 2.6704], [-2.2515, 1.5882], [-2.618, 2.618], [-1.0472, 2.0944], [-1.972222054, 1.972222054], [-1.614429558, 1.614429558], [-1.614429558, 1.614429558]]
05-10 12:34:35.277 [INFO] [robojudo.pipeline.rl_pipeline] Pipeline reset
05-10 12:34:35.277 [DEBUG] [robojudo.policy.base_policy] Initializing history buffer as 4 x 12
05-10 12:34:35.277 [INFO] [robojudo.pipeline.rl_pipeline] Pipeline reset
05-10 12:34:35.277 [DEBUG] [robojudo.policy.base_policy] Initializing history buffer as 4 x 12
05-10 12:36:33.318 [DEBUG] [robojudo] ========== robojudo-1.5.0 init done ==========

05-10 12:36:33.319 [INFO] [robojudo.pipeline.base_pipeline] Using device: cpu
05-10 12:36:33.324 [INFO] [robojudo.utils.rotation] base set to pos: [0. 0. 0.], quat: [0. 0. 0. 1.]
05-10 12:36:33.874 [DEBUG] [robojudo.policy.asap_policy] Loading mimic policy '20250109_231507-noDR_rand_history_loco_stand_height_noise-decoupled_locomotion-g1_29dof' from /home/luis/palingenesys/asimovbm/g1_slam/third_party/RoboJuDo/assets/models/g1/asap/dec_loco/20250109_231507-noDR_rand_history_loco_stand_height_noise-decoupled_locomotion-g1_29dof/model_6600.onnx
05-10 12:36:33.880 [DEBUG] [robojudo.policy.base_policy] Initializing history buffer as 4 x 12
05-10 12:36:33.880 [DEBUG] [robojudo.tools.dof] [DoF] override default_pos with [-0.1, 0.0, 0.0, 0.3, -0.2, 0.0, -0.1, 0.0, 0.0, 0.3, -0.2, 0.0, 0.0, 0.0, 0.0, 0.0, 0.0, 0.0, 0.0, 0.0, 0.0, 0.0, 0.0, 0.0, 0.0, 0.0, 0.0, 0.0, 0.0]
05-10 12:36:33.881 [DEBUG] [robojudo.tools.dof] [DoF] override stiffness with [100, 100, 100, 200, 20, 20, 100, 100, 100, 200, 20, 20, 200, 200, 200, 40, 40, 40, 40, 20, 20, 20, 40, 40, 40, 40, 20, 20, 20]
05-10 12:36:33.881 [DEBUG] [robojudo.tools.dof] [DoF] override damping with [2.5, 2.5, 2.5, 5.0, 0.2, 0.1, 2.5, 2.5, 2.5, 5.0, 0.2, 0.1, 6.0, 6.0, 6.0, 2.0, 2.0, 2.0, 2.0, 2.0, 2.0, 2.0, 2.0, 2.0, 2.0, 2.0, 2.0, 2.0, 2.0]
05-10 12:36:33.881 [DEBUG] [robojudo.tools.dof] [DoF] override torque_limits with [88.0, 88.0, 88.0, 139.0, 50.0, 50.0, 88.0, 88.0, 88.0, 139.0, 50.0, 50.0, 200.0, 200.0, 200.0, 40.0, 40.0, 18.0, 18.0, 10.0, 10.0, 10.0, 40.0, 40.0, 18.0, 18.0, 10.0, 10.0, 10.0]
05-10 12:36:33.881 [DEBUG] [robojudo.tools.dof] [DoF] override position_limits with [[-2.5307, 2.8798], [-0.5236, 2.9671], [-2.7576, 2.7576], [-0.087267, 2.8798], [-0.87267, 0.5236], [-0.2618, 0.2618], [-2.5307, 2.8798], [-2.9671, 0.5236], [-2.7576, 2.7576], [-0.087267, 2.8798], [-0.87267, 0.5236], [-0.2618, 0.2618], [-2.618, 2.618], [-0.52, 0.52], [-0.52, 0.52], [-3.0892, 2.6704], [-1.5882, 2.2515], [-2.618, 2.618], [-1.0472, 2.0944], [-1.972222054, 1.972222054], [-1.614429558, 1.614429558], [-1.614429558, 1.614429558], [-3.0892, 2.6704], [-2.2515, 1.5882], [-2.618, 2.618], [-1.0472, 2.0944], [-1.972222054, 1.972222054], [-1.614429558, 1.614429558], [-1.614429558, 1.614429558]]
05-10 12:36:33.888 [INFO] [robojudo.pipeline.rl_pipeline] Pipeline reset
05-10 12:36:33.888 [DEBUG] [robojudo.policy.base_policy] Initializing history buffer as 4 x 12
05-10 12:36:33.888 [INFO] [robojudo.pipeline.rl_pipeline] Pipeline reset
05-10 12:36:33.889 [DEBUG] [robojudo.policy.base_policy] Initializing history buffer as 4 x 12
05-10 12:36:46.012 [DEBUG] [robojudo] ========== robojudo-1.5.0 init done ==========

05-10 12:36:46.014 [INFO] [robojudo.pipeline.base_pipeline] Using device: cpu
05-10 12:36:46.018 [INFO] [robojudo.utils.rotation] base set to pos: [0. 0. 0.], quat: [0. 0. 0. 1.]
05-10 12:36:46.595 [DEBUG] [robojudo.policy.asap_policy] Loading mimic policy '20250109_231507-noDR_rand_history_loco_stand_height_noise-decoupled_locomotion-g1_29dof' from /home/luis/palingenesys/asimovbm/g1_slam/third_party/RoboJuDo/assets/models/g1/asap/dec_loco/20250109_231507-noDR_rand_history_loco_stand_height_noise-decoupled_locomotion-g1_29dof/model_6600.onnx
05-10 12:36:46.603 [DEBUG] [robojudo.policy.base_policy] Initializing history buffer as 4 x 12
05-10 12:36:46.603 [DEBUG] [robojudo.tools.dof] [DoF] override default_pos with [-0.1, 0.0, 0.0, 0.3, -0.2, 0.0, -0.1, 0.0, 0.0, 0.3, -0.2, 0.0, 0.0, 0.0, 0.0, 0.0, 0.0, 0.0, 0.0, 0.0, 0.0, 0.0, 0.0, 0.0, 0.0, 0.0, 0.0, 0.0, 0.0]
05-10 12:36:46.604 [DEBUG] [robojudo.tools.dof] [DoF] override stiffness with [100, 100, 100, 200, 20, 20, 100, 100, 100, 200, 20, 20, 200, 200, 200, 40, 40, 40, 40, 20, 20, 20, 40, 40, 40, 40, 20, 20, 20]
05-10 12:36:46.604 [DEBUG] [robojudo.tools.dof] [DoF] override damping with [2.5, 2.5, 2.5, 5.0, 0.2, 0.1, 2.5, 2.5, 2.5, 5.0, 0.2, 0.1, 6.0, 6.0, 6.0, 2.0, 2.0, 2.0, 2.0, 2.0, 2.0, 2.0, 2.0, 2.0, 2.0, 2.0, 2.0, 2.0, 2.0]
05-10 12:36:46.604 [DEBUG] [robojudo.tools.dof] [DoF] override torque_limits with [88.0, 88.0, 88.0, 139.0, 50.0, 50.0, 88.0, 88.0, 88.0, 139.0, 50.0, 50.0, 200.0, 200.0, 200.0, 40.0, 40.0, 18.0, 18.0, 10.0, 10.0, 10.0, 40.0, 40.0, 18.0, 18.0, 10.0, 10.0, 10.0]
05-10 12:36:46.604 [DEBUG] [robojudo.tools.dof] [DoF] override position_limits with [[-2.5307, 2.8798], [-0.5236, 2.9671], [-2.7576, 2.7576], [-0.087267, 2.8798], [-0.87267, 0.5236], [-0.2618, 0.2618], [-2.5307, 2.8798], [-2.9671, 0.5236], [-2.7576, 2.7576], [-0.087267, 2.8798], [-0.87267, 0.5236], [-0.2618, 0.2618], [-2.618, 2.618], [-0.52, 0.52], [-0.52, 0.52], [-3.0892, 2.6704], [-1.5882, 2.2515], [-2.618, 2.618], [-1.0472, 2.0944], [-1.972222054, 1.972222054], [-1.614429558, 1.614429558], [-1.614429558, 1.614429558], [-3.0892, 2.6704], [-2.2515, 1.5882], [-2.618, 2.618], [-1.0472, 2.0944], [-1.972222054, 1.972222054], [-1.614429558, 1.614429558], [-1.614429558, 1.614429558]]
05-10 12:36:46.612 [INFO] [robojudo.pipeline.rl_pipeline] Pipeline reset
05-10 12:36:46.612 [DEBUG] [robojudo.policy.base_policy] Initializing history buffer as 4 x 12
05-10 12:36:46.612 [INFO] [robojudo.pipeline.rl_pipeline] Pipeline reset
05-10 12:36:46.612 [DEBUG] [robojudo.policy.base_policy] Initializing history buffer as 4 x 12
05-10 12:37:02.297 [DEBUG] [robojudo] ========== robojudo-1.5.0 init done ==========

05-10 12:37:02.299 [INFO] [robojudo.pipeline.base_pipeline] Using device: cpu
05-10 12:37:02.303 [INFO] [robojudo.utils.rotation] base set to pos: [0. 0. 0.], quat: [0. 0. 0. 1.]
05-10 12:37:02.853 [DEBUG] [robojudo.policy.asap_policy] Loading mimic policy '20250109_231507-noDR_rand_history_loco_stand_height_noise-decoupled_locomotion-g1_29dof' from /home/luis/palingenesys/asimovbm/g1_slam/third_party/RoboJuDo/assets/models/g1/asap/dec_loco/20250109_231507-noDR_rand_history_loco_stand_height_noise-decoupled_locomotion-g1_29dof/model_6600.onnx
05-10 12:37:02.860 [DEBUG] [robojudo.policy.base_policy] Initializing history buffer as 4 x 12
05-10 12:37:02.861 [DEBUG] [robojudo.tools.dof] [DoF] override default_pos with [-0.1, 0.0, 0.0, 0.3, -0.2, 0.0, -0.1, 0.0, 0.0, 0.3, -0.2, 0.0, 0.0, 0.0, 0.0, 0.0, 0.0, 0.0, 0.0, 0.0, 0.0, 0.0, 0.0, 0.0, 0.0, 0.0, 0.0, 0.0, 0.0]
05-10 12:37:02.861 [DEBUG] [robojudo.tools.dof] [DoF] override stiffness with [100, 100, 100, 200, 20, 20, 100, 100, 100, 200, 20, 20, 200, 200, 200, 40, 40, 40, 40, 20, 20, 20, 40, 40, 40, 40, 20, 20, 20]
05-10 12:37:02.861 [DEBUG] [robojudo.tools.dof] [DoF] override damping with [2.5, 2.5, 2.5, 5.0, 0.2, 0.1, 2.5, 2.5, 2.5, 5.0, 0.2, 0.1, 6.0, 6.0, 6.0, 2.0, 2.0, 2.0, 2.0, 2.0, 2.0, 2.0, 2.0, 2.0, 2.0, 2.0, 2.0, 2.0, 2.0]
05-10 12:37:02.861 [DEBUG] [robojudo.tools.dof] [DoF] override torque_limits with [88.0, 88.0, 88.0, 139.0, 50.0, 50.0, 88.0, 88.0, 88.0, 139.0, 50.0, 50.0, 200.0, 200.0, 200.0, 40.0, 40.0, 18.0, 18.0, 10.0, 10.0, 10.0, 40.0, 40.0, 18.0, 18.0, 10.0, 10.0, 10.0]
05-10 12:37:02.861 [DEBUG] [robojudo.tools.dof] [DoF] override position_limits with [[-2.5307, 2.8798], [-0.5236, 2.9671], [-2.7576, 2.7576], [-0.087267, 2.8798], [-0.87267, 0.5236], [-0.2618, 0.2618], [-2.5307, 2.8798], [-2.9671, 0.5236], [-2.7576, 2.7576], [-0.087267, 2.8798], [-0.87267, 0.5236], [-0.2618, 0.2618], [-2.618, 2.618], [-0.52, 0.52], [-0.52, 0.52], [-3.0892, 2.6704], [-1.5882, 2.2515], [-2.618, 2.618], [-1.0472, 2.0944], [-1.972222054, 1.972222054], [-1.614429558, 1.614429558], [-1.614429558, 1.614429558], [-3.0892, 2.6704], [-2.2515, 1.5882], [-2.618, 2.618], [-1.0472, 2.0944], [-1.972222054, 1.972222054], [-1.614429558, 1.614429558], [-1.614429558, 1.614429558]]
05-10 12:37:02.869 [INFO] [robojudo.pipeline.rl_pipeline] Pipeline reset
05-10 12:37:02.869 [DEBUG] [robojudo.policy.base_policy] Initializing history buffer as 4 x 12
05-10 12:37:02.869 [INFO] [robojudo.pipeline.rl_pipeline] Pipeline reset
05-10 12:37:02.869 [DEBUG] [robojudo.policy.base_policy] Initializing history buffer as 4 x 12
05-10 12:37:19.034 [DEBUG] [robojudo] ========== robojudo-1.5.0 init done ==========

05-10 12:37:19.036 [INFO] [robojudo.pipeline.base_pipeline] Using device: cpu
05-10 12:37:19.040 [INFO] [robojudo.utils.rotation] base set to pos: [0. 0. 0.], quat: [0. 0. 0. 1.]
05-10 12:37:19.588 [DEBUG] [robojudo.policy.asap_policy] Loading mimic policy '20250109_231507-noDR_rand_history_loco_stand_height_noise-decoupled_locomotion-g1_29dof' from /home/luis/palingenesys/asimovbm/g1_slam/third_party/RoboJuDo/assets/models/g1/asap/dec_loco/20250109_231507-noDR_rand_history_loco_stand_height_noise-decoupled_locomotion-g1_29dof/model_6600.onnx
05-10 12:37:19.597 [DEBUG] [robojudo.policy.base_policy] Initializing history buffer as 4 x 12
05-10 12:37:19.597 [DEBUG] [robojudo.tools.dof] [DoF] override default_pos with [-0.1, 0.0, 0.0, 0.3, -0.2, 0.0, -0.1, 0.0, 0.0, 0.3, -0.2, 0.0, 0.0, 0.0, 0.0, 0.0, 0.0, 0.0, 0.0, 0.0, 0.0, 0.0, 0.0, 0.0, 0.0, 0.0, 0.0, 0.0, 0.0]
05-10 12:37:19.597 [DEBUG] [robojudo.tools.dof] [DoF] override stiffness with [100, 100, 100, 200, 20, 20, 100, 100, 100, 200, 20, 20, 200, 200, 200, 40, 40, 40, 40, 20, 20, 20, 40, 40, 40, 40, 20, 20, 20]
05-10 12:37:19.597 [DEBUG] [robojudo.tools.dof] [DoF] override damping with [2.5, 2.5, 2.5, 5.0, 0.2, 0.1, 2.5, 2.5, 2.5, 5.0, 0.2, 0.1, 6.0, 6.0, 6.0, 2.0, 2.0, 2.0, 2.0, 2.0, 2.0, 2.0, 2.0, 2.0, 2.0, 2.0, 2.0, 2.0, 2.0]
05-10 12:37:19.597 [DEBUG] [robojudo.tools.dof] [DoF] override torque_limits with [88.0, 88.0, 88.0, 139.0, 50.0, 50.0, 88.0, 88.0, 88.0, 139.0, 50.0, 50.0, 200.0, 200.0, 200.0, 40.0, 40.0, 18.0, 18.0, 10.0, 10.0, 10.0, 40.0, 40.0, 18.0, 18.0, 10.0, 10.0, 10.0]
05-10 12:37:19.598 [DEBUG] [robojudo.tools.dof] [DoF] override position_limits with [[-2.5307, 2.8798], [-0.5236, 2.9671], [-2.7576, 2.7576], [-0.087267, 2.8798], [-0.87267, 0.5236], [-0.2618, 0.2618], [-2.5307, 2.8798], [-2.9671, 0.5236], [-2.7576, 2.7576], [-0.087267, 2.8798], [-0.87267, 0.5236], [-0.2618, 0.2618], [-2.618, 2.618], [-0.52, 0.52], [-0.52, 0.52], [-3.0892, 2.6704], [-1.5882, 2.2515], [-2.618, 2.618], [-1.0472, 2.0944], [-1.972222054, 1.972222054], [-1.614429558, 1.614429558], [-1.614429558, 1.614429558], [-3.0892, 2.6704], [-2.2515, 1.5882], [-2.618, 2.618], [-1.0472, 2.0944], [-1.972222054, 1.972222054], [-1.614429558, 1.614429558], [-1.614429558, 1.614429558]]
05-10 12:37:19.605 [INFO] [robojudo.pipeline.rl_pipeline] Pipeline reset
05-10 12:37:19.605 [DEBUG] [robojudo.policy.base_policy] Initializing history buffer as 4 x 12
05-10 12:37:19.605 [INFO] [robojudo.pipeline.rl_pipeline] Pipeline reset
05-10 12:37:19.605 [DEBUG] [robojudo.policy.base_policy] Initializing history buffer as 4 x 12
05-10 12:37:38.610 [DEBUG] [robojudo] ========== robojudo-1.5.0 init done ==========

05-10 12:37:38.612 [INFO] [robojudo.pipeline.base_pipeline] Using device: cpu
05-10 12:37:38.616 [INFO] [robojudo.utils.rotation] base set to pos: [0. 0. 0.], quat: [0. 0. 0. 1.]
05-10 12:37:39.170 [DEBUG] [robojudo.policy.asap_policy] Loading mimic policy '20250109_231507-noDR_rand_history_loco_stand_height_noise-decoupled_locomotion-g1_29dof' from /home/luis/palingenesys/asimovbm/g1_slam/third_party/RoboJuDo/assets/models/g1/asap/dec_loco/20250109_231507-noDR_rand_history_loco_stand_height_noise-decoupled_locomotion-g1_29dof/model_6600.onnx
05-10 12:37:39.178 [DEBUG] [robojudo.policy.base_policy] Initializing history buffer as 4 x 12
05-10 12:37:39.178 [DEBUG] [robojudo.tools.dof] [DoF] override default_pos with [-0.1, 0.0, 0.0, 0.3, -0.2, 0.0, -0.1, 0.0, 0.0, 0.3, -0.2, 0.0, 0.0, 0.0, 0.0, 0.0, 0.0, 0.0, 0.0, 0.0, 0.0, 0.0, 0.0, 0.0, 0.0, 0.0, 0.0, 0.0, 0.0]
05-10 12:37:39.178 [DEBUG] [robojudo.tools.dof] [DoF] override stiffness with [100, 100, 100, 200, 20, 20, 100, 100, 100, 200, 20, 20, 200, 200, 200, 40, 40, 40, 40, 20, 20, 20, 40, 40, 40, 40, 20, 20, 20]
05-10 12:37:39.178 [DEBUG] [robojudo.tools.dof] [DoF] override damping with [2.5, 2.5, 2.5, 5.0, 0.2, 0.1, 2.5, 2.5, 2.5, 5.0, 0.2, 0.1, 6.0, 6.0, 6.0, 2.0, 2.0, 2.0, 2.0, 2.0, 2.0, 2.0, 2.0, 2.0, 2.0, 2.0, 2.0, 2.0, 2.0]
05-10 12:37:39.178 [DEBUG] [robojudo.tools.dof] [DoF] override torque_limits with [88.0, 88.0, 88.0, 139.0, 50.0, 50.0, 88.0, 88.0, 88.0, 139.0, 50.0, 50.0, 200.0, 200.0, 200.0, 40.0, 40.0, 18.0, 18.0, 10.0, 10.0, 10.0, 40.0, 40.0, 18.0, 18.0, 10.0, 10.0, 10.0]
05-10 12:37:39.178 [DEBUG] [robojudo.tools.dof] [DoF] override position_limits with [[-2.5307, 2.8798], [-0.5236, 2.9671], [-2.7576, 2.7576], [-0.087267, 2.8798], [-0.87267, 0.5236], [-0.2618, 0.2618], [-2.5307, 2.8798], [-2.9671, 0.5236], [-2.7576, 2.7576], [-0.087267, 2.8798], [-0.87267, 0.5236], [-0.2618, 0.2618], [-2.618, 2.618], [-0.52, 0.52], [-0.52, 0.52], [-3.0892, 2.6704], [-1.5882, 2.2515], [-2.618, 2.618], [-1.0472, 2.0944], [-1.972222054, 1.972222054], [-1.614429558, 1.614429558], [-1.614429558, 1.614429558], [-3.0892, 2.6704], [-2.2515, 1.5882], [-2.618, 2.618], [-1.0472, 2.0944], [-1.972222054, 1.972222054], [-1.614429558, 1.614429558], [-1.614429558, 1.614429558]]
05-10 12:37:39.185 [INFO] [robojudo.pipeline.rl_pipeline] Pipeline reset
05-10 12:37:39.186 [DEBUG] [robojudo.policy.base_policy] Initializing history buffer as 4 x 12
05-10 12:37:39.186 [INFO] [robojudo.pipeline.rl_pipeline] Pipeline reset
05-10 12:37:39.186 [DEBUG] [robojudo.policy.base_policy] Initializing history buffer as 4 x 12
05-10 12:38:00.885 [DEBUG] [robojudo] ========== robojudo-1.5.0 init done ==========

05-10 12:38:00.887 [INFO] [robojudo.pipeline.base_pipeline] Using device: cpu
05-10 12:38:00.891 [INFO] [robojudo.utils.rotation] base set to pos: [0. 0. 0.], quat: [0. 0. 0. 1.]
05-10 12:38:01.466 [DEBUG] [robojudo.policy.asap_policy] Loading mimic policy '20250109_231507-noDR_rand_history_loco_stand_height_noise-decoupled_locomotion-g1_29dof' from /home/luis/palingenesys/asimovbm/g1_slam/third_party/RoboJuDo/assets/models/g1/asap/dec_loco/20250109_231507-noDR_rand_history_loco_stand_height_noise-decoupled_locomotion-g1_29dof/model_6600.onnx
05-10 12:38:01.476 [DEBUG] [robojudo.policy.base_policy] Initializing history buffer as 4 x 12
05-10 12:38:01.476 [DEBUG] [robojudo.tools.dof] [DoF] override default_pos with [-0.1, 0.0, 0.0, 0.3, -0.2, 0.0, -0.1, 0.0, 0.0, 0.3, -0.2, 0.0, 0.0, 0.0, 0.0, 0.0, 0.0, 0.0, 0.0, 0.0, 0.0, 0.0, 0.0, 0.0, 0.0, 0.0, 0.0, 0.0, 0.0]
05-10 12:38:01.477 [DEBUG] [robojudo.tools.dof] [DoF] override stiffness with [100, 100, 100, 200, 20, 20, 100, 100, 100, 200, 20, 20, 200, 200, 200, 40, 40, 40, 40, 20, 20, 20, 40, 40, 40, 40, 20, 20, 20]
05-10 12:38:01.477 [DEBUG] [robojudo.tools.dof] [DoF] override damping with [2.5, 2.5, 2.5, 5.0, 0.2, 0.1, 2.5, 2.5, 2.5, 5.0, 0.2, 0.1, 6.0, 6.0, 6.0, 2.0, 2.0, 2.0, 2.0, 2.0, 2.0, 2.0, 2.0, 2.0, 2.0, 2.0, 2.0, 2.0, 2.0]
05-10 12:38:01.477 [DEBUG] [robojudo.tools.dof] [DoF] override torque_limits with [88.0, 88.0, 88.0, 139.0, 50.0, 50.0, 88.0, 88.0, 88.0, 139.0, 50.0, 50.0, 200.0, 200.0, 200.0, 40.0, 40.0, 18.0, 18.0, 10.0, 10.0, 10.0, 40.0, 40.0, 18.0, 18.0, 10.0, 10.0, 10.0]
05-10 12:38:01.477 [DEBUG] [robojudo.tools.dof] [DoF] override position_limits with [[-2.5307, 2.8798], [-0.5236, 2.9671], [-2.7576, 2.7576], [-0.087267, 2.8798], [-0.87267, 0.5236], [-0.2618, 0.2618], [-2.5307, 2.8798], [-2.9671, 0.5236], [-2.7576, 2.7576], [-0.087267, 2.8798], [-0.87267, 0.5236], [-0.2618, 0.2618], [-2.618, 2.618], [-0.52, 0.52], [-0.52, 0.52], [-3.0892, 2.6704], [-1.5882, 2.2515], [-2.618, 2.618], [-1.0472, 2.0944], [-1.972222054, 1.972222054], [-1.614429558, 1.614429558], [-1.614429558, 1.614429558], [-3.0892, 2.6704], [-2.2515, 1.5882], [-2.618, 2.618], [-1.0472, 2.0944], [-1.972222054, 1.972222054], [-1.614429558, 1.614429558], [-1.614429558, 1.614429558]]
05-10 12:38:01.489 [INFO] [robojudo.pipeline.rl_pipeline] Pipeline reset
05-10 12:38:01.489 [DEBUG] [robojudo.policy.base_policy] Initializing history buffer as 4 x 12
05-10 12:38:01.489 [INFO] [robojudo.pipeline.rl_pipeline] Pipeline reset
05-10 12:38:01.489 [DEBUG] [robojudo.policy.base_policy] Initializing history buffer as 4 x 12
05-10 12:45:00.764 [DEBUG] [robojudo] ========== robojudo-1.5.0 init done ==========

05-10 12:45:00.766 [INFO] [robojudo.pipeline.base_pipeline] Using device: cpu
05-10 12:45:00.770 [INFO] [robojudo.utils.rotation] base set to pos: [0. 0. 0.], quat: [0. 0. 0. 1.]
05-10 12:45:01.325 [DEBUG] [robojudo.policy.asap_policy] Loading mimic policy '20250109_231507-noDR_rand_history_loco_stand_height_noise-decoupled_locomotion-g1_29dof' from /home/luis/palingenesys/asimovbm/g1_slam/third_party/RoboJuDo/assets/models/g1/asap/dec_loco/20250109_231507-noDR_rand_history_loco_stand_height_noise-decoupled_locomotion-g1_29dof/model_6600.onnx
05-10 12:45:01.332 [DEBUG] [robojudo.policy.base_policy] Initializing history buffer as 4 x 12
05-10 12:45:01.333 [DEBUG] [robojudo.tools.dof] [DoF] override default_pos with [-0.1, 0.0, 0.0, 0.3, -0.2, 0.0, -0.1, 0.0, 0.0, 0.3, -0.2, 0.0, 0.0, 0.0, 0.0, 0.0, 0.0, 0.0, 0.0, 0.0, 0.0, 0.0, 0.0, 0.0, 0.0, 0.0, 0.0, 0.0, 0.0]
05-10 12:45:01.333 [DEBUG] [robojudo.tools.dof] [DoF] override stiffness with [100, 100, 100, 200, 20, 20, 100, 100, 100, 200, 20, 20, 200, 200, 200, 40, 40, 40, 40, 20, 20, 20, 40, 40, 40, 40, 20, 20, 20]
05-10 12:45:01.333 [DEBUG] [robojudo.tools.dof] [DoF] override damping with [2.5, 2.5, 2.5, 5.0, 0.2, 0.1, 2.5, 2.5, 2.5, 5.0, 0.2, 0.1, 6.0, 6.0, 6.0, 2.0, 2.0, 2.0, 2.0, 2.0, 2.0, 2.0, 2.0, 2.0, 2.0, 2.0, 2.0, 2.0, 2.0]
05-10 12:45:01.333 [DEBUG] [robojudo.tools.dof] [DoF] override torque_limits with [88.0, 88.0, 88.0, 139.0, 50.0, 50.0, 88.0, 88.0, 88.0, 139.0, 50.0, 50.0, 200.0, 200.0, 200.0, 40.0, 40.0, 18.0, 18.0, 10.0, 10.0, 10.0, 40.0, 40.0, 18.0, 18.0, 10.0, 10.0, 10.0]
05-10 12:45:01.333 [DEBUG] [robojudo.tools.dof] [DoF] override position_limits with [[-2.5307, 2.8798], [-0.5236, 2.9671], [-2.7576, 2.7576], [-0.087267, 2.8798], [-0.87267, 0.5236], [-0.2618, 0.2618], [-2.5307, 2.8798], [-2.9671, 0.5236], [-2.7576, 2.7576], [-0.087267, 2.8798], [-0.87267, 0.5236], [-0.2618, 0.2618], [-2.618, 2.618], [-0.52, 0.52], [-0.52, 0.52], [-3.0892, 2.6704], [-1.5882, 2.2515], [-2.618, 2.618], [-1.0472, 2.0944], [-1.972222054, 1.972222054], [-1.614429558, 1.614429558], [-1.614429558, 1.614429558], [-3.0892, 2.6704], [-2.2515, 1.5882], [-2.618, 2.618], [-1.0472, 2.0944], [-1.972222054, 1.972222054], [-1.614429558, 1.614429558], [-1.614429558, 1.614429558]]
05-10 12:45:01.341 [INFO] [robojudo.pipeline.rl_pipeline] Pipeline reset
05-10 12:45:01.341 [DEBUG] [robojudo.policy.base_policy] Initializing history buffer as 4 x 12
05-10 12:45:01.341 [INFO] [robojudo.pipeline.rl_pipeline] Pipeline reset
05-10 12:45:01.341 [DEBUG] [robojudo.policy.base_policy] Initializing history buffer as 4 x 12
05-10 12:45:25.793 [DEBUG] [robojudo] ========== robojudo-1.5.0 init done ==========

05-10 12:45:25.795 [INFO] [robojudo.pipeline.base_pipeline] Using device: cpu
05-10 12:45:25.799 [INFO] [robojudo.utils.rotation] base set to pos: [0. 0. 0.], quat: [0. 0. 0. 1.]
05-10 12:45:26.346 [DEBUG] [robojudo.policy.asap_policy] Loading mimic policy '20250109_231507-noDR_rand_history_loco_stand_height_noise-decoupled_locomotion-g1_29dof' from /home/luis/palingenesys/asimovbm/g1_slam/third_party/RoboJuDo/assets/models/g1/asap/dec_loco/20250109_231507-noDR_rand_history_loco_stand_height_noise-decoupled_locomotion-g1_29dof/model_6600.onnx
05-10 12:45:26.355 [DEBUG] [robojudo.policy.base_policy] Initializing history buffer as 4 x 12
05-10 12:45:26.355 [DEBUG] [robojudo.tools.dof] [DoF] override default_pos with [-0.1, 0.0, 0.0, 0.3, -0.2, 0.0, -0.1, 0.0, 0.0, 0.3, -0.2, 0.0, 0.0, 0.0, 0.0, 0.0, 0.0, 0.0, 0.0, 0.0, 0.0, 0.0, 0.0, 0.0, 0.0, 0.0, 0.0, 0.0, 0.0]
05-10 12:45:26.355 [DEBUG] [robojudo.tools.dof] [DoF] override stiffness with [100, 100, 100, 200, 20, 20, 100, 100, 100, 200, 20, 20, 200, 200, 200, 40, 40, 40, 40, 20, 20, 20, 40, 40, 40, 40, 20, 20, 20]
05-10 12:45:26.355 [DEBUG] [robojudo.tools.dof] [DoF] override damping with [2.5, 2.5, 2.5, 5.0, 0.2, 0.1, 2.5, 2.5, 2.5, 5.0, 0.2, 0.1, 6.0, 6.0, 6.0, 2.0, 2.0, 2.0, 2.0, 2.0, 2.0, 2.0, 2.0, 2.0, 2.0, 2.0, 2.0, 2.0, 2.0]
05-10 12:45:26.355 [DEBUG] [robojudo.tools.dof] [DoF] override torque_limits with [88.0, 88.0, 88.0, 139.0, 50.0, 50.0, 88.0, 88.0, 88.0, 139.0, 50.0, 50.0, 200.0, 200.0, 200.0, 40.0, 40.0, 18.0, 18.0, 10.0, 10.0, 10.0, 40.0, 40.0, 18.0, 18.0, 10.0, 10.0, 10.0]
05-10 12:45:26.356 [DEBUG] [robojudo.tools.dof] [DoF] override position_limits with [[-2.5307, 2.8798], [-0.5236, 2.9671], [-2.7576, 2.7576], [-0.087267, 2.8798], [-0.87267, 0.5236], [-0.2618, 0.2618], [-2.5307, 2.8798], [-2.9671, 0.5236], [-2.7576, 2.7576], [-0.087267, 2.8798], [-0.87267, 0.5236], [-0.2618, 0.2618], [-2.618, 2.618], [-0.52, 0.52], [-0.52, 0.52], [-3.0892, 2.6704], [-1.5882, 2.2515], [-2.618, 2.618], [-1.0472, 2.0944], [-1.972222054, 1.972222054], [-1.614429558, 1.614429558], [-1.614429558, 1.614429558], [-3.0892, 2.6704], [-2.2515, 1.5882], [-2.618, 2.618], [-1.0472, 2.0944], [-1.972222054, 1.972222054], [-1.614429558, 1.614429558], [-1.614429558, 1.614429558]]
05-10 12:45:26.364 [INFO] [robojudo.pipeline.rl_pipeline] Pipeline reset
05-10 12:45:26.364 [DEBUG] [robojudo.policy.base_policy] Initializing history buffer as 4 x 12
05-10 12:45:26.364 [INFO] [robojudo.pipeline.rl_pipeline] Pipeline reset
05-10 12:45:26.364 [DEBUG] [robojudo.policy.base_policy] Initializing history buffer as 4 x 12
05-10 12:45:39.618 [DEBUG] [robojudo] ========== robojudo-1.5.0 init done ==========

05-10 12:45:39.619 [INFO] [robojudo.pipeline.base_pipeline] Using device: cpu
05-10 12:45:39.624 [INFO] [robojudo.utils.rotation] base set to pos: [0. 0. 0.], quat: [0. 0. 0. 1.]
05-10 12:45:40.181 [DEBUG] [robojudo.policy.asap_policy] Loading mimic policy '20250109_231507-noDR_rand_history_loco_stand_height_noise-decoupled_locomotion-g1_29dof' from /home/luis/palingenesys/asimovbm/g1_slam/third_party/RoboJuDo/assets/models/g1/asap/dec_loco/20250109_231507-noDR_rand_history_loco_stand_height_noise-decoupled_locomotion-g1_29dof/model_6600.onnx
05-10 12:45:40.189 [DEBUG] [robojudo.policy.base_policy] Initializing history buffer as 4 x 12
05-10 12:45:40.189 [DEBUG] [robojudo.tools.dof] [DoF] override default_pos with [-0.1, 0.0, 0.0, 0.3, -0.2, 0.0, -0.1, 0.0, 0.0, 0.3, -0.2, 0.0, 0.0, 0.0, 0.0, 0.0, 0.0, 0.0, 0.0, 0.0, 0.0, 0.0, 0.0, 0.0, 0.0, 0.0, 0.0, 0.0, 0.0]
05-10 12:45:40.189 [DEBUG] [robojudo.tools.dof] [DoF] override stiffness with [100, 100, 100, 200, 20, 20, 100, 100, 100, 200, 20, 20, 200, 200, 200, 40, 40, 40, 40, 20, 20, 20, 40, 40, 40, 40, 20, 20, 20]
05-10 12:45:40.189 [DEBUG] [robojudo.tools.dof] [DoF] override damping with [2.5, 2.5, 2.5, 5.0, 0.2, 0.1, 2.5, 2.5, 2.5, 5.0, 0.2, 0.1, 6.0, 6.0, 6.0, 2.0, 2.0, 2.0, 2.0, 2.0, 2.0, 2.0, 2.0, 2.0, 2.0, 2.0, 2.0, 2.0, 2.0]
05-10 12:45:40.189 [DEBUG] [robojudo.tools.dof] [DoF] override torque_limits with [88.0, 88.0, 88.0, 139.0, 50.0, 50.0, 88.0, 88.0, 88.0, 139.0, 50.0, 50.0, 200.0, 200.0, 200.0, 40.0, 40.0, 18.0, 18.0, 10.0, 10.0, 10.0, 40.0, 40.0, 18.0, 18.0, 10.0, 10.0, 10.0]
05-10 12:45:40.190 [DEBUG] [robojudo.tools.dof] [DoF] override position_limits with [[-2.5307, 2.8798], [-0.5236, 2.9671], [-2.7576, 2.7576], [-0.087267, 2.8798], [-0.87267, 0.5236], [-0.2618, 0.2618], [-2.5307, 2.8798], [-2.9671, 0.5236], [-2.7576, 2.7576], [-0.087267, 2.8798], [-0.87267, 0.5236], [-0.2618, 0.2618], [-2.618, 2.618], [-0.52, 0.52], [-0.52, 0.52], [-3.0892, 2.6704], [-1.5882, 2.2515], [-2.618, 2.618], [-1.0472, 2.0944], [-1.972222054, 1.972222054], [-1.614429558, 1.614429558], [-1.614429558, 1.614429558], [-3.0892, 2.6704], [-2.2515, 1.5882], [-2.618, 2.618], [-1.0472, 2.0944], [-1.972222054, 1.972222054], [-1.614429558, 1.614429558], [-1.614429558, 1.614429558]]
05-10 12:45:40.197 [INFO] [robojudo.pipeline.rl_pipeline] Pipeline reset
05-10 12:45:40.198 [DEBUG] [robojudo.policy.base_policy] Initializing history buffer as 4 x 12
05-10 12:45:40.198 [INFO] [robojudo.pipeline.rl_pipeline] Pipeline reset
05-10 12:45:40.198 [DEBUG] [robojudo.policy.base_policy] Initializing history buffer as 4 x 12
05-10 12:45:54.033 [DEBUG] [robojudo] ========== robojudo-1.5.0 init done ==========

05-10 12:45:54.037 [INFO] [robojudo.pipeline.base_pipeline] Using device: cpu
05-10 12:45:54.041 [INFO] [robojudo.utils.rotation] base set to pos: [0. 0. 0.], quat: [0. 0. 0. 1.]
05-10 12:45:54.609 [DEBUG] [robojudo.policy.asap_policy] Loading mimic policy '20250109_231507-noDR_rand_history_loco_stand_height_noise-decoupled_locomotion-g1_29dof' from /home/luis/palingenesys/asimovbm/g1_slam/third_party/RoboJuDo/assets/models/g1/asap/dec_loco/20250109_231507-noDR_rand_history_loco_stand_height_noise-decoupled_locomotion-g1_29dof/model_6600.onnx
05-10 12:45:54.616 [DEBUG] [robojudo.policy.base_policy] Initializing history buffer as 4 x 12
05-10 12:45:54.616 [DEBUG] [robojudo.tools.dof] [DoF] override default_pos with [-0.1, 0.0, 0.0, 0.3, -0.2, 0.0, -0.1, 0.0, 0.0, 0.3, -0.2, 0.0, 0.0, 0.0, 0.0, 0.0, 0.0, 0.0, 0.0, 0.0, 0.0, 0.0, 0.0, 0.0, 0.0, 0.0, 0.0, 0.0, 0.0]
05-10 12:45:54.617 [DEBUG] [robojudo.tools.dof] [DoF] override stiffness with [100, 100, 100, 200, 20, 20, 100, 100, 100, 200, 20, 20, 200, 200, 200, 40, 40, 40, 40, 20, 20, 20, 40, 40, 40, 40, 20, 20, 20]
05-10 12:45:54.617 [DEBUG] [robojudo.tools.dof] [DoF] override damping with [2.5, 2.5, 2.5, 5.0, 0.2, 0.1, 2.5, 2.5, 2.5, 5.0, 0.2, 0.1, 6.0, 6.0, 6.0, 2.0, 2.0, 2.0, 2.0, 2.0, 2.0, 2.0, 2.0, 2.0, 2.0, 2.0, 2.0, 2.0, 2.0]
05-10 12:45:54.617 [DEBUG] [robojudo.tools.dof] [DoF] override torque_limits with [88.0, 88.0, 88.0, 139.0, 50.0, 50.0, 88.0, 88.0, 88.0, 139.0, 50.0, 50.0, 200.0, 200.0, 200.0, 40.0, 40.0, 18.0, 18.0, 10.0, 10.0, 10.0, 40.0, 40.0, 18.0, 18.0, 10.0, 10.0, 10.0]
05-10 12:45:54.617 [DEBUG] [robojudo.tools.dof] [DoF] override position_limits with [[-2.5307, 2.8798], [-0.5236, 2.9671], [-2.7576, 2.7576], [-0.087267, 2.8798], [-0.87267, 0.5236], [-0.2618, 0.2618], [-2.5307, 2.8798], [-2.9671, 0.5236], [-2.7576, 2.7576], [-0.087267, 2.8798], [-0.87267, 0.5236], [-0.2618, 0.2618], [-2.618, 2.618], [-0.52, 0.52], [-0.52, 0.52], [-3.0892, 2.6704], [-1.5882, 2.2515], [-2.618, 2.618], [-1.0472, 2.0944], [-1.972222054, 1.972222054], [-1.614429558, 1.614429558], [-1.614429558, 1.614429558], [-3.0892, 2.6704], [-2.2515, 1.5882], [-2.618, 2.618], [-1.0472, 2.0944], [-1.972222054, 1.972222054], [-1.614429558, 1.614429558], [-1.614429558, 1.614429558]]
05-10 12:45:54.624 [INFO] [robojudo.pipeline.rl_pipeline] Pipeline reset
05-10 12:45:54.625 [DEBUG] [robojudo.policy.base_policy] Initializing history buffer as 4 x 12
05-10 12:45:54.625 [INFO] [robojudo.pipeline.rl_pipeline] Pipeline reset
05-10 12:45:54.625 [DEBUG] [robojudo.policy.base_policy] Initializing history buffer as 4 x 12
05-10 12:46:43.566 [DEBUG] [robojudo] ========== robojudo-1.5.0 init done ==========

05-10 12:46:43.567 [INFO] [robojudo.pipeline.base_pipeline] Using device: cpu
05-10 12:46:43.572 [INFO] [robojudo.utils.rotation] base set to pos: [0. 0. 0.], quat: [0. 0. 0. 1.]
05-10 12:46:44.127 [DEBUG] [robojudo.policy.asap_policy] Loading mimic policy '20250109_231507-noDR_rand_history_loco_stand_height_noise-decoupled_locomotion-g1_29dof' from /home/luis/palingenesys/asimovbm/g1_slam/third_party/RoboJuDo/assets/models/g1/asap/dec_loco/20250109_231507-noDR_rand_history_loco_stand_height_noise-decoupled_locomotion-g1_29dof/model_6600.onnx
05-10 12:46:44.135 [DEBUG] [robojudo.policy.base_policy] Initializing history buffer as 4 x 12
05-10 12:46:44.135 [DEBUG] [robojudo.tools.dof] [DoF] override default_pos with [-0.1, 0.0, 0.0, 0.3, -0.2, 0.0, -0.1, 0.0, 0.0, 0.3, -0.2, 0.0, 0.0, 0.0, 0.0, 0.0, 0.0, 0.0, 0.0, 0.0, 0.0, 0.0, 0.0, 0.0, 0.0, 0.0, 0.0, 0.0, 0.0]
05-10 12:46:44.135 [DEBUG] [robojudo.tools.dof] [DoF] override stiffness with [100, 100, 100, 200, 20, 20, 100, 100, 100, 200, 20, 20, 200, 200, 200, 40, 40, 40, 40, 20, 20, 20, 40, 40, 40, 40, 20, 20, 20]
05-10 12:46:44.136 [DEBUG] [robojudo.tools.dof] [DoF] override damping with [2.5, 2.5, 2.5, 5.0, 0.2, 0.1, 2.5, 2.5, 2.5, 5.0, 0.2, 0.1, 6.0, 6.0, 6.0, 2.0, 2.0, 2.0, 2.0, 2.0, 2.0, 2.0, 2.0, 2.0, 2.0, 2.0, 2.0, 2.0, 2.0]
05-10 12:46:44.136 [DEBUG] [robojudo.tools.dof] [DoF] override torque_limits with [88.0, 88.0, 88.0, 139.0, 50.0, 50.0, 88.0, 88.0, 88.0, 139.0, 50.0, 50.0, 200.0, 200.0, 200.0, 40.0, 40.0, 18.0, 18.0, 10.0, 10.0, 10.0, 40.0, 40.0, 18.0, 18.0, 10.0, 10.0, 10.0]
05-10 12:46:44.136 [DEBUG] [robojudo.tools.dof] [DoF] override position_limits with [[-2.5307, 2.8798], [-0.5236, 2.9671], [-2.7576, 2.7576], [-0.087267, 2.8798], [-0.87267, 0.5236], [-0.2618, 0.2618], [-2.5307, 2.8798], [-2.9671, 0.5236], [-2.7576, 2.7576], [-0.087267, 2.8798], [-0.87267, 0.5236], [-0.2618, 0.2618], [-2.618, 2.618], [-0.52, 0.52], [-0.52, 0.52], [-3.0892, 2.6704], [-1.5882, 2.2515], [-2.618, 2.618], [-1.0472, 2.0944], [-1.972222054, 1.972222054], [-1.614429558, 1.614429558], [-1.614429558, 1.614429558], [-3.0892, 2.6704], [-2.2515, 1.5882], [-2.618, 2.618], [-1.0472, 2.0944], [-1.972222054, 1.972222054], [-1.614429558, 1.614429558], [-1.614429558, 1.614429558]]
05-10 12:46:44.144 [INFO] [robojudo.pipeline.rl_pipeline] Pipeline reset
05-10 12:46:44.144 [DEBUG] [robojudo.policy.base_policy] Initializing history buffer as 4 x 12
05-10 12:46:44.144 [INFO] [robojudo.pipeline.rl_pipeline] Pipeline reset
05-10 12:46:44.144 [DEBUG] [robojudo.policy.base_policy] Initializing history buffer as 4 x 12
05-10 12:48:28.758 [DEBUG] [robojudo] ========== robojudo-1.5.0 init done ==========

05-10 12:48:28.760 [INFO] [robojudo.pipeline.base_pipeline] Using device: cpu
05-10 12:48:28.764 [INFO] [robojudo.utils.rotation] base set to pos: [0. 0. 0.], quat: [0. 0. 0. 1.]
05-10 12:48:29.317 [DEBUG] [robojudo.policy.asap_policy] Loading mimic policy '20250109_231507-noDR_rand_history_loco_stand_height_noise-decoupled_locomotion-g1_29dof' from /home/luis/palingenesys/asimovbm/g1_slam/third_party/RoboJuDo/assets/models/g1/asap/dec_loco/20250109_231507-noDR_rand_history_loco_stand_height_noise-decoupled_locomotion-g1_29dof/model_6600.onnx
05-10 12:48:29.328 [DEBUG] [robojudo.policy.base_policy] Initializing history buffer as 4 x 12
05-10 12:48:29.328 [DEBUG] [robojudo.tools.dof] [DoF] override default_pos with [-0.1, 0.0, 0.0, 0.3, -0.2, 0.0, -0.1, 0.0, 0.0, 0.3, -0.2, 0.0, 0.0, 0.0, 0.0, 0.0, 0.0, 0.0, 0.0, 0.0, 0.0, 0.0, 0.0, 0.0, 0.0, 0.0, 0.0, 0.0, 0.0]
05-10 12:48:29.329 [DEBUG] [robojudo.tools.dof] [DoF] override stiffness with [100, 100, 100, 200, 20, 20, 100, 100, 100, 200, 20, 20, 200, 200, 200, 40, 40, 40, 40, 20, 20, 20, 40, 40, 40, 40, 20, 20, 20]
05-10 12:48:29.329 [DEBUG] [robojudo.tools.dof] [DoF] override damping with [2.5, 2.5, 2.5, 5.0, 0.2, 0.1, 2.5, 2.5, 2.5, 5.0, 0.2, 0.1, 6.0, 6.0, 6.0, 2.0, 2.0, 2.0, 2.0, 2.0, 2.0, 2.0, 2.0, 2.0, 2.0, 2.0, 2.0, 2.0, 2.0]
05-10 12:48:29.329 [DEBUG] [robojudo.tools.dof] [DoF] override torque_limits with [88.0, 88.0, 88.0, 139.0, 50.0, 50.0, 88.0, 88.0, 88.0, 139.0, 50.0, 50.0, 200.0, 200.0, 200.0, 40.0, 40.0, 18.0, 18.0, 10.0, 10.0, 10.0, 40.0, 40.0, 18.0, 18.0, 10.0, 10.0, 10.0]
05-10 12:48:29.329 [DEBUG] [robojudo.tools.dof] [DoF] override position_limits with [[-2.5307, 2.8798], [-0.5236, 2.9671], [-2.7576, 2.7576], [-0.087267, 2.8798], [-0.87267, 0.5236], [-0.2618, 0.2618], [-2.5307, 2.8798], [-2.9671, 0.5236], [-2.7576, 2.7576], [-0.087267, 2.8798], [-0.87267, 0.5236], [-0.2618, 0.2618], [-2.618, 2.618], [-0.52, 0.52], [-0.52, 0.52], [-3.0892, 2.6704], [-1.5882, 2.2515], [-2.618, 2.618], [-1.0472, 2.0944], [-1.972222054, 1.972222054], [-1.614429558, 1.614429558], [-1.614429558, 1.614429558], [-3.0892, 2.6704], [-2.2515, 1.5882], [-2.618, 2.618], [-1.0472, 2.0944], [-1.972222054, 1.972222054], [-1.614429558, 1.614429558], [-1.614429558, 1.614429558]]
05-10 12:48:29.338 [INFO] [robojudo.pipeline.rl_pipeline] Pipeline reset
05-10 12:48:29.338 [DEBUG] [robojudo.policy.base_policy] Initializing history buffer as 4 x 12
05-10 12:48:29.338 [INFO] [robojudo.pipeline.rl_pipeline] Pipeline reset
05-10 12:48:29.338 [DEBUG] [robojudo.policy.base_policy] Initializing history buffer as 4 x 12
05-10 12:48:45.222 [DEBUG] [robojudo] ========== robojudo-1.5.0 init done ==========

05-10 12:48:45.224 [INFO] [robojudo.pipeline.base_pipeline] Using device: cpu
05-10 12:48:45.228 [INFO] [robojudo.utils.rotation] base set to pos: [0. 0. 0.], quat: [0. 0. 0. 1.]
05-10 12:48:45.788 [DEBUG] [robojudo.policy.asap_policy] Loading mimic policy '20250109_231507-noDR_rand_history_loco_stand_height_noise-decoupled_locomotion-g1_29dof' from /home/luis/palingenesys/asimovbm/g1_slam/third_party/RoboJuDo/assets/models/g1/asap/dec_loco/20250109_231507-noDR_rand_history_loco_stand_height_noise-decoupled_locomotion-g1_29dof/model_6600.onnx
05-10 12:48:45.796 [DEBUG] [robojudo.policy.base_policy] Initializing history buffer as 4 x 12
05-10 12:48:45.797 [DEBUG] [robojudo.tools.dof] [DoF] override default_pos with [-0.1, 0.0, 0.0, 0.3, -0.2, 0.0, -0.1, 0.0, 0.0, 0.3, -0.2, 0.0, 0.0, 0.0, 0.0, 0.0, 0.0, 0.0, 0.0, 0.0, 0.0, 0.0, 0.0, 0.0, 0.0, 0.0, 0.0, 0.0, 0.0]
05-10 12:48:45.797 [DEBUG] [robojudo.tools.dof] [DoF] override stiffness with [100, 100, 100, 200, 20, 20, 100, 100, 100, 200, 20, 20, 200, 200, 200, 40, 40, 40, 40, 20, 20, 20, 40, 40, 40, 40, 20, 20, 20]
05-10 12:48:45.797 [DEBUG] [robojudo.tools.dof] [DoF] override damping with [2.5, 2.5, 2.5, 5.0, 0.2, 0.1, 2.5, 2.5, 2.5, 5.0, 0.2, 0.1, 6.0, 6.0, 6.0, 2.0, 2.0, 2.0, 2.0, 2.0, 2.0, 2.0, 2.0, 2.0, 2.0, 2.0, 2.0, 2.0, 2.0]
05-10 12:48:45.797 [DEBUG] [robojudo.tools.dof] [DoF] override torque_limits with [88.0, 88.0, 88.0, 139.0, 50.0, 50.0, 88.0, 88.0, 88.0, 139.0, 50.0, 50.0, 200.0, 200.0, 200.0, 40.0, 40.0, 18.0, 18.0, 10.0, 10.0, 10.0, 40.0, 40.0, 18.0, 18.0, 10.0, 10.0, 10.0]
05-10 12:48:45.797 [DEBUG] [robojudo.tools.dof] [DoF] override position_limits with [[-2.5307, 2.8798], [-0.5236, 2.9671], [-2.7576, 2.7576], [-0.087267, 2.8798], [-0.87267, 0.5236], [-0.2618, 0.2618], [-2.5307, 2.8798], [-2.9671, 0.5236], [-2.7576, 2.7576], [-0.087267, 2.8798], [-0.87267, 0.5236], [-0.2618, 0.2618], [-2.618, 2.618], [-0.52, 0.52], [-0.52, 0.52], [-3.0892, 2.6704], [-1.5882, 2.2515], [-2.618, 2.618], [-1.0472, 2.0944], [-1.972222054, 1.972222054], [-1.614429558, 1.614429558], [-1.614429558, 1.614429558], [-3.0892, 2.6704], [-2.2515, 1.5882], [-2.618, 2.618], [-1.0472, 2.0944], [-1.972222054, 1.972222054], [-1.614429558, 1.614429558], [-1.614429558, 1.614429558]]
05-10 12:48:45.806 [INFO] [robojudo.pipeline.rl_pipeline] Pipeline reset
05-10 12:48:45.806 [DEBUG] [robojudo.policy.base_policy] Initializing history buffer as 4 x 12
05-10 12:48:45.806 [INFO] [robojudo.pipeline.rl_pipeline] Pipeline reset
05-10 12:48:45.806 [DEBUG] [robojudo.policy.base_policy] Initializing history buffer as 4 x 12
05-10 12:48:54.778 [DEBUG] [robojudo] ========== robojudo-1.5.0 init done ==========

05-10 12:48:54.780 [INFO] [robojudo.pipeline.base_pipeline] Using device: cpu
05-10 12:48:54.784 [INFO] [robojudo.utils.rotation] base set to pos: [0. 0. 0.], quat: [0. 0. 0. 1.]
05-10 12:48:55.343 [DEBUG] [robojudo.policy.asap_policy] Loading mimic policy '20250109_231507-noDR_rand_history_loco_stand_height_noise-decoupled_locomotion-g1_29dof' from /home/luis/palingenesys/asimovbm/g1_slam/third_party/RoboJuDo/assets/models/g1/asap/dec_loco/20250109_231507-noDR_rand_history_loco_stand_height_noise-decoupled_locomotion-g1_29dof/model_6600.onnx
05-10 12:48:55.350 [DEBUG] [robojudo.policy.base_policy] Initializing history buffer as 4 x 12
05-10 12:48:55.351 [DEBUG] [robojudo.tools.dof] [DoF] override default_pos with [-0.1, 0.0, 0.0, 0.3, -0.2, 0.0, -0.1, 0.0, 0.0, 0.3, -0.2, 0.0, 0.0, 0.0, 0.0, 0.0, 0.0, 0.0, 0.0, 0.0, 0.0, 0.0, 0.0, 0.0, 0.0, 0.0, 0.0, 0.0, 0.0]
05-10 12:48:55.351 [DEBUG] [robojudo.tools.dof] [DoF] override stiffness with [100, 100, 100, 200, 20, 20, 100, 100, 100, 200, 20, 20, 200, 200, 200, 40, 40, 40, 40, 20, 20, 20, 40, 40, 40, 40, 20, 20, 20]
05-10 12:48:55.351 [DEBUG] [robojudo.tools.dof] [DoF] override damping with [2.5, 2.5, 2.5, 5.0, 0.2, 0.1, 2.5, 2.5, 2.5, 5.0, 0.2, 0.1, 6.0, 6.0, 6.0, 2.0, 2.0, 2.0, 2.0, 2.0, 2.0, 2.0, 2.0, 2.0, 2.0, 2.0, 2.0, 2.0, 2.0]
05-10 12:48:55.351 [DEBUG] [robojudo.tools.dof] [DoF] override torque_limits with [88.0, 88.0, 88.0, 139.0, 50.0, 50.0, 88.0, 88.0, 88.0, 139.0, 50.0, 50.0, 200.0, 200.0, 200.0, 40.0, 40.0, 18.0, 18.0, 10.0, 10.0, 10.0, 40.0, 40.0, 18.0, 18.0, 10.0, 10.0, 10.0]
05-10 12:48:55.351 [DEBUG] [robojudo.tools.dof] [DoF] override position_limits with [[-2.5307, 2.8798], [-0.5236, 2.9671], [-2.7576, 2.7576], [-0.087267, 2.8798], [-0.87267, 0.5236], [-0.2618, 0.2618], [-2.5307, 2.8798], [-2.9671, 0.5236], [-2.7576, 2.7576], [-0.087267, 2.8798], [-0.87267, 0.5236], [-0.2618, 0.2618], [-2.618, 2.618], [-0.52, 0.52], [-0.52, 0.52], [-3.0892, 2.6704], [-1.5882, 2.2515], [-2.618, 2.618], [-1.0472, 2.0944], [-1.972222054, 1.972222054], [-1.614429558, 1.614429558], [-1.614429558, 1.614429558], [-3.0892, 2.6704], [-2.2515, 1.5882], [-2.618, 2.618], [-1.0472, 2.0944], [-1.972222054, 1.972222054], [-1.614429558, 1.614429558], [-1.614429558, 1.614429558]]
05-10 12:48:55.359 [INFO] [robojudo.pipeline.rl_pipeline] Pipeline reset
05-10 12:48:55.359 [DEBUG] [robojudo.policy.base_policy] Initializing history buffer as 4 x 12
05-10 12:48:55.359 [INFO] [robojudo.pipeline.rl_pipeline] Pipeline reset
05-10 12:48:55.359 [DEBUG] [robojudo.policy.base_policy] Initializing history buffer as 4 x 12
05-10 12:49:03.361 [DEBUG] [robojudo] ========== robojudo-1.5.0 init done ==========

05-10 12:49:03.363 [INFO] [robojudo.pipeline.base_pipeline] Using device: cpu
05-10 12:49:03.367 [INFO] [robojudo.utils.rotation] base set to pos: [0. 0. 0.], quat: [0. 0. 0. 1.]
05-10 12:49:03.918 [DEBUG] [robojudo.policy.asap_policy] Loading mimic policy '20250109_231507-noDR_rand_history_loco_stand_height_noise-decoupled_locomotion-g1_29dof' from /home/luis/palingenesys/asimovbm/g1_slam/third_party/RoboJuDo/assets/models/g1/asap/dec_loco/20250109_231507-noDR_rand_history_loco_stand_height_noise-decoupled_locomotion-g1_29dof/model_6600.onnx
05-10 12:49:03.925 [DEBUG] [robojudo.policy.base_policy] Initializing history buffer as 4 x 12
05-10 12:49:03.926 [DEBUG] [robojudo.tools.dof] [DoF] override default_pos with [-0.1, 0.0, 0.0, 0.3, -0.2, 0.0, -0.1, 0.0, 0.0, 0.3, -0.2, 0.0, 0.0, 0.0, 0.0, 0.0, 0.0, 0.0, 0.0, 0.0, 0.0, 0.0, 0.0, 0.0, 0.0, 0.0, 0.0, 0.0, 0.0]
05-10 12:49:03.926 [DEBUG] [robojudo.tools.dof] [DoF] override stiffness with [100, 100, 100, 200, 20, 20, 100, 100, 100, 200, 20, 20, 200, 200, 200, 40, 40, 40, 40, 20, 20, 20, 40, 40, 40, 40, 20, 20, 20]
05-10 12:49:03.926 [DEBUG] [robojudo.tools.dof] [DoF] override damping with [2.5, 2.5, 2.5, 5.0, 0.2, 0.1, 2.5, 2.5, 2.5, 5.0, 0.2, 0.1, 6.0, 6.0, 6.0, 2.0, 2.0, 2.0, 2.0, 2.0, 2.0, 2.0, 2.0, 2.0, 2.0, 2.0, 2.0, 2.0, 2.0]
05-10 12:49:03.926 [DEBUG] [robojudo.tools.dof] [DoF] override torque_limits with [88.0, 88.0, 88.0, 139.0, 50.0, 50.0, 88.0, 88.0, 88.0, 139.0, 50.0, 50.0, 200.0, 200.0, 200.0, 40.0, 40.0, 18.0, 18.0, 10.0, 10.0, 10.0, 40.0, 40.0, 18.0, 18.0, 10.0, 10.0, 10.0]
05-10 12:49:03.926 [DEBUG] [robojudo.tools.dof] [DoF] override position_limits with [[-2.5307, 2.8798], [-0.5236, 2.9671], [-2.7576, 2.7576], [-0.087267, 2.8798], [-0.87267, 0.5236], [-0.2618, 0.2618], [-2.5307, 2.8798], [-2.9671, 0.5236], [-2.7576, 2.7576], [-0.087267, 2.8798], [-0.87267, 0.5236], [-0.2618, 0.2618], [-2.618, 2.618], [-0.52, 0.52], [-0.52, 0.52], [-3.0892, 2.6704], [-1.5882, 2.2515], [-2.618, 2.618], [-1.0472, 2.0944], [-1.972222054, 1.972222054], [-1.614429558, 1.614429558], [-1.614429558, 1.614429558], [-3.0892, 2.6704], [-2.2515, 1.5882], [-2.618, 2.618], [-1.0472, 2.0944], [-1.972222054, 1.972222054], [-1.614429558, 1.614429558], [-1.614429558, 1.614429558]]
05-10 12:49:03.934 [INFO] [robojudo.pipeline.rl_pipeline] Pipeline reset
05-10 12:49:03.934 [DEBUG] [robojudo.policy.base_policy] Initializing history buffer as 4 x 12
05-10 12:49:03.934 [INFO] [robojudo.pipeline.rl_pipeline] Pipeline reset
05-10 12:49:03.934 [DEBUG] [robojudo.policy.base_policy] Initializing history buffer as 4 x 12
05-10 12:49:12.199 [DEBUG] [robojudo] ========== robojudo-1.5.0 init done ==========

05-10 12:49:12.200 [INFO] [robojudo.pipeline.base_pipeline] Using device: cpu
05-10 12:49:12.205 [INFO] [robojudo.utils.rotation] base set to pos: [0. 0. 0.], quat: [0. 0. 0. 1.]
05-10 12:49:12.776 [DEBUG] [robojudo.policy.asap_policy] Loading mimic policy '20250109_231507-noDR_rand_history_loco_stand_height_noise-decoupled_locomotion-g1_29dof' from /home/luis/palingenesys/asimovbm/g1_slam/third_party/RoboJuDo/assets/models/g1/asap/dec_loco/20250109_231507-noDR_rand_history_loco_stand_height_noise-decoupled_locomotion-g1_29dof/model_6600.onnx
05-10 12:49:12.784 [DEBUG] [robojudo.policy.base_policy] Initializing history buffer as 4 x 12
05-10 12:49:12.784 [DEBUG] [robojudo.tools.dof] [DoF] override default_pos with [-0.1, 0.0, 0.0, 0.3, -0.2, 0.0, -0.1, 0.0, 0.0, 0.3, -0.2, 0.0, 0.0, 0.0, 0.0, 0.0, 0.0, 0.0, 0.0, 0.0, 0.0, 0.0, 0.0, 0.0, 0.0, 0.0, 0.0, 0.0, 0.0]
05-10 12:49:12.785 [DEBUG] [robojudo.tools.dof] [DoF] override stiffness with [100, 100, 100, 200, 20, 20, 100, 100, 100, 200, 20, 20, 200, 200, 200, 40, 40, 40, 40, 20, 20, 20, 40, 40, 40, 40, 20, 20, 20]
05-10 12:49:12.785 [DEBUG] [robojudo.tools.dof] [DoF] override damping with [2.5, 2.5, 2.5, 5.0, 0.2, 0.1, 2.5, 2.5, 2.5, 5.0, 0.2, 0.1, 6.0, 6.0, 6.0, 2.0, 2.0, 2.0, 2.0, 2.0, 2.0, 2.0, 2.0, 2.0, 2.0, 2.0, 2.0, 2.0, 2.0]
05-10 12:49:12.785 [DEBUG] [robojudo.tools.dof] [DoF] override torque_limits with [88.0, 88.0, 88.0, 139.0, 50.0, 50.0, 88.0, 88.0, 88.0, 139.0, 50.0, 50.0, 200.0, 200.0, 200.0, 40.0, 40.0, 18.0, 18.0, 10.0, 10.0, 10.0, 40.0, 40.0, 18.0, 18.0, 10.0, 10.0, 10.0]
05-10 12:49:12.785 [DEBUG] [robojudo.tools.dof] [DoF] override position_limits with [[-2.5307, 2.8798], [-0.5236, 2.9671], [-2.7576, 2.7576], [-0.087267, 2.8798], [-0.87267, 0.5236], [-0.2618, 0.2618], [-2.5307, 2.8798], [-2.9671, 0.5236], [-2.7576, 2.7576], [-0.087267, 2.8798], [-0.87267, 0.5236], [-0.2618, 0.2618], [-2.618, 2.618], [-0.52, 0.52], [-0.52, 0.52], [-3.0892, 2.6704], [-1.5882, 2.2515], [-2.618, 2.618], [-1.0472, 2.0944], [-1.972222054, 1.972222054], [-1.614429558, 1.614429558], [-1.614429558, 1.614429558], [-3.0892, 2.6704], [-2.2515, 1.5882], [-2.618, 2.618], [-1.0472, 2.0944], [-1.972222054, 1.972222054], [-1.614429558, 1.614429558], [-1.614429558, 1.614429558]]
05-10 12:49:12.792 [INFO] [robojudo.pipeline.rl_pipeline] Pipeline reset
05-10 12:49:12.792 [DEBUG] [robojudo.policy.base_policy] Initializing history buffer as 4 x 12
05-10 12:49:12.793 [INFO] [robojudo.pipeline.rl_pipeline] Pipeline reset
05-10 12:49:12.793 [DEBUG] [robojudo.policy.base_policy] Initializing history buffer as 4 x 12
05-10 12:49:26.861 [DEBUG] [robojudo] ========== robojudo-1.5.0 init done ==========

05-10 12:49:26.863 [INFO] [robojudo.pipeline.base_pipeline] Using device: cpu
05-10 12:49:26.867 [INFO] [robojudo.utils.rotation] base set to pos: [0. 0. 0.], quat: [0. 0. 0. 1.]
05-10 12:49:27.418 [DEBUG] [robojudo.policy.asap_policy] Loading mimic policy '20250109_231507-noDR_rand_history_loco_stand_height_noise-decoupled_locomotion-g1_29dof' from /home/luis/palingenesys/asimovbm/g1_slam/third_party/RoboJuDo/assets/models/g1/asap/dec_loco/20250109_231507-noDR_rand_history_loco_stand_height_noise-decoupled_locomotion-g1_29dof/model_6600.onnx
05-10 12:49:27.427 [DEBUG] [robojudo.policy.base_policy] Initializing history buffer as 4 x 12
05-10 12:49:27.428 [DEBUG] [robojudo.tools.dof] [DoF] override default_pos with [-0.1, 0.0, 0.0, 0.3, -0.2, 0.0, -0.1, 0.0, 0.0, 0.3, -0.2, 0.0, 0.0, 0.0, 0.0, 0.0, 0.0, 0.0, 0.0, 0.0, 0.0, 0.0, 0.0, 0.0, 0.0, 0.0, 0.0, 0.0, 0.0]
05-10 12:49:27.428 [DEBUG] [robojudo.tools.dof] [DoF] override stiffness with [100, 100, 100, 200, 20, 20, 100, 100, 100, 200, 20, 20, 200, 200, 200, 40, 40, 40, 40, 20, 20, 20, 40, 40, 40, 40, 20, 20, 20]
05-10 12:49:27.428 [DEBUG] [robojudo.tools.dof] [DoF] override damping with [2.5, 2.5, 2.5, 5.0, 0.2, 0.1, 2.5, 2.5, 2.5, 5.0, 0.2, 0.1, 6.0, 6.0, 6.0, 2.0, 2.0, 2.0, 2.0, 2.0, 2.0, 2.0, 2.0, 2.0, 2.0, 2.0, 2.0, 2.0, 2.0]
05-10 12:49:27.428 [DEBUG] [robojudo.tools.dof] [DoF] override torque_limits with [88.0, 88.0, 88.0, 139.0, 50.0, 50.0, 88.0, 88.0, 88.0, 139.0, 50.0, 50.0, 200.0, 200.0, 200.0, 40.0, 40.0, 18.0, 18.0, 10.0, 10.0, 10.0, 40.0, 40.0, 18.0, 18.0, 10.0, 10.0, 10.0]
05-10 12:49:27.428 [DEBUG] [robojudo.tools.dof] [DoF] override position_limits with [[-2.5307, 2.8798], [-0.5236, 2.9671], [-2.7576, 2.7576], [-0.087267, 2.8798], [-0.87267, 0.5236], [-0.2618, 0.2618], [-2.5307, 2.8798], [-2.9671, 0.5236], [-2.7576, 2.7576], [-0.087267, 2.8798], [-0.87267, 0.5236], [-0.2618, 0.2618], [-2.618, 2.618], [-0.52, 0.52], [-0.52, 0.52], [-3.0892, 2.6704], [-1.5882, 2.2515], [-2.618, 2.618], [-1.0472, 2.0944], [-1.972222054, 1.972222054], [-1.614429558, 1.614429558], [-1.614429558, 1.614429558], [-3.0892, 2.6704], [-2.2515, 1.5882], [-2.618, 2.618], [-1.0472, 2.0944], [-1.972222054, 1.972222054], [-1.614429558, 1.614429558], [-1.614429558, 1.614429558]]
05-10 12:49:27.436 [INFO] [robojudo.pipeline.rl_pipeline] Pipeline reset
05-10 12:49:27.436 [DEBUG] [robojudo.policy.base_policy] Initializing history buffer as 4 x 12
05-10 12:49:27.437 [INFO] [robojudo.pipeline.rl_pipeline] Pipeline reset
05-10 12:49:27.437 [DEBUG] [robojudo.policy.base_policy] Initializing history buffer as 4 x 12
05-10 12:49:48.208 [DEBUG] [robojudo] ========== robojudo-1.5.0 init done ==========

05-10 12:49:48.209 [INFO] [robojudo.pipeline.base_pipeline] Using device: cpu
05-10 12:49:48.214 [INFO] [robojudo.utils.rotation] base set to pos: [0. 0. 0.], quat: [0. 0. 0. 1.]
05-10 12:49:48.788 [DEBUG] [robojudo.policy.asap_policy] Loading mimic policy '20250109_231507-noDR_rand_history_loco_stand_height_noise-decoupled_locomotion-g1_29dof' from /home/luis/palingenesys/asimovbm/g1_slam/third_party/RoboJuDo/assets/models/g1/asap/dec_loco/20250109_231507-noDR_rand_history_loco_stand_height_noise-decoupled_locomotion-g1_29dof/model_6600.onnx
05-10 12:49:48.801 [DEBUG] [robojudo.policy.base_policy] Initializing history buffer as 4 x 12
05-10 12:49:48.801 [DEBUG] [robojudo.tools.dof] [DoF] override default_pos with [-0.1, 0.0, 0.0, 0.3, -0.2, 0.0, -0.1, 0.0, 0.0, 0.3, -0.2, 0.0, 0.0, 0.0, 0.0, 0.0, 0.0, 0.0, 0.0, 0.0, 0.0, 0.0, 0.0, 0.0, 0.0, 0.0, 0.0, 0.0, 0.0]
05-10 12:49:48.801 [DEBUG] [robojudo.tools.dof] [DoF] override stiffness with [100, 100, 100, 200, 20, 20, 100, 100, 100, 200, 20, 20, 200, 200, 200, 40, 40, 40, 40, 20, 20, 20, 40, 40, 40, 40, 20, 20, 20]
05-10 12:49:48.801 [DEBUG] [robojudo.tools.dof] [DoF] override damping with [2.5, 2.5, 2.5, 5.0, 0.2, 0.1, 2.5, 2.5, 2.5, 5.0, 0.2, 0.1, 6.0, 6.0, 6.0, 2.0, 2.0, 2.0, 2.0, 2.0, 2.0, 2.0, 2.0, 2.0, 2.0, 2.0, 2.0, 2.0, 2.0]
05-10 12:49:48.802 [DEBUG] [robojudo.tools.dof] [DoF] override torque_limits with [88.0, 88.0, 88.0, 139.0, 50.0, 50.0, 88.0, 88.0, 88.0, 139.0, 50.0, 50.0, 200.0, 200.0, 200.0, 40.0, 40.0, 18.0, 18.0, 10.0, 10.0, 10.0, 40.0, 40.0, 18.0, 18.0, 10.0, 10.0, 10.0]
05-10 12:49:48.802 [DEBUG] [robojudo.tools.dof] [DoF] override position_limits with [[-2.5307, 2.8798], [-0.5236, 2.9671], [-2.7576, 2.7576], [-0.087267, 2.8798], [-0.87267, 0.5236], [-0.2618, 0.2618], [-2.5307, 2.8798], [-2.9671, 0.5236], [-2.7576, 2.7576], [-0.087267, 2.8798], [-0.87267, 0.5236], [-0.2618, 0.2618], [-2.618, 2.618], [-0.52, 0.52], [-0.52, 0.52], [-3.0892, 2.6704], [-1.5882, 2.2515], [-2.618, 2.618], [-1.0472, 2.0944], [-1.972222054, 1.972222054], [-1.614429558, 1.614429558], [-1.614429558, 1.614429558], [-3.0892, 2.6704], [-2.2515, 1.5882], [-2.618, 2.618], [-1.0472, 2.0944], [-1.972222054, 1.972222054], [-1.614429558, 1.614429558], [-1.614429558, 1.614429558]]
05-10 12:49:48.814 [INFO] [robojudo.pipeline.rl_pipeline] Pipeline reset
05-10 12:49:48.814 [DEBUG] [robojudo.policy.base_policy] Initializing history buffer as 4 x 12
05-10 12:49:48.814 [INFO] [robojudo.pipeline.rl_pipeline] Pipeline reset
05-10 12:49:48.814 [DEBUG] [robojudo.policy.base_policy] Initializing history buffer as 4 x 12
05-10 12:49:57.415 [DEBUG] [robojudo] ========== robojudo-1.5.0 init done ==========

05-10 12:49:57.417 [INFO] [robojudo.pipeline.base_pipeline] Using device: cpu
05-10 12:49:57.421 [INFO] [robojudo.utils.rotation] base set to pos: [0. 0. 0.], quat: [0. 0. 0. 1.]
05-10 12:49:57.984 [DEBUG] [robojudo.policy.asap_policy] Loading mimic policy '20250109_231507-noDR_rand_history_loco_stand_height_noise-decoupled_locomotion-g1_29dof' from /home/luis/palingenesys/asimovbm/g1_slam/third_party/RoboJuDo/assets/models/g1/asap/dec_loco/20250109_231507-noDR_rand_history_loco_stand_height_noise-decoupled_locomotion-g1_29dof/model_6600.onnx
05-10 12:49:57.992 [DEBUG] [robojudo.policy.base_policy] Initializing history buffer as 4 x 12
05-10 12:49:57.992 [DEBUG] [robojudo.tools.dof] [DoF] override default_pos with [-0.1, 0.0, 0.0, 0.3, -0.2, 0.0, -0.1, 0.0, 0.0, 0.3, -0.2, 0.0, 0.0, 0.0, 0.0, 0.0, 0.0, 0.0, 0.0, 0.0, 0.0, 0.0, 0.0, 0.0, 0.0, 0.0, 0.0, 0.0, 0.0]
05-10 12:49:57.992 [DEBUG] [robojudo.tools.dof] [DoF] override stiffness with [100, 100, 100, 200, 20, 20, 100, 100, 100, 200, 20, 20, 200, 200, 200, 40, 40, 40, 40, 20, 20, 20, 40, 40, 40, 40, 20, 20, 20]
05-10 12:49:57.992 [DEBUG] [robojudo.tools.dof] [DoF] override damping with [2.5, 2.5, 2.5, 5.0, 0.2, 0.1, 2.5, 2.5, 2.5, 5.0, 0.2, 0.1, 6.0, 6.0, 6.0, 2.0, 2.0, 2.0, 2.0, 2.0, 2.0, 2.0, 2.0, 2.0, 2.0, 2.0, 2.0, 2.0, 2.0]
05-10 12:49:57.992 [DEBUG] [robojudo.tools.dof] [DoF] override torque_limits with [88.0, 88.0, 88.0, 139.0, 50.0, 50.0, 88.0, 88.0, 88.0, 139.0, 50.0, 50.0, 200.0, 200.0, 200.0, 40.0, 40.0, 18.0, 18.0, 10.0, 10.0, 10.0, 40.0, 40.0, 18.0, 18.0, 10.0, 10.0, 10.0]
05-10 12:49:57.993 [DEBUG] [robojudo.tools.dof] [DoF] override position_limits with [[-2.5307, 2.8798], [-0.5236, 2.9671], [-2.7576, 2.7576], [-0.087267, 2.8798], [-0.87267, 0.5236], [-0.2618, 0.2618], [-2.5307, 2.8798], [-2.9671, 0.5236], [-2.7576, 2.7576], [-0.087267, 2.8798], [-0.87267, 0.5236], [-0.2618, 0.2618], [-2.618, 2.618], [-0.52, 0.52], [-0.52, 0.52], [-3.0892, 2.6704], [-1.5882, 2.2515], [-2.618, 2.618], [-1.0472, 2.0944], [-1.972222054, 1.972222054], [-1.614429558, 1.614429558], [-1.614429558, 1.614429558], [-3.0892, 2.6704], [-2.2515, 1.5882], [-2.618, 2.618], [-1.0472, 2.0944], [-1.972222054, 1.972222054], [-1.614429558, 1.614429558], [-1.614429558, 1.614429558]]
05-10 12:49:58.001 [INFO] [robojudo.pipeline.rl_pipeline] Pipeline reset
05-10 12:49:58.001 [DEBUG] [robojudo.policy.base_policy] Initializing history buffer as 4 x 12
05-10 12:49:58.001 [INFO] [robojudo.pipeline.rl_pipeline] Pipeline reset
05-10 12:49:58.001 [DEBUG] [robojudo.policy.base_policy] Initializing history buffer as 4 x 12
05-10 12:50:10.957 [DEBUG] [robojudo] ========== robojudo-1.5.0 init done ==========

05-10 12:50:10.960 [INFO] [robojudo.pipeline.base_pipeline] Using device: cpu
05-10 12:50:10.964 [INFO] [robojudo.utils.rotation] base set to pos: [0. 0. 0.], quat: [0. 0. 0. 1.]
05-10 12:50:11.534 [DEBUG] [robojudo.policy.asap_policy] Loading mimic policy '20250109_231507-noDR_rand_history_loco_stand_height_noise-decoupled_locomotion-g1_29dof' from /home/luis/palingenesys/asimovbm/g1_slam/third_party/RoboJuDo/assets/models/g1/asap/dec_loco/20250109_231507-noDR_rand_history_loco_stand_height_noise-decoupled_locomotion-g1_29dof/model_6600.onnx
05-10 12:50:11.542 [DEBUG] [robojudo.policy.base_policy] Initializing history buffer as 4 x 12
05-10 12:50:11.542 [DEBUG] [robojudo.tools.dof] [DoF] override default_pos with [-0.1, 0.0, 0.0, 0.3, -0.2, 0.0, -0.1, 0.0, 0.0, 0.3, -0.2, 0.0, 0.0, 0.0, 0.0, 0.0, 0.0, 0.0, 0.0, 0.0, 0.0, 0.0, 0.0, 0.0, 0.0, 0.0, 0.0, 0.0, 0.0]
05-10 12:50:11.543 [DEBUG] [robojudo.tools.dof] [DoF] override stiffness with [100, 100, 100, 200, 20, 20, 100, 100, 100, 200, 20, 20, 200, 200, 200, 40, 40, 40, 40, 20, 20, 20, 40, 40, 40, 40, 20, 20, 20]
05-10 12:50:11.543 [DEBUG] [robojudo.tools.dof] [DoF] override damping with [2.5, 2.5, 2.5, 5.0, 0.2, 0.1, 2.5, 2.5, 2.5, 5.0, 0.2, 0.1, 6.0, 6.0, 6.0, 2.0, 2.0, 2.0, 2.0, 2.0, 2.0, 2.0, 2.0, 2.0, 2.0, 2.0, 2.0, 2.0, 2.0]
05-10 12:50:11.543 [DEBUG] [robojudo.tools.dof] [DoF] override torque_limits with [88.0, 88.0, 88.0, 139.0, 50.0, 50.0, 88.0, 88.0, 88.0, 139.0, 50.0, 50.0, 200.0, 200.0, 200.0, 40.0, 40.0, 18.0, 18.0, 10.0, 10.0, 10.0, 40.0, 40.0, 18.0, 18.0, 10.0, 10.0, 10.0]
05-10 12:50:11.543 [DEBUG] [robojudo.tools.dof] [DoF] override position_limits with [[-2.5307, 2.8798], [-0.5236, 2.9671], [-2.7576, 2.7576], [-0.087267, 2.8798], [-0.87267, 0.5236], [-0.2618, 0.2618], [-2.5307, 2.8798], [-2.9671, 0.5236], [-2.7576, 2.7576], [-0.087267, 2.8798], [-0.87267, 0.5236], [-0.2618, 0.2618], [-2.618, 2.618], [-0.52, 0.52], [-0.52, 0.52], [-3.0892, 2.6704], [-1.5882, 2.2515], [-2.618, 2.618], [-1.0472, 2.0944], [-1.972222054, 1.972222054], [-1.614429558, 1.614429558], [-1.614429558, 1.614429558], [-3.0892, 2.6704], [-2.2515, 1.5882], [-2.618, 2.618], [-1.0472, 2.0944], [-1.972222054, 1.972222054], [-1.614429558, 1.614429558], [-1.614429558, 1.614429558]]
05-10 12:50:11.550 [INFO] [robojudo.pipeline.rl_pipeline] Pipeline reset
05-10 12:50:11.550 [DEBUG] [robojudo.policy.base_policy] Initializing history buffer as 4 x 12
05-10 12:50:11.550 [INFO] [robojudo.pipeline.rl_pipeline] Pipeline reset
05-10 12:50:11.551 [DEBUG] [robojudo.policy.base_policy] Initializing history buffer as 4 x 12
05-10 12:50:19.015 [DEBUG] [robojudo] ========== robojudo-1.5.0 init done ==========

05-10 12:50:19.017 [INFO] [robojudo.pipeline.base_pipeline] Using device: cpu
05-10 12:50:19.021 [INFO] [robojudo.utils.rotation] base set to pos: [0. 0. 0.], quat: [0. 0. 0. 1.]
05-10 12:50:19.602 [DEBUG] [robojudo.policy.asap_policy] Loading mimic policy '20250109_231507-noDR_rand_history_loco_stand_height_noise-decoupled_locomotion-g1_29dof' from /home/luis/palingenesys/asimovbm/g1_slam/third_party/RoboJuDo/assets/models/g1/asap/dec_loco/20250109_231507-noDR_rand_history_loco_stand_height_noise-decoupled_locomotion-g1_29dof/model_6600.onnx
05-10 12:50:19.612 [DEBUG] [robojudo.policy.base_policy] Initializing history buffer as 4 x 12
05-10 12:50:19.612 [DEBUG] [robojudo.tools.dof] [DoF] override default_pos with [-0.1, 0.0, 0.0, 0.3, -0.2, 0.0, -0.1, 0.0, 0.0, 0.3, -0.2, 0.0, 0.0, 0.0, 0.0, 0.0, 0.0, 0.0, 0.0, 0.0, 0.0, 0.0, 0.0, 0.0, 0.0, 0.0, 0.0, 0.0, 0.0]
05-10 12:50:19.612 [DEBUG] [robojudo.tools.dof] [DoF] override stiffness with [100, 100, 100, 200, 20, 20, 100, 100, 100, 200, 20, 20, 200, 200, 200, 40, 40, 40, 40, 20, 20, 20, 40, 40, 40, 40, 20, 20, 20]
05-10 12:50:19.613 [DEBUG] [robojudo.tools.dof] [DoF] override damping with [2.5, 2.5, 2.5, 5.0, 0.2, 0.1, 2.5, 2.5, 2.5, 5.0, 0.2, 0.1, 6.0, 6.0, 6.0, 2.0, 2.0, 2.0, 2.0, 2.0, 2.0, 2.0, 2.0, 2.0, 2.0, 2.0, 2.0, 2.0, 2.0]
05-10 12:50:19.613 [DEBUG] [robojudo.tools.dof] [DoF] override torque_limits with [88.0, 88.0, 88.0, 139.0, 50.0, 50.0, 88.0, 88.0, 88.0, 139.0, 50.0, 50.0, 200.0, 200.0, 200.0, 40.0, 40.0, 18.0, 18.0, 10.0, 10.0, 10.0, 40.0, 40.0, 18.0, 18.0, 10.0, 10.0, 10.0]
05-10 12:50:19.613 [DEBUG] [robojudo.tools.dof] [DoF] override position_limits with [[-2.5307, 2.8798], [-0.5236, 2.9671], [-2.7576, 2.7576], [-0.087267, 2.8798], [-0.87267, 0.5236], [-0.2618, 0.2618], [-2.5307, 2.8798], [-2.9671, 0.5236], [-2.7576, 2.7576], [-0.087267, 2.8798], [-0.87267, 0.5236], [-0.2618, 0.2618], [-2.618, 2.618], [-0.52, 0.52], [-0.52, 0.52], [-3.0892, 2.6704], [-1.5882, 2.2515], [-2.618, 2.618], [-1.0472, 2.0944], [-1.972222054, 1.972222054], [-1.614429558, 1.614429558], [-1.614429558, 1.614429558], [-3.0892, 2.6704], [-2.2515, 1.5882], [-2.618, 2.618], [-1.0472, 2.0944], [-1.972222054, 1.972222054], [-1.614429558, 1.614429558], [-1.614429558, 1.614429558]]
05-10 12:50:19.625 [INFO] [robojudo.pipeline.rl_pipeline] Pipeline reset
05-10 12:50:19.625 [DEBUG] [robojudo.policy.base_policy] Initializing history buffer as 4 x 12
05-10 12:50:19.625 [INFO] [robojudo.pipeline.rl_pipeline] Pipeline reset
05-10 12:50:19.625 [DEBUG] [robojudo.policy.base_policy] Initializing history buffer as 4 x 12
05-10 12:50:33.701 [DEBUG] [robojudo] ========== robojudo-1.5.0 init done ==========

05-10 12:50:33.703 [INFO] [robojudo.pipeline.base_pipeline] Using device: cpu
05-10 12:50:33.708 [INFO] [robojudo.utils.rotation] base set to pos: [0. 0. 0.], quat: [0. 0. 0. 1.]
05-10 12:50:34.266 [DEBUG] [robojudo.policy.asap_policy] Loading mimic policy '20250109_231507-noDR_rand_history_loco_stand_height_noise-decoupled_locomotion-g1_29dof' from /home/luis/palingenesys/asimovbm/g1_slam/third_party/RoboJuDo/assets/models/g1/asap/dec_loco/20250109_231507-noDR_rand_history_loco_stand_height_noise-decoupled_locomotion-g1_29dof/model_6600.onnx
05-10 12:50:34.274 [DEBUG] [robojudo.policy.base_policy] Initializing history buffer as 4 x 12
05-10 12:50:34.275 [DEBUG] [robojudo.tools.dof] [DoF] override default_pos with [-0.1, 0.0, 0.0, 0.3, -0.2, 0.0, -0.1, 0.0, 0.0, 0.3, -0.2, 0.0, 0.0, 0.0, 0.0, 0.0, 0.0, 0.0, 0.0, 0.0, 0.0, 0.0, 0.0, 0.0, 0.0, 0.0, 0.0, 0.0, 0.0]
05-10 12:50:34.275 [DEBUG] [robojudo.tools.dof] [DoF] override stiffness with [100, 100, 100, 200, 20, 20, 100, 100, 100, 200, 20, 20, 200, 200, 200, 40, 40, 40, 40, 20, 20, 20, 40, 40, 40, 40, 20, 20, 20]
05-10 12:50:34.275 [DEBUG] [robojudo.tools.dof] [DoF] override damping with [2.5, 2.5, 2.5, 5.0, 0.2, 0.1, 2.5, 2.5, 2.5, 5.0, 0.2, 0.1, 6.0, 6.0, 6.0, 2.0, 2.0, 2.0, 2.0, 2.0, 2.0, 2.0, 2.0, 2.0, 2.0, 2.0, 2.0, 2.0, 2.0]
05-10 12:50:34.275 [DEBUG] [robojudo.tools.dof] [DoF] override torque_limits with [88.0, 88.0, 88.0, 139.0, 50.0, 50.0, 88.0, 88.0, 88.0, 139.0, 50.0, 50.0, 200.0, 200.0, 200.0, 40.0, 40.0, 18.0, 18.0, 10.0, 10.0, 10.0, 40.0, 40.0, 18.0, 18.0, 10.0, 10.0, 10.0]
05-10 12:50:34.275 [DEBUG] [robojudo.tools.dof] [DoF] override position_limits with [[-2.5307, 2.8798], [-0.5236, 2.9671], [-2.7576, 2.7576], [-0.087267, 2.8798], [-0.87267, 0.5236], [-0.2618, 0.2618], [-2.5307, 2.8798], [-2.9671, 0.5236], [-2.7576, 2.7576], [-0.087267, 2.8798], [-0.87267, 0.5236], [-0.2618, 0.2618], [-2.618, 2.618], [-0.52, 0.52], [-0.52, 0.52], [-3.0892, 2.6704], [-1.5882, 2.2515], [-2.618, 2.618], [-1.0472, 2.0944], [-1.972222054, 1.972222054], [-1.614429558, 1.614429558], [-1.614429558, 1.614429558], [-3.0892, 2.6704], [-2.2515, 1.5882], [-2.618, 2.618], [-1.0472, 2.0944], [-1.972222054, 1.972222054], [-1.614429558, 1.614429558], [-1.614429558, 1.614429558]]
05-10 12:50:34.284 [INFO] [robojudo.pipeline.rl_pipeline] Pipeline reset
05-10 12:50:34.284 [DEBUG] [robojudo.policy.base_policy] Initializing history buffer as 4 x 12
05-10 12:50:34.284 [INFO] [robojudo.pipeline.rl_pipeline] Pipeline reset
05-10 12:50:34.284 [DEBUG] [robojudo.policy.base_policy] Initializing history buffer as 4 x 12
05-10 12:50:42.556 [DEBUG] [robojudo] ========== robojudo-1.5.0 init done ==========

05-10 12:50:42.558 [INFO] [robojudo.pipeline.base_pipeline] Using device: cpu
05-10 12:50:42.562 [INFO] [robojudo.utils.rotation] base set to pos: [0. 0. 0.], quat: [0. 0. 0. 1.]
05-10 12:50:43.123 [DEBUG] [robojudo.policy.asap_policy] Loading mimic policy '20250109_231507-noDR_rand_history_loco_stand_height_noise-decoupled_locomotion-g1_29dof' from /home/luis/palingenesys/asimovbm/g1_slam/third_party/RoboJuDo/assets/models/g1/asap/dec_loco/20250109_231507-noDR_rand_history_loco_stand_height_noise-decoupled_locomotion-g1_29dof/model_6600.onnx
05-10 12:50:43.134 [DEBUG] [robojudo.policy.base_policy] Initializing history buffer as 4 x 12
05-10 12:50:43.134 [DEBUG] [robojudo.tools.dof] [DoF] override default_pos with [-0.1, 0.0, 0.0, 0.3, -0.2, 0.0, -0.1, 0.0, 0.0, 0.3, -0.2, 0.0, 0.0, 0.0, 0.0, 0.0, 0.0, 0.0, 0.0, 0.0, 0.0, 0.0, 0.0, 0.0, 0.0, 0.0, 0.0, 0.0, 0.0]
05-10 12:50:43.134 [DEBUG] [robojudo.tools.dof] [DoF] override stiffness with [100, 100, 100, 200, 20, 20, 100, 100, 100, 200, 20, 20, 200, 200, 200, 40, 40, 40, 40, 20, 20, 20, 40, 40, 40, 40, 20, 20, 20]
05-10 12:50:43.134 [DEBUG] [robojudo.tools.dof] [DoF] override damping with [2.5, 2.5, 2.5, 5.0, 0.2, 0.1, 2.5, 2.5, 2.5, 5.0, 0.2, 0.1, 6.0, 6.0, 6.0, 2.0, 2.0, 2.0, 2.0, 2.0, 2.0, 2.0, 2.0, 2.0, 2.0, 2.0, 2.0, 2.0, 2.0]
05-10 12:50:43.135 [DEBUG] [robojudo.tools.dof] [DoF] override torque_limits with [88.0, 88.0, 88.0, 139.0, 50.0, 50.0, 88.0, 88.0, 88.0, 139.0, 50.0, 50.0, 200.0, 200.0, 200.0, 40.0, 40.0, 18.0, 18.0, 10.0, 10.0, 10.0, 40.0, 40.0, 18.0, 18.0, 10.0, 10.0, 10.0]
05-10 12:50:43.135 [DEBUG] [robojudo.tools.dof] [DoF] override position_limits with [[-2.5307, 2.8798], [-0.5236, 2.9671], [-2.7576, 2.7576], [-0.087267, 2.8798], [-0.87267, 0.5236], [-0.2618, 0.2618], [-2.5307, 2.8798], [-2.9671, 0.5236], [-2.7576, 2.7576], [-0.087267, 2.8798], [-0.87267, 0.5236], [-0.2618, 0.2618], [-2.618, 2.618], [-0.52, 0.52], [-0.52, 0.52], [-3.0892, 2.6704], [-1.5882, 2.2515], [-2.618, 2.618], [-1.0472, 2.0944], [-1.972222054, 1.972222054], [-1.614429558, 1.614429558], [-1.614429558, 1.614429558], [-3.0892, 2.6704], [-2.2515, 1.5882], [-2.618, 2.618], [-1.0472, 2.0944], [-1.972222054, 1.972222054], [-1.614429558, 1.614429558], [-1.614429558, 1.614429558]]
05-10 12:50:43.146 [INFO] [robojudo.pipeline.rl_pipeline] Pipeline reset
05-10 12:50:43.146 [DEBUG] [robojudo.policy.base_policy] Initializing history buffer as 4 x 12
05-10 12:50:43.147 [INFO] [robojudo.pipeline.rl_pipeline] Pipeline reset
05-10 12:50:43.147 [DEBUG] [robojudo.policy.base_policy] Initializing history buffer as 4 x 12
05-10 12:51:36.560 [DEBUG] [robojudo] ========== robojudo-1.5.0 init done ==========

05-10 12:51:36.562 [INFO] [robojudo.pipeline.base_pipeline] Using device: cpu
05-10 12:51:36.567 [INFO] [robojudo.utils.rotation] base set to pos: [0. 0. 0.], quat: [0. 0. 0. 1.]
05-10 12:51:37.151 [DEBUG] [robojudo.policy.asap_policy] Loading mimic policy '20250109_231507-noDR_rand_history_loco_stand_height_noise-decoupled_locomotion-g1_29dof' from /home/luis/palingenesys/asimovbm/g1_slam/third_party/RoboJuDo/assets/models/g1/asap/dec_loco/20250109_231507-noDR_rand_history_loco_stand_height_noise-decoupled_locomotion-g1_29dof/model_6600.onnx
05-10 12:51:37.159 [DEBUG] [robojudo.policy.base_policy] Initializing history buffer as 4 x 12
05-10 12:51:37.160 [DEBUG] [robojudo.tools.dof] [DoF] override default_pos with [-0.1, 0.0, 0.0, 0.3, -0.2, 0.0, -0.1, 0.0, 0.0, 0.3, -0.2, 0.0, 0.0, 0.0, 0.0, 0.0, 0.0, 0.0, 0.0, 0.0, 0.0, 0.0, 0.0, 0.0, 0.0, 0.0, 0.0, 0.0, 0.0]
05-10 12:51:37.160 [DEBUG] [robojudo.tools.dof] [DoF] override stiffness with [100, 100, 100, 200, 20, 20, 100, 100, 100, 200, 20, 20, 200, 200, 200, 40, 40, 40, 40, 20, 20, 20, 40, 40, 40, 40, 20, 20, 20]
05-10 12:51:37.160 [DEBUG] [robojudo.tools.dof] [DoF] override damping with [2.5, 2.5, 2.5, 5.0, 0.2, 0.1, 2.5, 2.5, 2.5, 5.0, 0.2, 0.1, 6.0, 6.0, 6.0, 2.0, 2.0, 2.0, 2.0, 2.0, 2.0, 2.0, 2.0, 2.0, 2.0, 2.0, 2.0, 2.0, 2.0]
05-10 12:51:37.160 [DEBUG] [robojudo.tools.dof] [DoF] override torque_limits with [88.0, 88.0, 88.0, 139.0, 50.0, 50.0, 88.0, 88.0, 88.0, 139.0, 50.0, 50.0, 200.0, 200.0, 200.0, 40.0, 40.0, 18.0, 18.0, 10.0, 10.0, 10.0, 40.0, 40.0, 18.0, 18.0, 10.0, 10.0, 10.0]
05-10 12:51:37.160 [DEBUG] [robojudo.tools.dof] [DoF] override position_limits with [[-2.5307, 2.8798], [-0.5236, 2.9671], [-2.7576, 2.7576], [-0.087267, 2.8798], [-0.87267, 0.5236], [-0.2618, 0.2618], [-2.5307, 2.8798], [-2.9671, 0.5236], [-2.7576, 2.7576], [-0.087267, 2.8798], [-0.87267, 0.5236], [-0.2618, 0.2618], [-2.618, 2.618], [-0.52, 0.52], [-0.52, 0.52], [-3.0892, 2.6704], [-1.5882, 2.2515], [-2.618, 2.618], [-1.0472, 2.0944], [-1.972222054, 1.972222054], [-1.614429558, 1.614429558], [-1.614429558, 1.614429558], [-3.0892, 2.6704], [-2.2515, 1.5882], [-2.618, 2.618], [-1.0472, 2.0944], [-1.972222054, 1.972222054], [-1.614429558, 1.614429558], [-1.614429558, 1.614429558]]
05-10 12:51:37.172 [INFO] [robojudo.pipeline.rl_pipeline] Pipeline reset
05-10 12:51:37.172 [DEBUG] [robojudo.policy.base_policy] Initializing history buffer as 4 x 12
05-10 12:51:37.172 [INFO] [robojudo.pipeline.rl_pipeline] Pipeline reset
05-10 12:51:37.172 [DEBUG] [robojudo.policy.base_policy] Initializing history buffer as 4 x 12
05-10 12:51:59.379 [DEBUG] [robojudo] ========== robojudo-1.5.0 init done ==========

05-10 12:51:59.381 [INFO] [robojudo.pipeline.base_pipeline] Using device: cpu
05-10 12:51:59.385 [INFO] [robojudo.utils.rotation] base set to pos: [0. 0. 0.], quat: [0. 0. 0. 1.]
05-10 12:51:59.951 [DEBUG] [robojudo.policy.asap_policy] Loading mimic policy '20250109_231507-noDR_rand_history_loco_stand_height_noise-decoupled_locomotion-g1_29dof' from /home/luis/palingenesys/asimovbm/g1_slam/third_party/RoboJuDo/assets/models/g1/asap/dec_loco/20250109_231507-noDR_rand_history_loco_stand_height_noise-decoupled_locomotion-g1_29dof/model_6600.onnx
05-10 12:51:59.961 [DEBUG] [robojudo.policy.base_policy] Initializing history buffer as 4 x 12
05-10 12:51:59.961 [DEBUG] [robojudo.tools.dof] [DoF] override default_pos with [-0.1, 0.0, 0.0, 0.3, -0.2, 0.0, -0.1, 0.0, 0.0, 0.3, -0.2, 0.0, 0.0, 0.0, 0.0, 0.0, 0.0, 0.0, 0.0, 0.0, 0.0, 0.0, 0.0, 0.0, 0.0, 0.0, 0.0, 0.0, 0.0]
05-10 12:51:59.962 [DEBUG] [robojudo.tools.dof] [DoF] override stiffness with [100, 100, 100, 200, 20, 20, 100, 100, 100, 200, 20, 20, 200, 200, 200, 40, 40, 40, 40, 20, 20, 20, 40, 40, 40, 40, 20, 20, 20]
05-10 12:51:59.962 [DEBUG] [robojudo.tools.dof] [DoF] override damping with [2.5, 2.5, 2.5, 5.0, 0.2, 0.1, 2.5, 2.5, 2.5, 5.0, 0.2, 0.1, 6.0, 6.0, 6.0, 2.0, 2.0, 2.0, 2.0, 2.0, 2.0, 2.0, 2.0, 2.0, 2.0, 2.0, 2.0, 2.0, 2.0]
05-10 12:51:59.962 [DEBUG] [robojudo.tools.dof] [DoF] override torque_limits with [88.0, 88.0, 88.0, 139.0, 50.0, 50.0, 88.0, 88.0, 88.0, 139.0, 50.0, 50.0, 200.0, 200.0, 200.0, 40.0, 40.0, 18.0, 18.0, 10.0, 10.0, 10.0, 40.0, 40.0, 18.0, 18.0, 10.0, 10.0, 10.0]
05-10 12:51:59.962 [DEBUG] [robojudo.tools.dof] [DoF] override position_limits with [[-2.5307, 2.8798], [-0.5236, 2.9671], [-2.7576, 2.7576], [-0.087267, 2.8798], [-0.87267, 0.5236], [-0.2618, 0.2618], [-2.5307, 2.8798], [-2.9671, 0.5236], [-2.7576, 2.7576], [-0.087267, 2.8798], [-0.87267, 0.5236], [-0.2618, 0.2618], [-2.618, 2.618], [-0.52, 0.52], [-0.52, 0.52], [-3.0892, 2.6704], [-1.5882, 2.2515], [-2.618, 2.618], [-1.0472, 2.0944], [-1.972222054, 1.972222054], [-1.614429558, 1.614429558], [-1.614429558, 1.614429558], [-3.0892, 2.6704], [-2.2515, 1.5882], [-2.618, 2.618], [-1.0472, 2.0944], [-1.972222054, 1.972222054], [-1.614429558, 1.614429558], [-1.614429558, 1.614429558]]
05-10 12:51:59.974 [INFO] [robojudo.pipeline.rl_pipeline] Pipeline reset
05-10 12:51:59.974 [DEBUG] [robojudo.policy.base_policy] Initializing history buffer as 4 x 12
05-10 12:51:59.974 [INFO] [robojudo.pipeline.rl_pipeline] Pipeline reset
05-10 12:51:59.974 [DEBUG] [robojudo.policy.base_policy] Initializing history buffer as 4 x 12
05-10 12:52:08.828 [DEBUG] [robojudo] ========== robojudo-1.5.0 init done ==========

05-10 12:52:08.830 [INFO] [robojudo.pipeline.base_pipeline] Using device: cpu
05-10 12:52:08.834 [INFO] [robojudo.utils.rotation] base set to pos: [0. 0. 0.], quat: [0. 0. 0. 1.]
05-10 12:52:09.411 [DEBUG] [robojudo.policy.asap_policy] Loading mimic policy '20250109_231507-noDR_rand_history_loco_stand_height_noise-decoupled_locomotion-g1_29dof' from /home/luis/palingenesys/asimovbm/g1_slam/third_party/RoboJuDo/assets/models/g1/asap/dec_loco/20250109_231507-noDR_rand_history_loco_stand_height_noise-decoupled_locomotion-g1_29dof/model_6600.onnx
05-10 12:52:09.418 [DEBUG] [robojudo.policy.base_policy] Initializing history buffer as 4 x 12
05-10 12:52:09.419 [DEBUG] [robojudo.tools.dof] [DoF] override default_pos with [-0.1, 0.0, 0.0, 0.3, -0.2, 0.0, -0.1, 0.0, 0.0, 0.3, -0.2, 0.0, 0.0, 0.0, 0.0, 0.0, 0.0, 0.0, 0.0, 0.0, 0.0, 0.0, 0.0, 0.0, 0.0, 0.0, 0.0, 0.0, 0.0]
05-10 12:52:09.419 [DEBUG] [robojudo.tools.dof] [DoF] override stiffness with [100, 100, 100, 200, 20, 20, 100, 100, 100, 200, 20, 20, 200, 200, 200, 40, 40, 40, 40, 20, 20, 20, 40, 40, 40, 40, 20, 20, 20]
05-10 12:52:09.419 [DEBUG] [robojudo.tools.dof] [DoF] override damping with [2.5, 2.5, 2.5, 5.0, 0.2, 0.1, 2.5, 2.5, 2.5, 5.0, 0.2, 0.1, 6.0, 6.0, 6.0, 2.0, 2.0, 2.0, 2.0, 2.0, 2.0, 2.0, 2.0, 2.0, 2.0, 2.0, 2.0, 2.0, 2.0]
05-10 12:52:09.419 [DEBUG] [robojudo.tools.dof] [DoF] override torque_limits with [88.0, 88.0, 88.0, 139.0, 50.0, 50.0, 88.0, 88.0, 88.0, 139.0, 50.0, 50.0, 200.0, 200.0, 200.0, 40.0, 40.0, 18.0, 18.0, 10.0, 10.0, 10.0, 40.0, 40.0, 18.0, 18.0, 10.0, 10.0, 10.0]
05-10 12:52:09.419 [DEBUG] [robojudo.tools.dof] [DoF] override position_limits with [[-2.5307, 2.8798], [-0.5236, 2.9671], [-2.7576, 2.7576], [-0.087267, 2.8798], [-0.87267, 0.5236], [-0.2618, 0.2618], [-2.5307, 2.8798], [-2.9671, 0.5236], [-2.7576, 2.7576], [-0.087267, 2.8798], [-0.87267, 0.5236], [-0.2618, 0.2618], [-2.618, 2.618], [-0.52, 0.52], [-0.52, 0.52], [-3.0892, 2.6704], [-1.5882, 2.2515], [-2.618, 2.618], [-1.0472, 2.0944], [-1.972222054, 1.972222054], [-1.614429558, 1.614429558], [-1.614429558, 1.614429558], [-3.0892, 2.6704], [-2.2515, 1.5882], [-2.618, 2.618], [-1.0472, 2.0944], [-1.972222054, 1.972222054], [-1.614429558, 1.614429558], [-1.614429558, 1.614429558]]
05-10 12:52:09.427 [INFO] [robojudo.pipeline.rl_pipeline] Pipeline reset
05-10 12:52:09.427 [DEBUG] [robojudo.policy.base_policy] Initializing history buffer as 4 x 12
05-10 12:52:09.427 [INFO] [robojudo.pipeline.rl_pipeline] Pipeline reset
05-10 12:52:09.427 [DEBUG] [robojudo.policy.base_policy] Initializing history buffer as 4 x 12
05-10 12:52:22.316 [DEBUG] [robojudo] ========== robojudo-1.5.0 init done ==========

05-10 12:52:22.318 [INFO] [robojudo.pipeline.base_pipeline] Using device: cpu
05-10 12:52:22.322 [INFO] [robojudo.utils.rotation] base set to pos: [0. 0. 0.], quat: [0. 0. 0. 1.]
05-10 12:52:22.887 [DEBUG] [robojudo.policy.asap_policy] Loading mimic policy '20250109_231507-noDR_rand_history_loco_stand_height_noise-decoupled_locomotion-g1_29dof' from /home/luis/palingenesys/asimovbm/g1_slam/third_party/RoboJuDo/assets/models/g1/asap/dec_loco/20250109_231507-noDR_rand_history_loco_stand_height_noise-decoupled_locomotion-g1_29dof/model_6600.onnx
05-10 12:52:22.895 [DEBUG] [robojudo.policy.base_policy] Initializing history buffer as 4 x 12
05-10 12:52:22.895 [DEBUG] [robojudo.tools.dof] [DoF] override default_pos with [-0.1, 0.0, 0.0, 0.3, -0.2, 0.0, -0.1, 0.0, 0.0, 0.3, -0.2, 0.0, 0.0, 0.0, 0.0, 0.0, 0.0, 0.0, 0.0, 0.0, 0.0, 0.0, 0.0, 0.0, 0.0, 0.0, 0.0, 0.0, 0.0]
05-10 12:52:22.895 [DEBUG] [robojudo.tools.dof] [DoF] override stiffness with [100, 100, 100, 200, 20, 20, 100, 100, 100, 200, 20, 20, 200, 200, 200, 40, 40, 40, 40, 20, 20, 20, 40, 40, 40, 40, 20, 20, 20]
05-10 12:52:22.895 [DEBUG] [robojudo.tools.dof] [DoF] override damping with [2.5, 2.5, 2.5, 5.0, 0.2, 0.1, 2.5, 2.5, 2.5, 5.0, 0.2, 0.1, 6.0, 6.0, 6.0, 2.0, 2.0, 2.0, 2.0, 2.0, 2.0, 2.0, 2.0, 2.0, 2.0, 2.0, 2.0, 2.0, 2.0]
05-10 12:52:22.895 [DEBUG] [robojudo.tools.dof] [DoF] override torque_limits with [88.0, 88.0, 88.0, 139.0, 50.0, 50.0, 88.0, 88.0, 88.0, 139.0, 50.0, 50.0, 200.0, 200.0, 200.0, 40.0, 40.0, 18.0, 18.0, 10.0, 10.0, 10.0, 40.0, 40.0, 18.0, 18.0, 10.0, 10.0, 10.0]
05-10 12:52:22.895 [DEBUG] [robojudo.tools.dof] [DoF] override position_limits with [[-2.5307, 2.8798], [-0.5236, 2.9671], [-2.7576, 2.7576], [-0.087267, 2.8798], [-0.87267, 0.5236], [-0.2618, 0.2618], [-2.5307, 2.8798], [-2.9671, 0.5236], [-2.7576, 2.7576], [-0.087267, 2.8798], [-0.87267, 0.5236], [-0.2618, 0.2618], [-2.618, 2.618], [-0.52, 0.52], [-0.52, 0.52], [-3.0892, 2.6704], [-1.5882, 2.2515], [-2.618, 2.618], [-1.0472, 2.0944], [-1.972222054, 1.972222054], [-1.614429558, 1.614429558], [-1.614429558, 1.614429558], [-3.0892, 2.6704], [-2.2515, 1.5882], [-2.618, 2.618], [-1.0472, 2.0944], [-1.972222054, 1.972222054], [-1.614429558, 1.614429558], [-1.614429558, 1.614429558]]
05-10 12:52:22.903 [INFO] [robojudo.pipeline.rl_pipeline] Pipeline reset
05-10 12:52:22.904 [DEBUG] [robojudo.policy.base_policy] Initializing history buffer as 4 x 12
05-10 12:52:22.904 [INFO] [robojudo.pipeline.rl_pipeline] Pipeline reset
05-10 12:52:22.904 [DEBUG] [robojudo.policy.base_policy] Initializing history buffer as 4 x 12
05-10 12:52:33.218 [DEBUG] [robojudo] ========== robojudo-1.5.0 init done ==========

05-10 12:52:33.220 [INFO] [robojudo.pipeline.base_pipeline] Using device: cpu
05-10 12:52:33.224 [INFO] [robojudo.utils.rotation] base set to pos: [0. 0. 0.], quat: [0. 0. 0. 1.]
05-10 12:52:33.772 [DEBUG] [robojudo.policy.asap_policy] Loading mimic policy '20250109_231507-noDR_rand_history_loco_stand_height_noise-decoupled_locomotion-g1_29dof' from /home/luis/palingenesys/asimovbm/g1_slam/third_party/RoboJuDo/assets/models/g1/asap/dec_loco/20250109_231507-noDR_rand_history_loco_stand_height_noise-decoupled_locomotion-g1_29dof/model_6600.onnx
05-10 12:52:33.781 [DEBUG] [robojudo.policy.base_policy] Initializing history buffer as 4 x 12
05-10 12:52:33.782 [DEBUG] [robojudo.tools.dof] [DoF] override default_pos with [-0.1, 0.0, 0.0, 0.3, -0.2, 0.0, -0.1, 0.0, 0.0, 0.3, -0.2, 0.0, 0.0, 0.0, 0.0, 0.0, 0.0, 0.0, 0.0, 0.0, 0.0, 0.0, 0.0, 0.0, 0.0, 0.0, 0.0, 0.0, 0.0]
05-10 12:52:33.782 [DEBUG] [robojudo.tools.dof] [DoF] override stiffness with [100, 100, 100, 200, 20, 20, 100, 100, 100, 200, 20, 20, 200, 200, 200, 40, 40, 40, 40, 20, 20, 20, 40, 40, 40, 40, 20, 20, 20]
05-10 12:52:33.782 [DEBUG] [robojudo.tools.dof] [DoF] override damping with [2.5, 2.5, 2.5, 5.0, 0.2, 0.1, 2.5, 2.5, 2.5, 5.0, 0.2, 0.1, 6.0, 6.0, 6.0, 2.0, 2.0, 2.0, 2.0, 2.0, 2.0, 2.0, 2.0, 2.0, 2.0, 2.0, 2.0, 2.0, 2.0]
05-10 12:52:33.782 [DEBUG] [robojudo.tools.dof] [DoF] override torque_limits with [88.0, 88.0, 88.0, 139.0, 50.0, 50.0, 88.0, 88.0, 88.0, 139.0, 50.0, 50.0, 200.0, 200.0, 200.0, 40.0, 40.0, 18.0, 18.0, 10.0, 10.0, 10.0, 40.0, 40.0, 18.0, 18.0, 10.0, 10.0, 10.0]
05-10 12:52:33.783 [DEBUG] [robojudo.tools.dof] [DoF] override position_limits with [[-2.5307, 2.8798], [-0.5236, 2.9671], [-2.7576, 2.7576], [-0.087267, 2.8798], [-0.87267, 0.5236], [-0.2618, 0.2618], [-2.5307, 2.8798], [-2.9671, 0.5236], [-2.7576, 2.7576], [-0.087267, 2.8798], [-0.87267, 0.5236], [-0.2618, 0.2618], [-2.618, 2.618], [-0.52, 0.52], [-0.52, 0.52], [-3.0892, 2.6704], [-1.5882, 2.2515], [-2.618, 2.618], [-1.0472, 2.0944], [-1.972222054, 1.972222054], [-1.614429558, 1.614429558], [-1.614429558, 1.614429558], [-3.0892, 2.6704], [-2.2515, 1.5882], [-2.618, 2.618], [-1.0472, 2.0944], [-1.972222054, 1.972222054], [-1.614429558, 1.614429558], [-1.614429558, 1.614429558]]
05-10 12:52:33.794 [INFO] [robojudo.pipeline.rl_pipeline] Pipeline reset
05-10 12:52:33.795 [DEBUG] [robojudo.policy.base_policy] Initializing history buffer as 4 x 12
05-10 12:52:33.795 [INFO] [robojudo.pipeline.rl_pipeline] Pipeline reset
05-10 12:52:33.795 [DEBUG] [robojudo.policy.base_policy] Initializing history buffer as 4 x 12
05-10 12:52:54.798 [DEBUG] [robojudo] ========== robojudo-1.5.0 init done ==========

05-10 12:52:54.799 [INFO] [robojudo.pipeline.base_pipeline] Using device: cpu
05-10 12:52:54.805 [INFO] [robojudo.utils.rotation] base set to pos: [0. 0. 0.], quat: [0. 0. 0. 1.]
05-10 12:52:55.365 [DEBUG] [robojudo.policy.asap_policy] Loading mimic policy '20250109_231507-noDR_rand_history_loco_stand_height_noise-decoupled_locomotion-g1_29dof' from /home/luis/palingenesys/asimovbm/g1_slam/third_party/RoboJuDo/assets/models/g1/asap/dec_loco/20250109_231507-noDR_rand_history_loco_stand_height_noise-decoupled_locomotion-g1_29dof/model_6600.onnx
05-10 12:52:55.373 [DEBUG] [robojudo.policy.base_policy] Initializing history buffer as 4 x 12
05-10 12:52:55.374 [DEBUG] [robojudo.tools.dof] [DoF] override default_pos with [-0.1, 0.0, 0.0, 0.3, -0.2, 0.0, -0.1, 0.0, 0.0, 0.3, -0.2, 0.0, 0.0, 0.0, 0.0, 0.0, 0.0, 0.0, 0.0, 0.0, 0.0, 0.0, 0.0, 0.0, 0.0, 0.0, 0.0, 0.0, 0.0]
05-10 12:52:55.374 [DEBUG] [robojudo.tools.dof] [DoF] override stiffness with [100, 100, 100, 200, 20, 20, 100, 100, 100, 200, 20, 20, 200, 200, 200, 40, 40, 40, 40, 20, 20, 20, 40, 40, 40, 40, 20, 20, 20]
05-10 12:52:55.374 [DEBUG] [robojudo.tools.dof] [DoF] override damping with [2.5, 2.5, 2.5, 5.0, 0.2, 0.1, 2.5, 2.5, 2.5, 5.0, 0.2, 0.1, 6.0, 6.0, 6.0, 2.0, 2.0, 2.0, 2.0, 2.0, 2.0, 2.0, 2.0, 2.0, 2.0, 2.0, 2.0, 2.0, 2.0]
05-10 12:52:55.374 [DEBUG] [robojudo.tools.dof] [DoF] override torque_limits with [88.0, 88.0, 88.0, 139.0, 50.0, 50.0, 88.0, 88.0, 88.0, 139.0, 50.0, 50.0, 200.0, 200.0, 200.0, 40.0, 40.0, 18.0, 18.0, 10.0, 10.0, 10.0, 40.0, 40.0, 18.0, 18.0, 10.0, 10.0, 10.0]
05-10 12:52:55.375 [DEBUG] [robojudo.tools.dof] [DoF] override position_limits with [[-2.5307, 2.8798], [-0.5236, 2.9671], [-2.7576, 2.7576], [-0.087267, 2.8798], [-0.87267, 0.5236], [-0.2618, 0.2618], [-2.5307, 2.8798], [-2.9671, 0.5236], [-2.7576, 2.7576], [-0.087267, 2.8798], [-0.87267, 0.5236], [-0.2618, 0.2618], [-2.618, 2.618], [-0.52, 0.52], [-0.52, 0.52], [-3.0892, 2.6704], [-1.5882, 2.2515], [-2.618, 2.618], [-1.0472, 2.0944], [-1.972222054, 1.972222054], [-1.614429558, 1.614429558], [-1.614429558, 1.614429558], [-3.0892, 2.6704], [-2.2515, 1.5882], [-2.618, 2.618], [-1.0472, 2.0944], [-1.972222054, 1.972222054], [-1.614429558, 1.614429558], [-1.614429558, 1.614429558]]
05-10 12:52:55.386 [INFO] [robojudo.pipeline.rl_pipeline] Pipeline reset
05-10 12:52:55.387 [DEBUG] [robojudo.policy.base_policy] Initializing history buffer as 4 x 12
05-10 12:52:55.387 [INFO] [robojudo.pipeline.rl_pipeline] Pipeline reset
05-10 12:52:55.387 [DEBUG] [robojudo.policy.base_policy] Initializing history buffer as 4 x 12
05-10 12:53:02.525 [DEBUG] [robojudo] ========== robojudo-1.5.0 init done ==========

05-10 12:53:02.526 [INFO] [robojudo.pipeline.base_pipeline] Using device: cpu
05-10 12:53:02.531 [INFO] [robojudo.utils.rotation] base set to pos: [0. 0. 0.], quat: [0. 0. 0. 1.]
05-10 12:53:03.107 [DEBUG] [robojudo.policy.asap_policy] Loading mimic policy '20250109_231507-noDR_rand_history_loco_stand_height_noise-decoupled_locomotion-g1_29dof' from /home/luis/palingenesys/asimovbm/g1_slam/third_party/RoboJuDo/assets/models/g1/asap/dec_loco/20250109_231507-noDR_rand_history_loco_stand_height_noise-decoupled_locomotion-g1_29dof/model_6600.onnx
05-10 12:53:03.116 [DEBUG] [robojudo.policy.base_policy] Initializing history buffer as 4 x 12
05-10 12:53:03.116 [DEBUG] [robojudo.tools.dof] [DoF] override default_pos with [-0.1, 0.0, 0.0, 0.3, -0.2, 0.0, -0.1, 0.0, 0.0, 0.3, -0.2, 0.0, 0.0, 0.0, 0.0, 0.0, 0.0, 0.0, 0.0, 0.0, 0.0, 0.0, 0.0, 0.0, 0.0, 0.0, 0.0, 0.0, 0.0]
05-10 12:53:03.117 [DEBUG] [robojudo.tools.dof] [DoF] override stiffness with [100, 100, 100, 200, 20, 20, 100, 100, 100, 200, 20, 20, 200, 200, 200, 40, 40, 40, 40, 20, 20, 20, 40, 40, 40, 40, 20, 20, 20]
05-10 12:53:03.117 [DEBUG] [robojudo.tools.dof] [DoF] override damping with [2.5, 2.5, 2.5, 5.0, 0.2, 0.1, 2.5, 2.5, 2.5, 5.0, 0.2, 0.1, 6.0, 6.0, 6.0, 2.0, 2.0, 2.0, 2.0, 2.0, 2.0, 2.0, 2.0, 2.0, 2.0, 2.0, 2.0, 2.0, 2.0]
05-10 12:53:03.117 [DEBUG] [robojudo.tools.dof] [DoF] override torque_limits with [88.0, 88.0, 88.0, 139.0, 50.0, 50.0, 88.0, 88.0, 88.0, 139.0, 50.0, 50.0, 200.0, 200.0, 200.0, 40.0, 40.0, 18.0, 18.0, 10.0, 10.0, 10.0, 40.0, 40.0, 18.0, 18.0, 10.0, 10.0, 10.0]
05-10 12:53:03.117 [DEBUG] [robojudo.tools.dof] [DoF] override position_limits with [[-2.5307, 2.8798], [-0.5236, 2.9671], [-2.7576, 2.7576], [-0.087267, 2.8798], [-0.87267, 0.5236], [-0.2618, 0.2618], [-2.5307, 2.8798], [-2.9671, 0.5236], [-2.7576, 2.7576], [-0.087267, 2.8798], [-0.87267, 0.5236], [-0.2618, 0.2618], [-2.618, 2.618], [-0.52, 0.52], [-0.52, 0.52], [-3.0892, 2.6704], [-1.5882, 2.2515], [-2.618, 2.618], [-1.0472, 2.0944], [-1.972222054, 1.972222054], [-1.614429558, 1.614429558], [-1.614429558, 1.614429558], [-3.0892, 2.6704], [-2.2515, 1.5882], [-2.618, 2.618], [-1.0472, 2.0944], [-1.972222054, 1.972222054], [-1.614429558, 1.614429558], [-1.614429558, 1.614429558]]
05-10 12:53:03.125 [INFO] [robojudo.pipeline.rl_pipeline] Pipeline reset
05-10 12:53:03.125 [DEBUG] [robojudo.policy.base_policy] Initializing history buffer as 4 x 12
05-10 12:53:03.125 [INFO] [robojudo.pipeline.rl_pipeline] Pipeline reset
05-10 12:53:03.125 [DEBUG] [robojudo.policy.base_policy] Initializing history buffer as 4 x 12
05-10 12:54:19.365 [DEBUG] [robojudo] ========== robojudo-1.5.0 init done ==========

05-10 12:54:19.367 [INFO] [robojudo.pipeline.base_pipeline] Using device: cpu
05-10 12:54:19.371 [INFO] [robojudo.utils.rotation] base set to pos: [0. 0. 0.], quat: [0. 0. 0. 1.]
05-10 12:54:19.929 [DEBUG] [robojudo.policy.asap_policy] Loading mimic policy '20250109_231507-noDR_rand_history_loco_stand_height_noise-decoupled_locomotion-g1_29dof' from /home/luis/palingenesys/asimovbm/g1_slam/third_party/RoboJuDo/assets/models/g1/asap/dec_loco/20250109_231507-noDR_rand_history_loco_stand_height_noise-decoupled_locomotion-g1_29dof/model_6600.onnx
05-10 12:54:19.940 [DEBUG] [robojudo.policy.base_policy] Initializing history buffer as 4 x 12
05-10 12:54:19.940 [DEBUG] [robojudo.tools.dof] [DoF] override default_pos with [-0.1, 0.0, 0.0, 0.3, -0.2, 0.0, -0.1, 0.0, 0.0, 0.3, -0.2, 0.0, 0.0, 0.0, 0.0, 0.0, 0.0, 0.0, 0.0, 0.0, 0.0, 0.0, 0.0, 0.0, 0.0, 0.0, 0.0, 0.0, 0.0]
05-10 12:54:19.940 [DEBUG] [robojudo.tools.dof] [DoF] override stiffness with [100, 100, 100, 200, 20, 20, 100, 100, 100, 200, 20, 20, 200, 200, 200, 40, 40, 40, 40, 20, 20, 20, 40, 40, 40, 40, 20, 20, 20]
05-10 12:54:19.940 [DEBUG] [robojudo.tools.dof] [DoF] override damping with [2.5, 2.5, 2.5, 5.0, 0.2, 0.1, 2.5, 2.5, 2.5, 5.0, 0.2, 0.1, 6.0, 6.0, 6.0, 2.0, 2.0, 2.0, 2.0, 2.0, 2.0, 2.0, 2.0, 2.0, 2.0, 2.0, 2.0, 2.0, 2.0]
05-10 12:54:19.940 [DEBUG] [robojudo.tools.dof] [DoF] override torque_limits with [88.0, 88.0, 88.0, 139.0, 50.0, 50.0, 88.0, 88.0, 88.0, 139.0, 50.0, 50.0, 200.0, 200.0, 200.0, 40.0, 40.0, 18.0, 18.0, 10.0, 10.0, 10.0, 40.0, 40.0, 18.0, 18.0, 10.0, 10.0, 10.0]
05-10 12:54:19.941 [DEBUG] [robojudo.tools.dof] [DoF] override position_limits with [[-2.5307, 2.8798], [-0.5236, 2.9671], [-2.7576, 2.7576], [-0.087267, 2.8798], [-0.87267, 0.5236], [-0.2618, 0.2618], [-2.5307, 2.8798], [-2.9671, 0.5236], [-2.7576, 2.7576], [-0.087267, 2.8798], [-0.87267, 0.5236], [-0.2618, 0.2618], [-2.618, 2.618], [-0.52, 0.52], [-0.52, 0.52], [-3.0892, 2.6704], [-1.5882, 2.2515], [-2.618, 2.618], [-1.0472, 2.0944], [-1.972222054, 1.972222054], [-1.614429558, 1.614429558], [-1.614429558, 1.614429558], [-3.0892, 2.6704], [-2.2515, 1.5882], [-2.618, 2.618], [-1.0472, 2.0944], [-1.972222054, 1.972222054], [-1.614429558, 1.614429558], [-1.614429558, 1.614429558]]
05-10 12:54:19.949 [INFO] [robojudo.pipeline.rl_pipeline] Pipeline reset
05-10 12:54:19.949 [DEBUG] [robojudo.policy.base_policy] Initializing history buffer as 4 x 12
05-10 12:54:19.949 [INFO] [robojudo.pipeline.rl_pipeline] Pipeline reset
05-10 12:54:19.949 [DEBUG] [robojudo.policy.base_policy] Initializing history buffer as 4 x 12
05-10 12:54:35.598 [DEBUG] [robojudo] ========== robojudo-1.5.0 init done ==========

05-10 12:54:35.600 [INFO] [robojudo.pipeline.base_pipeline] Using device: cpu
05-10 12:54:35.604 [INFO] [robojudo.utils.rotation] base set to pos: [0. 0. 0.], quat: [0. 0. 0. 1.]
05-10 12:54:36.181 [DEBUG] [robojudo.policy.asap_policy] Loading mimic policy '20250109_231507-noDR_rand_history_loco_stand_height_noise-decoupled_locomotion-g1_29dof' from /home/luis/palingenesys/asimovbm/g1_slam/third_party/RoboJuDo/assets/models/g1/asap/dec_loco/20250109_231507-noDR_rand_history_loco_stand_height_noise-decoupled_locomotion-g1_29dof/model_6600.onnx
05-10 12:54:36.190 [DEBUG] [robojudo.policy.base_policy] Initializing history buffer as 4 x 12
05-10 12:54:36.190 [DEBUG] [robojudo.tools.dof] [DoF] override default_pos with [-0.1, 0.0, 0.0, 0.3, -0.2, 0.0, -0.1, 0.0, 0.0, 0.3, -0.2, 0.0, 0.0, 0.0, 0.0, 0.0, 0.0, 0.0, 0.0, 0.0, 0.0, 0.0, 0.0, 0.0, 0.0, 0.0, 0.0, 0.0, 0.0]
05-10 12:54:36.191 [DEBUG] [robojudo.tools.dof] [DoF] override stiffness with [100, 100, 100, 200, 20, 20, 100, 100, 100, 200, 20, 20, 200, 200, 200, 40, 40, 40, 40, 20, 20, 20, 40, 40, 40, 40, 20, 20, 20]
05-10 12:54:36.191 [DEBUG] [robojudo.tools.dof] [DoF] override damping with [2.5, 2.5, 2.5, 5.0, 0.2, 0.1, 2.5, 2.5, 2.5, 5.0, 0.2, 0.1, 6.0, 6.0, 6.0, 2.0, 2.0, 2.0, 2.0, 2.0, 2.0, 2.0, 2.0, 2.0, 2.0, 2.0, 2.0, 2.0, 2.0]
05-10 12:54:36.191 [DEBUG] [robojudo.tools.dof] [DoF] override torque_limits with [88.0, 88.0, 88.0, 139.0, 50.0, 50.0, 88.0, 88.0, 88.0, 139.0, 50.0, 50.0, 200.0, 200.0, 200.0, 40.0, 40.0, 18.0, 18.0, 10.0, 10.0, 10.0, 40.0, 40.0, 18.0, 18.0, 10.0, 10.0, 10.0]
05-10 12:54:36.191 [DEBUG] [robojudo.tools.dof] [DoF] override position_limits with [[-2.5307, 2.8798], [-0.5236, 2.9671], [-2.7576, 2.7576], [-0.087267, 2.8798], [-0.87267, 0.5236], [-0.2618, 0.2618], [-2.5307, 2.8798], [-2.9671, 0.5236], [-2.7576, 2.7576], [-0.087267, 2.8798], [-0.87267, 0.5236], [-0.2618, 0.2618], [-2.618, 2.618], [-0.52, 0.52], [-0.52, 0.52], [-3.0892, 2.6704], [-1.5882, 2.2515], [-2.618, 2.618], [-1.0472, 2.0944], [-1.972222054, 1.972222054], [-1.614429558, 1.614429558], [-1.614429558, 1.614429558], [-3.0892, 2.6704], [-2.2515, 1.5882], [-2.618, 2.618], [-1.0472, 2.0944], [-1.972222054, 1.972222054], [-1.614429558, 1.614429558], [-1.614429558, 1.614429558]]
05-10 12:54:36.205 [INFO] [robojudo.pipeline.rl_pipeline] Pipeline reset
05-10 12:54:36.205 [DEBUG] [robojudo.policy.base_policy] Initializing history buffer as 4 x 12
05-10 12:54:36.205 [INFO] [robojudo.pipeline.rl_pipeline] Pipeline reset
05-10 12:54:36.205 [DEBUG] [robojudo.policy.base_policy] Initializing history buffer as 4 x 12
05-10 12:54:46.365 [DEBUG] [robojudo] ========== robojudo-1.5.0 init done ==========

05-10 12:54:46.367 [INFO] [robojudo.pipeline.base_pipeline] Using device: cpu
05-10 12:54:46.371 [INFO] [robojudo.utils.rotation] base set to pos: [0. 0. 0.], quat: [0. 0. 0. 1.]
05-10 12:54:46.936 [DEBUG] [robojudo.policy.asap_policy] Loading mimic policy '20250109_231507-noDR_rand_history_loco_stand_height_noise-decoupled_locomotion-g1_29dof' from /home/luis/palingenesys/asimovbm/g1_slam/third_party/RoboJuDo/assets/models/g1/asap/dec_loco/20250109_231507-noDR_rand_history_loco_stand_height_noise-decoupled_locomotion-g1_29dof/model_6600.onnx
05-10 12:54:46.947 [DEBUG] [robojudo.policy.base_policy] Initializing history buffer as 4 x 12
05-10 12:54:46.948 [DEBUG] [robojudo.tools.dof] [DoF] override default_pos with [-0.1, 0.0, 0.0, 0.3, -0.2, 0.0, -0.1, 0.0, 0.0, 0.3, -0.2, 0.0, 0.0, 0.0, 0.0, 0.0, 0.0, 0.0, 0.0, 0.0, 0.0, 0.0, 0.0, 0.0, 0.0, 0.0, 0.0, 0.0, 0.0]
05-10 12:54:46.948 [DEBUG] [robojudo.tools.dof] [DoF] override stiffness with [100, 100, 100, 200, 20, 20, 100, 100, 100, 200, 20, 20, 200, 200, 200, 40, 40, 40, 40, 20, 20, 20, 40, 40, 40, 40, 20, 20, 20]
05-10 12:54:46.948 [DEBUG] [robojudo.tools.dof] [DoF] override damping with [2.5, 2.5, 2.5, 5.0, 0.2, 0.1, 2.5, 2.5, 2.5, 5.0, 0.2, 0.1, 6.0, 6.0, 6.0, 2.0, 2.0, 2.0, 2.0, 2.0, 2.0, 2.0, 2.0, 2.0, 2.0, 2.0, 2.0, 2.0, 2.0]
05-10 12:54:46.949 [DEBUG] [robojudo.tools.dof] [DoF] override torque_limits with [88.0, 88.0, 88.0, 139.0, 50.0, 50.0, 88.0, 88.0, 88.0, 139.0, 50.0, 50.0, 200.0, 200.0, 200.0, 40.0, 40.0, 18.0, 18.0, 10.0, 10.0, 10.0, 40.0, 40.0, 18.0, 18.0, 10.0, 10.0, 10.0]
05-10 12:54:46.949 [DEBUG] [robojudo.tools.dof] [DoF] override position_limits with [[-2.5307, 2.8798], [-0.5236, 2.9671], [-2.7576, 2.7576], [-0.087267, 2.8798], [-0.87267, 0.5236], [-0.2618, 0.2618], [-2.5307, 2.8798], [-2.9671, 0.5236], [-2.7576, 2.7576], [-0.087267, 2.8798], [-0.87267, 0.5236], [-0.2618, 0.2618], [-2.618, 2.618], [-0.52, 0.52], [-0.52, 0.52], [-3.0892, 2.6704], [-1.5882, 2.2515], [-2.618, 2.618], [-1.0472, 2.0944], [-1.972222054, 1.972222054], [-1.614429558, 1.614429558], [-1.614429558, 1.614429558], [-3.0892, 2.6704], [-2.2515, 1.5882], [-2.618, 2.618], [-1.0472, 2.0944], [-1.972222054, 1.972222054], [-1.614429558, 1.614429558], [-1.614429558, 1.614429558]]
05-10 12:54:46.961 [INFO] [robojudo.pipeline.rl_pipeline] Pipeline reset
05-10 12:54:46.961 [DEBUG] [robojudo.policy.base_policy] Initializing history buffer as 4 x 12
05-10 12:54:46.961 [INFO] [robojudo.pipeline.rl_pipeline] Pipeline reset
05-10 12:54:46.961 [DEBUG] [robojudo.policy.base_policy] Initializing history buffer as 4 x 12
05-10 12:54:55.964 [DEBUG] [robojudo] ========== robojudo-1.5.0 init done ==========

05-10 12:54:55.966 [INFO] [robojudo.pipeline.base_pipeline] Using device: cpu
05-10 12:54:55.970 [INFO] [robojudo.utils.rotation] base set to pos: [0. 0. 0.], quat: [0. 0. 0. 1.]
05-10 12:54:56.535 [DEBUG] [robojudo.policy.asap_policy] Loading mimic policy '20250109_231507-noDR_rand_history_loco_stand_height_noise-decoupled_locomotion-g1_29dof' from /home/luis/palingenesys/asimovbm/g1_slam/third_party/RoboJuDo/assets/models/g1/asap/dec_loco/20250109_231507-noDR_rand_history_loco_stand_height_noise-decoupled_locomotion-g1_29dof/model_6600.onnx
05-10 12:54:56.542 [DEBUG] [robojudo.policy.base_policy] Initializing history buffer as 4 x 12
05-10 12:54:56.542 [DEBUG] [robojudo.tools.dof] [DoF] override default_pos with [-0.1, 0.0, 0.0, 0.3, -0.2, 0.0, -0.1, 0.0, 0.0, 0.3, -0.2, 0.0, 0.0, 0.0, 0.0, 0.0, 0.0, 0.0, 0.0, 0.0, 0.0, 0.0, 0.0, 0.0, 0.0, 0.0, 0.0, 0.0, 0.0]
05-10 12:54:56.542 [DEBUG] [robojudo.tools.dof] [DoF] override stiffness with [100, 100, 100, 200, 20, 20, 100, 100, 100, 200, 20, 20, 200, 200, 200, 40, 40, 40, 40, 20, 20, 20, 40, 40, 40, 40, 20, 20, 20]
05-10 12:54:56.542 [DEBUG] [robojudo.tools.dof] [DoF] override damping with [2.5, 2.5, 2.5, 5.0, 0.2, 0.1, 2.5, 2.5, 2.5, 5.0, 0.2, 0.1, 6.0, 6.0, 6.0, 2.0, 2.0, 2.0, 2.0, 2.0, 2.0, 2.0, 2.0, 2.0, 2.0, 2.0, 2.0, 2.0, 2.0]
05-10 12:54:56.542 [DEBUG] [robojudo.tools.dof] [DoF] override torque_limits with [88.0, 88.0, 88.0, 139.0, 50.0, 50.0, 88.0, 88.0, 88.0, 139.0, 50.0, 50.0, 200.0, 200.0, 200.0, 40.0, 40.0, 18.0, 18.0, 10.0, 10.0, 10.0, 40.0, 40.0, 18.0, 18.0, 10.0, 10.0, 10.0]
05-10 12:54:56.542 [DEBUG] [robojudo.tools.dof] [DoF] override position_limits with [[-2.5307, 2.8798], [-0.5236, 2.9671], [-2.7576, 2.7576], [-0.087267, 2.8798], [-0.87267, 0.5236], [-0.2618, 0.2618], [-2.5307, 2.8798], [-2.9671, 0.5236], [-2.7576, 2.7576], [-0.087267, 2.8798], [-0.87267, 0.5236], [-0.2618, 0.2618], [-2.618, 2.618], [-0.52, 0.52], [-0.52, 0.52], [-3.0892, 2.6704], [-1.5882, 2.2515], [-2.618, 2.618], [-1.0472, 2.0944], [-1.972222054, 1.972222054], [-1.614429558, 1.614429558], [-1.614429558, 1.614429558], [-3.0892, 2.6704], [-2.2515, 1.5882], [-2.618, 2.618], [-1.0472, 2.0944], [-1.972222054, 1.972222054], [-1.614429558, 1.614429558], [-1.614429558, 1.614429558]]
05-10 12:54:56.550 [INFO] [robojudo.pipeline.rl_pipeline] Pipeline reset
05-10 12:54:56.550 [DEBUG] [robojudo.policy.base_policy] Initializing history buffer as 4 x 12
05-10 12:54:56.550 [INFO] [robojudo.pipeline.rl_pipeline] Pipeline reset
05-10 12:54:56.550 [DEBUG] [robojudo.policy.base_policy] Initializing history buffer as 4 x 12
05-10 12:55:17.400 [DEBUG] [robojudo] ========== robojudo-1.5.0 init done ==========

05-10 12:55:17.402 [INFO] [robojudo.pipeline.base_pipeline] Using device: cpu
05-10 12:55:17.406 [INFO] [robojudo.utils.rotation] base set to pos: [0. 0. 0.], quat: [0. 0. 0. 1.]
05-10 12:55:17.976 [DEBUG] [robojudo.policy.asap_policy] Loading mimic policy '20250109_231507-noDR_rand_history_loco_stand_height_noise-decoupled_locomotion-g1_29dof' from /home/luis/palingenesys/asimovbm/g1_slam/third_party/RoboJuDo/assets/models/g1/asap/dec_loco/20250109_231507-noDR_rand_history_loco_stand_height_noise-decoupled_locomotion-g1_29dof/model_6600.onnx
05-10 12:55:17.983 [DEBUG] [robojudo.policy.base_policy] Initializing history buffer as 4 x 12
05-10 12:55:17.984 [DEBUG] [robojudo.tools.dof] [DoF] override default_pos with [-0.1, 0.0, 0.0, 0.3, -0.2, 0.0, -0.1, 0.0, 0.0, 0.3, -0.2, 0.0, 0.0, 0.0, 0.0, 0.0, 0.0, 0.0, 0.0, 0.0, 0.0, 0.0, 0.0, 0.0, 0.0, 0.0, 0.0, 0.0, 0.0]
05-10 12:55:17.984 [DEBUG] [robojudo.tools.dof] [DoF] override stiffness with [100, 100, 100, 200, 20, 20, 100, 100, 100, 200, 20, 20, 200, 200, 200, 40, 40, 40, 40, 20, 20, 20, 40, 40, 40, 40, 20, 20, 20]
05-10 12:55:17.984 [DEBUG] [robojudo.tools.dof] [DoF] override damping with [2.5, 2.5, 2.5, 5.0, 0.2, 0.1, 2.5, 2.5, 2.5, 5.0, 0.2, 0.1, 6.0, 6.0, 6.0, 2.0, 2.0, 2.0, 2.0, 2.0, 2.0, 2.0, 2.0, 2.0, 2.0, 2.0, 2.0, 2.0, 2.0]
05-10 12:55:17.984 [DEBUG] [robojudo.tools.dof] [DoF] override torque_limits with [88.0, 88.0, 88.0, 139.0, 50.0, 50.0, 88.0, 88.0, 88.0, 139.0, 50.0, 50.0, 200.0, 200.0, 200.0, 40.0, 40.0, 18.0, 18.0, 10.0, 10.0, 10.0, 40.0, 40.0, 18.0, 18.0, 10.0, 10.0, 10.0]
05-10 12:55:17.984 [DEBUG] [robojudo.tools.dof] [DoF] override position_limits with [[-2.5307, 2.8798], [-0.5236, 2.9671], [-2.7576, 2.7576], [-0.087267, 2.8798], [-0.87267, 0.5236], [-0.2618, 0.2618], [-2.5307, 2.8798], [-2.9671, 0.5236], [-2.7576, 2.7576], [-0.087267, 2.8798], [-0.87267, 0.5236], [-0.2618, 0.2618], [-2.618, 2.618], [-0.52, 0.52], [-0.52, 0.52], [-3.0892, 2.6704], [-1.5882, 2.2515], [-2.618, 2.618], [-1.0472, 2.0944], [-1.972222054, 1.972222054], [-1.614429558, 1.614429558], [-1.614429558, 1.614429558], [-3.0892, 2.6704], [-2.2515, 1.5882], [-2.618, 2.618], [-1.0472, 2.0944], [-1.972222054, 1.972222054], [-1.614429558, 1.614429558], [-1.614429558, 1.614429558]]
05-10 12:55:17.992 [INFO] [robojudo.pipeline.rl_pipeline] Pipeline reset
05-10 12:55:17.992 [DEBUG] [robojudo.policy.base_policy] Initializing history buffer as 4 x 12
05-10 12:55:17.992 [INFO] [robojudo.pipeline.rl_pipeline] Pipeline reset
05-10 12:55:17.992 [DEBUG] [robojudo.policy.base_policy] Initializing history buffer as 4 x 12
05-10 12:57:27.727 [DEBUG] [robojudo] ========== robojudo-1.5.0 init done ==========

05-10 12:57:27.729 [INFO] [robojudo.pipeline.base_pipeline] Using device: cpu
05-10 12:57:27.733 [INFO] [robojudo.utils.rotation] base set to pos: [0. 0. 0.], quat: [0. 0. 0. 1.]
05-10 12:57:28.318 [DEBUG] [robojudo.policy.asap_policy] Loading mimic policy '20250109_231507-noDR_rand_history_loco_stand_height_noise-decoupled_locomotion-g1_29dof' from /home/luis/palingenesys/asimovbm/g1_slam/third_party/RoboJuDo/assets/models/g1/asap/dec_loco/20250109_231507-noDR_rand_history_loco_stand_height_noise-decoupled_locomotion-g1_29dof/model_6600.onnx
05-10 12:57:28.325 [DEBUG] [robojudo.policy.base_policy] Initializing history buffer as 4 x 12
05-10 12:57:28.325 [DEBUG] [robojudo.tools.dof] [DoF] override default_pos with [-0.1, 0.0, 0.0, 0.3, -0.2, 0.0, -0.1, 0.0, 0.0, 0.3, -0.2, 0.0, 0.0, 0.0, 0.0, 0.0, 0.0, 0.0, 0.0, 0.0, 0.0, 0.0, 0.0, 0.0, 0.0, 0.0, 0.0, 0.0, 0.0]
05-10 12:57:28.325 [DEBUG] [robojudo.tools.dof] [DoF] override stiffness with [100, 100, 100, 200, 20, 20, 100, 100, 100, 200, 20, 20, 200, 200, 200, 40, 40, 40, 40, 20, 20, 20, 40, 40, 40, 40, 20, 20, 20]
05-10 12:57:28.326 [DEBUG] [robojudo.tools.dof] [DoF] override damping with [2.5, 2.5, 2.5, 5.0, 0.2, 0.1, 2.5, 2.5, 2.5, 5.0, 0.2, 0.1, 6.0, 6.0, 6.0, 2.0, 2.0, 2.0, 2.0, 2.0, 2.0, 2.0, 2.0, 2.0, 2.0, 2.0, 2.0, 2.0, 2.0]
05-10 12:57:28.326 [DEBUG] [robojudo.tools.dof] [DoF] override torque_limits with [88.0, 88.0, 88.0, 139.0, 50.0, 50.0, 88.0, 88.0, 88.0, 139.0, 50.0, 50.0, 200.0, 200.0, 200.0, 40.0, 40.0, 18.0, 18.0, 10.0, 10.0, 10.0, 40.0, 40.0, 18.0, 18.0, 10.0, 10.0, 10.0]
05-10 12:57:28.326 [DEBUG] [robojudo.tools.dof] [DoF] override position_limits with [[-2.5307, 2.8798], [-0.5236, 2.9671], [-2.7576, 2.7576], [-0.087267, 2.8798], [-0.87267, 0.5236], [-0.2618, 0.2618], [-2.5307, 2.8798], [-2.9671, 0.5236], [-2.7576, 2.7576], [-0.087267, 2.8798], [-0.87267, 0.5236], [-0.2618, 0.2618], [-2.618, 2.618], [-0.52, 0.52], [-0.52, 0.52], [-3.0892, 2.6704], [-1.5882, 2.2515], [-2.618, 2.618], [-1.0472, 2.0944], [-1.972222054, 1.972222054], [-1.614429558, 1.614429558], [-1.614429558, 1.614429558], [-3.0892, 2.6704], [-2.2515, 1.5882], [-2.618, 2.618], [-1.0472, 2.0944], [-1.972222054, 1.972222054], [-1.614429558, 1.614429558], [-1.614429558, 1.614429558]]
05-10 12:57:28.334 [INFO] [robojudo.pipeline.rl_pipeline] Pipeline reset
05-10 12:57:28.334 [DEBUG] [robojudo.policy.base_policy] Initializing history buffer as 4 x 12
05-10 12:57:28.334 [INFO] [robojudo.pipeline.rl_pipeline] Pipeline reset
05-10 12:57:28.334 [DEBUG] [robojudo.policy.base_policy] Initializing history buffer as 4 x 12
05-10 12:57:39.109 [DEBUG] [robojudo] ========== robojudo-1.5.0 init done ==========

05-10 12:57:39.111 [INFO] [robojudo.pipeline.base_pipeline] Using device: cpu
05-10 12:57:39.115 [INFO] [robojudo.utils.rotation] base set to pos: [0. 0. 0.], quat: [0. 0. 0. 1.]
05-10 12:57:39.691 [DEBUG] [robojudo.policy.asap_policy] Loading mimic policy '20250109_231507-noDR_rand_history_loco_stand_height_noise-decoupled_locomotion-g1_29dof' from /home/luis/palingenesys/asimovbm/g1_slam/third_party/RoboJuDo/assets/models/g1/asap/dec_loco/20250109_231507-noDR_rand_history_loco_stand_height_noise-decoupled_locomotion-g1_29dof/model_6600.onnx
05-10 12:57:39.701 [DEBUG] [robojudo.policy.base_policy] Initializing history buffer as 4 x 12
05-10 12:57:39.701 [DEBUG] [robojudo.tools.dof] [DoF] override default_pos with [-0.1, 0.0, 0.0, 0.3, -0.2, 0.0, -0.1, 0.0, 0.0, 0.3, -0.2, 0.0, 0.0, 0.0, 0.0, 0.0, 0.0, 0.0, 0.0, 0.0, 0.0, 0.0, 0.0, 0.0, 0.0, 0.0, 0.0, 0.0, 0.0]
05-10 12:57:39.702 [DEBUG] [robojudo.tools.dof] [DoF] override stiffness with [100, 100, 100, 200, 20, 20, 100, 100, 100, 200, 20, 20, 200, 200, 200, 40, 40, 40, 40, 20, 20, 20, 40, 40, 40, 40, 20, 20, 20]
05-10 12:57:39.702 [DEBUG] [robojudo.tools.dof] [DoF] override damping with [2.5, 2.5, 2.5, 5.0, 0.2, 0.1, 2.5, 2.5, 2.5, 5.0, 0.2, 0.1, 6.0, 6.0, 6.0, 2.0, 2.0, 2.0, 2.0, 2.0, 2.0, 2.0, 2.0, 2.0, 2.0, 2.0, 2.0, 2.0, 2.0]
05-10 12:57:39.702 [DEBUG] [robojudo.tools.dof] [DoF] override torque_limits with [88.0, 88.0, 88.0, 139.0, 50.0, 50.0, 88.0, 88.0, 88.0, 139.0, 50.0, 50.0, 200.0, 200.0, 200.0, 40.0, 40.0, 18.0, 18.0, 10.0, 10.0, 10.0, 40.0, 40.0, 18.0, 18.0, 10.0, 10.0, 10.0]
05-10 12:57:39.702 [DEBUG] [robojudo.tools.dof] [DoF] override position_limits with [[-2.5307, 2.8798], [-0.5236, 2.9671], [-2.7576, 2.7576], [-0.087267, 2.8798], [-0.87267, 0.5236], [-0.2618, 0.2618], [-2.5307, 2.8798], [-2.9671, 0.5236], [-2.7576, 2.7576], [-0.087267, 2.8798], [-0.87267, 0.5236], [-0.2618, 0.2618], [-2.618, 2.618], [-0.52, 0.52], [-0.52, 0.52], [-3.0892, 2.6704], [-1.5882, 2.2515], [-2.618, 2.618], [-1.0472, 2.0944], [-1.972222054, 1.972222054], [-1.614429558, 1.614429558], [-1.614429558, 1.614429558], [-3.0892, 2.6704], [-2.2515, 1.5882], [-2.618, 2.618], [-1.0472, 2.0944], [-1.972222054, 1.972222054], [-1.614429558, 1.614429558], [-1.614429558, 1.614429558]]
05-10 12:57:39.714 [INFO] [robojudo.pipeline.rl_pipeline] Pipeline reset
05-10 12:57:39.714 [DEBUG] [robojudo.policy.base_policy] Initializing history buffer as 4 x 12
05-10 12:57:39.714 [INFO] [robojudo.pipeline.rl_pipeline] Pipeline reset
05-10 12:57:39.714 [DEBUG] [robojudo.policy.base_policy] Initializing history buffer as 4 x 12
05-10 12:58:04.811 [DEBUG] [robojudo] ========== robojudo-1.5.0 init done ==========

05-10 12:58:04.815 [INFO] [robojudo.pipeline.base_pipeline] Using device: cpu
05-10 12:58:04.828 [INFO] [robojudo.utils.rotation] base set to pos: [0. 0. 0.], quat: [0. 0. 0. 1.]
05-10 12:58:05.405 [DEBUG] [robojudo.policy.asap_policy] Loading mimic policy '20250109_231507-noDR_rand_history_loco_stand_height_noise-decoupled_locomotion-g1_29dof' from /home/luis/palingenesys/asimovbm/g1_slam/third_party/RoboJuDo/assets/models/g1/asap/dec_loco/20250109_231507-noDR_rand_history_loco_stand_height_noise-decoupled_locomotion-g1_29dof/model_6600.onnx
05-10 12:58:05.416 [DEBUG] [robojudo.policy.base_policy] Initializing history buffer as 4 x 12
05-10 12:58:05.416 [DEBUG] [robojudo.tools.dof] [DoF] override default_pos with [-0.1, 0.0, 0.0, 0.3, -0.2, 0.0, -0.1, 0.0, 0.0, 0.3, -0.2, 0.0, 0.0, 0.0, 0.0, 0.0, 0.0, 0.0, 0.0, 0.0, 0.0, 0.0, 0.0, 0.0, 0.0, 0.0, 0.0, 0.0, 0.0]
05-10 12:58:05.416 [DEBUG] [robojudo.tools.dof] [DoF] override stiffness with [100, 100, 100, 200, 20, 20, 100, 100, 100, 200, 20, 20, 200, 200, 200, 40, 40, 40, 40, 20, 20, 20, 40, 40, 40, 40, 20, 20, 20]
05-10 12:58:05.416 [DEBUG] [robojudo.tools.dof] [DoF] override damping with [2.5, 2.5, 2.5, 5.0, 0.2, 0.1, 2.5, 2.5, 2.5, 5.0, 0.2, 0.1, 6.0, 6.0, 6.0, 2.0, 2.0, 2.0, 2.0, 2.0, 2.0, 2.0, 2.0, 2.0, 2.0, 2.0, 2.0, 2.0, 2.0]
05-10 12:58:05.417 [DEBUG] [robojudo.tools.dof] [DoF] override torque_limits with [88.0, 88.0, 88.0, 139.0, 50.0, 50.0, 88.0, 88.0, 88.0, 139.0, 50.0, 50.0, 200.0, 200.0, 200.0, 40.0, 40.0, 18.0, 18.0, 10.0, 10.0, 10.0, 40.0, 40.0, 18.0, 18.0, 10.0, 10.0, 10.0]
05-10 12:58:05.417 [DEBUG] [robojudo.tools.dof] [DoF] override position_limits with [[-2.5307, 2.8798], [-0.5236, 2.9671], [-2.7576, 2.7576], [-0.087267, 2.8798], [-0.87267, 0.5236], [-0.2618, 0.2618], [-2.5307, 2.8798], [-2.9671, 0.5236], [-2.7576, 2.7576], [-0.087267, 2.8798], [-0.87267, 0.5236], [-0.2618, 0.2618], [-2.618, 2.618], [-0.52, 0.52], [-0.52, 0.52], [-3.0892, 2.6704], [-1.5882, 2.2515], [-2.618, 2.618], [-1.0472, 2.0944], [-1.972222054, 1.972222054], [-1.614429558, 1.614429558], [-1.614429558, 1.614429558], [-3.0892, 2.6704], [-2.2515, 1.5882], [-2.618, 2.618], [-1.0472, 2.0944], [-1.972222054, 1.972222054], [-1.614429558, 1.614429558], [-1.614429558, 1.614429558]]
05-10 12:58:05.428 [INFO] [robojudo.pipeline.rl_pipeline] Pipeline reset
05-10 12:58:05.429 [DEBUG] [robojudo.policy.base_policy] Initializing history buffer as 4 x 12
05-10 12:58:05.429 [INFO] [robojudo.pipeline.rl_pipeline] Pipeline reset
05-10 12:58:05.429 [DEBUG] [robojudo.policy.base_policy] Initializing history buffer as 4 x 12
05-10 12:58:13.050 [DEBUG] [robojudo] ========== robojudo-1.5.0 init done ==========

05-10 12:58:13.052 [INFO] [robojudo.pipeline.base_pipeline] Using device: cpu
05-10 12:58:13.056 [INFO] [robojudo.utils.rotation] base set to pos: [0. 0. 0.], quat: [0. 0. 0. 1.]
05-10 12:58:13.621 [DEBUG] [robojudo.policy.asap_policy] Loading mimic policy '20250109_231507-noDR_rand_history_loco_stand_height_noise-decoupled_locomotion-g1_29dof' from /home/luis/palingenesys/asimovbm/g1_slam/third_party/RoboJuDo/assets/models/g1/asap/dec_loco/20250109_231507-noDR_rand_history_loco_stand_height_noise-decoupled_locomotion-g1_29dof/model_6600.onnx
05-10 12:58:13.630 [DEBUG] [robojudo.policy.base_policy] Initializing history buffer as 4 x 12
05-10 12:58:13.631 [DEBUG] [robojudo.tools.dof] [DoF] override default_pos with [-0.1, 0.0, 0.0, 0.3, -0.2, 0.0, -0.1, 0.0, 0.0, 0.3, -0.2, 0.0, 0.0, 0.0, 0.0, 0.0, 0.0, 0.0, 0.0, 0.0, 0.0, 0.0, 0.0, 0.0, 0.0, 0.0, 0.0, 0.0, 0.0]
05-10 12:58:13.631 [DEBUG] [robojudo.tools.dof] [DoF] override stiffness with [100, 100, 100, 200, 20, 20, 100, 100, 100, 200, 20, 20, 200, 200, 200, 40, 40, 40, 40, 20, 20, 20, 40, 40, 40, 40, 20, 20, 20]
05-10 12:58:13.631 [DEBUG] [robojudo.tools.dof] [DoF] override damping with [2.5, 2.5, 2.5, 5.0, 0.2, 0.1, 2.5, 2.5, 2.5, 5.0, 0.2, 0.1, 6.0, 6.0, 6.0, 2.0, 2.0, 2.0, 2.0, 2.0, 2.0, 2.0, 2.0, 2.0, 2.0, 2.0, 2.0, 2.0, 2.0]
05-10 12:58:13.631 [DEBUG] [robojudo.tools.dof] [DoF] override torque_limits with [88.0, 88.0, 88.0, 139.0, 50.0, 50.0, 88.0, 88.0, 88.0, 139.0, 50.0, 50.0, 200.0, 200.0, 200.0, 40.0, 40.0, 18.0, 18.0, 10.0, 10.0, 10.0, 40.0, 40.0, 18.0, 18.0, 10.0, 10.0, 10.0]
05-10 12:58:13.631 [DEBUG] [robojudo.tools.dof] [DoF] override position_limits with [[-2.5307, 2.8798], [-0.5236, 2.9671], [-2.7576, 2.7576], [-0.087267, 2.8798], [-0.87267, 0.5236], [-0.2618, 0.2618], [-2.5307, 2.8798], [-2.9671, 0.5236], [-2.7576, 2.7576], [-0.087267, 2.8798], [-0.87267, 0.5236], [-0.2618, 0.2618], [-2.618, 2.618], [-0.52, 0.52], [-0.52, 0.52], [-3.0892, 2.6704], [-1.5882, 2.2515], [-2.618, 2.618], [-1.0472, 2.0944], [-1.972222054, 1.972222054], [-1.614429558, 1.614429558], [-1.614429558, 1.614429558], [-3.0892, 2.6704], [-2.2515, 1.5882], [-2.618, 2.618], [-1.0472, 2.0944], [-1.972222054, 1.972222054], [-1.614429558, 1.614429558], [-1.614429558, 1.614429558]]
05-10 12:58:13.643 [INFO] [robojudo.pipeline.rl_pipeline] Pipeline reset
05-10 12:58:13.643 [DEBUG] [robojudo.policy.base_policy] Initializing history buffer as 4 x 12
05-10 12:58:13.644 [INFO] [robojudo.pipeline.rl_pipeline] Pipeline reset
05-10 12:58:13.644 [DEBUG] [robojudo.policy.base_policy] Initializing history buffer as 4 x 12
05-10 12:58:24.261 [DEBUG] [robojudo] ========== robojudo-1.5.0 init done ==========

05-10 12:58:24.264 [INFO] [robojudo.pipeline.base_pipeline] Using device: cpu
05-10 12:58:24.270 [INFO] [robojudo.utils.rotation] base set to pos: [0. 0. 0.], quat: [0. 0. 0. 1.]
05-10 12:58:24.858 [DEBUG] [robojudo.policy.asap_policy] Loading mimic policy '20250109_231507-noDR_rand_history_loco_stand_height_noise-decoupled_locomotion-g1_29dof' from /home/luis/palingenesys/asimovbm/g1_slam/third_party/RoboJuDo/assets/models/g1/asap/dec_loco/20250109_231507-noDR_rand_history_loco_stand_height_noise-decoupled_locomotion-g1_29dof/model_6600.onnx
05-10 12:58:24.865 [DEBUG] [robojudo.policy.base_policy] Initializing history buffer as 4 x 12
05-10 12:58:24.865 [DEBUG] [robojudo.tools.dof] [DoF] override default_pos with [-0.1, 0.0, 0.0, 0.3, -0.2, 0.0, -0.1, 0.0, 0.0, 0.3, -0.2, 0.0, 0.0, 0.0, 0.0, 0.0, 0.0, 0.0, 0.0, 0.0, 0.0, 0.0, 0.0, 0.0, 0.0, 0.0, 0.0, 0.0, 0.0]
05-10 12:58:24.865 [DEBUG] [robojudo.tools.dof] [DoF] override stiffness with [100, 100, 100, 200, 20, 20, 100, 100, 100, 200, 20, 20, 200, 200, 200, 40, 40, 40, 40, 20, 20, 20, 40, 40, 40, 40, 20, 20, 20]
05-10 12:58:24.866 [DEBUG] [robojudo.tools.dof] [DoF] override damping with [2.5, 2.5, 2.5, 5.0, 0.2, 0.1, 2.5, 2.5, 2.5, 5.0, 0.2, 0.1, 6.0, 6.0, 6.0, 2.0, 2.0, 2.0, 2.0, 2.0, 2.0, 2.0, 2.0, 2.0, 2.0, 2.0, 2.0, 2.0, 2.0]
05-10 12:58:24.866 [DEBUG] [robojudo.tools.dof] [DoF] override torque_limits with [88.0, 88.0, 88.0, 139.0, 50.0, 50.0, 88.0, 88.0, 88.0, 139.0, 50.0, 50.0, 200.0, 200.0, 200.0, 40.0, 40.0, 18.0, 18.0, 10.0, 10.0, 10.0, 40.0, 40.0, 18.0, 18.0, 10.0, 10.0, 10.0]
05-10 12:58:24.866 [DEBUG] [robojudo.tools.dof] [DoF] override position_limits with [[-2.5307, 2.8798], [-0.5236, 2.9671], [-2.7576, 2.7576], [-0.087267, 2.8798], [-0.87267, 0.5236], [-0.2618, 0.2618], [-2.5307, 2.8798], [-2.9671, 0.5236], [-2.7576, 2.7576], [-0.087267, 2.8798], [-0.87267, 0.5236], [-0.2618, 0.2618], [-2.618, 2.618], [-0.52, 0.52], [-0.52, 0.52], [-3.0892, 2.6704], [-1.5882, 2.2515], [-2.618, 2.618], [-1.0472, 2.0944], [-1.972222054, 1.972222054], [-1.614429558, 1.614429558], [-1.614429558, 1.614429558], [-3.0892, 2.6704], [-2.2515, 1.5882], [-2.618, 2.618], [-1.0472, 2.0944], [-1.972222054, 1.972222054], [-1.614429558, 1.614429558], [-1.614429558, 1.614429558]]
05-10 12:58:24.874 [INFO] [robojudo.pipeline.rl_pipeline] Pipeline reset
05-10 12:58:24.874 [DEBUG] [robojudo.policy.base_policy] Initializing history buffer as 4 x 12
05-10 12:58:24.875 [INFO] [robojudo.pipeline.rl_pipeline] Pipeline reset
05-10 12:58:24.875 [DEBUG] [robojudo.policy.base_policy] Initializing history buffer as 4 x 12
05-10 12:58:32.776 [DEBUG] [robojudo] ========== robojudo-1.5.0 init done ==========

05-10 12:58:32.778 [INFO] [robojudo.pipeline.base_pipeline] Using device: cpu
05-10 12:58:32.782 [INFO] [robojudo.utils.rotation] base set to pos: [0. 0. 0.], quat: [0. 0. 0. 1.]
05-10 12:58:33.359 [DEBUG] [robojudo.policy.asap_policy] Loading mimic policy '20250109_231507-noDR_rand_history_loco_stand_height_noise-decoupled_locomotion-g1_29dof' from /home/luis/palingenesys/asimovbm/g1_slam/third_party/RoboJuDo/assets/models/g1/asap/dec_loco/20250109_231507-noDR_rand_history_loco_stand_height_noise-decoupled_locomotion-g1_29dof/model_6600.onnx
05-10 12:58:33.372 [DEBUG] [robojudo.policy.base_policy] Initializing history buffer as 4 x 12
05-10 12:58:33.373 [DEBUG] [robojudo.tools.dof] [DoF] override default_pos with [-0.1, 0.0, 0.0, 0.3, -0.2, 0.0, -0.1, 0.0, 0.0, 0.3, -0.2, 0.0, 0.0, 0.0, 0.0, 0.0, 0.0, 0.0, 0.0, 0.0, 0.0, 0.0, 0.0, 0.0, 0.0, 0.0, 0.0, 0.0, 0.0]
05-10 12:58:33.373 [DEBUG] [robojudo.tools.dof] [DoF] override stiffness with [100, 100, 100, 200, 20, 20, 100, 100, 100, 200, 20, 20, 200, 200, 200, 40, 40, 40, 40, 20, 20, 20, 40, 40, 40, 40, 20, 20, 20]
05-10 12:58:33.373 [DEBUG] [robojudo.tools.dof] [DoF] override damping with [2.5, 2.5, 2.5, 5.0, 0.2, 0.1, 2.5, 2.5, 2.5, 5.0, 0.2, 0.1, 6.0, 6.0, 6.0, 2.0, 2.0, 2.0, 2.0, 2.0, 2.0, 2.0, 2.0, 2.0, 2.0, 2.0, 2.0, 2.0, 2.0]
05-10 12:58:33.373 [DEBUG] [robojudo.tools.dof] [DoF] override torque_limits with [88.0, 88.0, 88.0, 139.0, 50.0, 50.0, 88.0, 88.0, 88.0, 139.0, 50.0, 50.0, 200.0, 200.0, 200.0, 40.0, 40.0, 18.0, 18.0, 10.0, 10.0, 10.0, 40.0, 40.0, 18.0, 18.0, 10.0, 10.0, 10.0]
05-10 12:58:33.373 [DEBUG] [robojudo.tools.dof] [DoF] override position_limits with [[-2.5307, 2.8798], [-0.5236, 2.9671], [-2.7576, 2.7576], [-0.087267, 2.8798], [-0.87267, 0.5236], [-0.2618, 0.2618], [-2.5307, 2.8798], [-2.9671, 0.5236], [-2.7576, 2.7576], [-0.087267, 2.8798], [-0.87267, 0.5236], [-0.2618, 0.2618], [-2.618, 2.618], [-0.52, 0.52], [-0.52, 0.52], [-3.0892, 2.6704], [-1.5882, 2.2515], [-2.618, 2.618], [-1.0472, 2.0944], [-1.972222054, 1.972222054], [-1.614429558, 1.614429558], [-1.614429558, 1.614429558], [-3.0892, 2.6704], [-2.2515, 1.5882], [-2.618, 2.618], [-1.0472, 2.0944], [-1.972222054, 1.972222054], [-1.614429558, 1.614429558], [-1.614429558, 1.614429558]]
05-10 12:58:33.381 [INFO] [robojudo.pipeline.rl_pipeline] Pipeline reset
05-10 12:58:33.381 [DEBUG] [robojudo.policy.base_policy] Initializing history buffer as 4 x 12
05-10 12:58:33.382 [INFO] [robojudo.pipeline.rl_pipeline] Pipeline reset
05-10 12:58:33.382 [DEBUG] [robojudo.policy.base_policy] Initializing history buffer as 4 x 12
05-12 00:56:41.931 [DEBUG] [robojudo] ========== robojudo-1.5.0 init done ==========

05-12 00:56:41.935 [INFO] [robojudo.pipeline.base_pipeline] Using device: cpu
05-12 00:56:41.943 [INFO] [robojudo.utils.rotation] base set to pos: [0. 0. 0.], quat: [0. 0. 0. 1.]
05-12 00:56:42.541 [DEBUG] [robojudo.policy.asap_policy] Loading mimic policy '20250109_231507-noDR_rand_history_loco_stand_height_noise-decoupled_locomotion-g1_29dof' from /home/luis/palingenesys/asimovbm/g1_slam/third_party/RoboJuDo/assets/models/g1/asap/dec_loco/20250109_231507-noDR_rand_history_loco_stand_height_noise-decoupled_locomotion-g1_29dof/model_6600.onnx
05-12 00:56:42.548 [DEBUG] [robojudo.policy.base_policy] Initializing history buffer as 4 x 12
05-12 00:56:42.549 [DEBUG] [robojudo.tools.dof] [DoF] override default_pos with [-0.1, 0.0, 0.0, 0.3, -0.2, 0.0, -0.1, 0.0, 0.0, 0.3, -0.2, 0.0, 0.0, 0.0, 0.0, 0.0, 0.0, 0.0, 0.0, 0.0, 0.0, 0.0, 0.0, 0.0, 0.0, 0.0, 0.0, 0.0, 0.0]
05-12 00:56:42.549 [DEBUG] [robojudo.tools.dof] [DoF] override stiffness with [100, 100, 100, 200, 20, 20, 100, 100, 100, 200, 20, 20, 200, 200, 200, 40, 40, 40, 40, 20, 20, 20, 40, 40, 40, 40, 20, 20, 20]
05-12 00:56:42.549 [DEBUG] [robojudo.tools.dof] [DoF] override damping with [2.5, 2.5, 2.5, 5.0, 0.2, 0.1, 2.5, 2.5, 2.5, 5.0, 0.2, 0.1, 6.0, 6.0, 6.0, 2.0, 2.0, 2.0, 2.0, 2.0, 2.0, 2.0, 2.0, 2.0, 2.0, 2.0, 2.0, 2.0, 2.0]
05-12 00:56:42.549 [DEBUG] [robojudo.tools.dof] [DoF] override torque_limits with [88.0, 88.0, 88.0, 139.0, 50.0, 50.0, 88.0, 88.0, 88.0, 139.0, 50.0, 50.0, 200.0, 200.0, 200.0, 40.0, 40.0, 18.0, 18.0, 10.0, 10.0, 10.0, 40.0, 40.0, 18.0, 18.0, 10.0, 10.0, 10.0]
05-12 00:56:42.549 [DEBUG] [robojudo.tools.dof] [DoF] override position_limits with [[-2.5307, 2.8798], [-0.5236, 2.9671], [-2.7576, 2.7576], [-0.087267, 2.8798], [-0.87267, 0.5236], [-0.2618, 0.2618], [-2.5307, 2.8798], [-2.9671, 0.5236], [-2.7576, 2.7576], [-0.087267, 2.8798], [-0.87267, 0.5236], [-0.2618, 0.2618], [-2.618, 2.618], [-0.52, 0.52], [-0.52, 0.52], [-3.0892, 2.6704], [-1.5882, 2.2515], [-2.618, 2.618], [-1.0472, 2.0944], [-1.972222054, 1.972222054], [-1.614429558, 1.614429558], [-1.614429558, 1.614429558], [-3.0892, 2.6704], [-2.2515, 1.5882], [-2.618, 2.618], [-1.0472, 2.0944], [-1.972222054, 1.972222054], [-1.614429558, 1.614429558], [-1.614429558, 1.614429558]]
05-12 00:56:42.558 [INFO] [robojudo.pipeline.rl_pipeline] Pipeline reset
05-12 00:56:42.558 [DEBUG] [robojudo.policy.base_policy] Initializing history buffer as 4 x 12
05-12 00:56:42.558 [INFO] [robojudo.pipeline.rl_pipeline] Pipeline reset
05-12 00:56:42.559 [DEBUG] [robojudo.policy.base_policy] Initializing history buffer as 4 x 12
05-12 19:52:03.155 [DEBUG] [robojudo] ========== robojudo-1.5.0 init done ==========

05-12 19:52:03.159 [INFO] [robojudo.pipeline.base_pipeline] Using device: cpu
05-12 19:52:03.167 [INFO] [robojudo.utils.rotation] base set to pos: [0. 0. 0.], quat: [0. 0. 0. 1.]
05-12 19:52:03.780 [DEBUG] [robojudo.policy.asap_policy] Loading mimic policy '20250109_231507-noDR_rand_history_loco_stand_height_noise-decoupled_locomotion-g1_29dof' from /home/luis/palingenesys/asimovbm/g1_slam/third_party/RoboJuDo/assets/models/g1/asap/dec_loco/20250109_231507-noDR_rand_history_loco_stand_height_noise-decoupled_locomotion-g1_29dof/model_6600.onnx
05-12 19:52:03.807 [DEBUG] [robojudo.policy.base_policy] Initializing history buffer as 4 x 12
05-12 19:52:03.807 [DEBUG] [robojudo.tools.dof] [DoF] override default_pos with [-0.1, 0.0, 0.0, 0.3, -0.2, 0.0, -0.1, 0.0, 0.0, 0.3, -0.2, 0.0, 0.0, 0.0, 0.0, 0.0, 0.0, 0.0, 0.0, 0.0, 0.0, 0.0, 0.0, 0.0, 0.0, 0.0, 0.0, 0.0, 0.0]
05-12 19:52:03.807 [DEBUG] [robojudo.tools.dof] [DoF] override stiffness with [100, 100, 100, 200, 20, 20, 100, 100, 100, 200, 20, 20, 200, 200, 200, 40, 40, 40, 40, 20, 20, 20, 40, 40, 40, 40, 20, 20, 20]
05-12 19:52:03.807 [DEBUG] [robojudo.tools.dof] [DoF] override damping with [2.5, 2.5, 2.5, 5.0, 0.2, 0.1, 2.5, 2.5, 2.5, 5.0, 0.2, 0.1, 6.0, 6.0, 6.0, 2.0, 2.0, 2.0, 2.0, 2.0, 2.0, 2.0, 2.0, 2.0, 2.0, 2.0, 2.0, 2.0, 2.0]
05-12 19:52:03.807 [DEBUG] [robojudo.tools.dof] [DoF] override torque_limits with [88.0, 88.0, 88.0, 139.0, 50.0, 50.0, 88.0, 88.0, 88.0, 139.0, 50.0, 50.0, 200.0, 200.0, 200.0, 40.0, 40.0, 18.0, 18.0, 10.0, 10.0, 10.0, 40.0, 40.0, 18.0, 18.0, 10.0, 10.0, 10.0]
05-12 19:52:03.807 [DEBUG] [robojudo.tools.dof] [DoF] override position_limits with [[-2.5307, 2.8798], [-0.5236, 2.9671], [-2.7576, 2.7576], [-0.087267, 2.8798], [-0.87267, 0.5236], [-0.2618, 0.2618], [-2.5307, 2.8798], [-2.9671, 0.5236], [-2.7576, 2.7576], [-0.087267, 2.8798], [-0.87267, 0.5236], [-0.2618, 0.2618], [-2.618, 2.618], [-0.52, 0.52], [-0.52, 0.52], [-3.0892, 2.6704], [-1.5882, 2.2515], [-2.618, 2.618], [-1.0472, 2.0944], [-1.972222054, 1.972222054], [-1.614429558, 1.614429558], [-1.614429558, 1.614429558], [-3.0892, 2.6704], [-2.2515, 1.5882], [-2.618, 2.618], [-1.0472, 2.0944], [-1.972222054, 1.972222054], [-1.614429558, 1.614429558], [-1.614429558, 1.614429558]]
05-12 19:52:03.818 [INFO] [robojudo.pipeline.rl_pipeline] Pipeline reset
05-12 19:52:03.818 [DEBUG] [robojudo.policy.base_policy] Initializing history buffer as 4 x 12
05-12 19:52:03.819 [INFO] [robojudo.pipeline.rl_pipeline] Pipeline reset
05-12 19:52:03.819 [DEBUG] [robojudo.policy.base_policy] Initializing history buffer as 4 x 12
05-12 19:52:23.897 [DEBUG] [robojudo] ========== robojudo-1.5.0 init done ==========

05-12 19:52:23.899 [INFO] [robojudo.pipeline.base_pipeline] Using device: cpu
05-12 19:52:23.903 [INFO] [robojudo.utils.rotation] base set to pos: [0. 0. 0.], quat: [0. 0. 0. 1.]
05-12 19:52:24.462 [DEBUG] [robojudo.policy.asap_policy] Loading mimic policy '20250109_231507-noDR_rand_history_loco_stand_height_noise-decoupled_locomotion-g1_29dof' from /home/luis/palingenesys/asimovbm/g1_slam/third_party/RoboJuDo/assets/models/g1/asap/dec_loco/20250109_231507-noDR_rand_history_loco_stand_height_noise-decoupled_locomotion-g1_29dof/model_6600.onnx
05-12 19:52:24.470 [DEBUG] [robojudo.policy.base_policy] Initializing history buffer as 4 x 12
05-12 19:52:24.470 [DEBUG] [robojudo.tools.dof] [DoF] override default_pos with [-0.1, 0.0, 0.0, 0.3, -0.2, 0.0, -0.1, 0.0, 0.0, 0.3, -0.2, 0.0, 0.0, 0.0, 0.0, 0.0, 0.0, 0.0, 0.0, 0.0, 0.0, 0.0, 0.0, 0.0, 0.0, 0.0, 0.0, 0.0, 0.0]
05-12 19:52:24.470 [DEBUG] [robojudo.tools.dof] [DoF] override stiffness with [100, 100, 100, 200, 20, 20, 100, 100, 100, 200, 20, 20, 200, 200, 200, 40, 40, 40, 40, 20, 20, 20, 40, 40, 40, 40, 20, 20, 20]
05-12 19:52:24.470 [DEBUG] [robojudo.tools.dof] [DoF] override damping with [2.5, 2.5, 2.5, 5.0, 0.2, 0.1, 2.5, 2.5, 2.5, 5.0, 0.2, 0.1, 6.0, 6.0, 6.0, 2.0, 2.0, 2.0, 2.0, 2.0, 2.0, 2.0, 2.0, 2.0, 2.0, 2.0, 2.0, 2.0, 2.0]
05-12 19:52:24.470 [DEBUG] [robojudo.tools.dof] [DoF] override torque_limits with [88.0, 88.0, 88.0, 139.0, 50.0, 50.0, 88.0, 88.0, 88.0, 139.0, 50.0, 50.0, 200.0, 200.0, 200.0, 40.0, 40.0, 18.0, 18.0, 10.0, 10.0, 10.0, 40.0, 40.0, 18.0, 18.0, 10.0, 10.0, 10.0]
05-12 19:52:24.471 [DEBUG] [robojudo.tools.dof] [DoF] override position_limits with [[-2.5307, 2.8798], [-0.5236, 2.9671], [-2.7576, 2.7576], [-0.087267, 2.8798], [-0.87267, 0.5236], [-0.2618, 0.2618], [-2.5307, 2.8798], [-2.9671, 0.5236], [-2.7576, 2.7576], [-0.087267, 2.8798], [-0.87267, 0.5236], [-0.2618, 0.2618], [-2.618, 2.618], [-0.52, 0.52], [-0.52, 0.52], [-3.0892, 2.6704], [-1.5882, 2.2515], [-2.618, 2.618], [-1.0472, 2.0944], [-1.972222054, 1.972222054], [-1.614429558, 1.614429558], [-1.614429558, 1.614429558], [-3.0892, 2.6704], [-2.2515, 1.5882], [-2.618, 2.618], [-1.0472, 2.0944], [-1.972222054, 1.972222054], [-1.614429558, 1.614429558], [-1.614429558, 1.614429558]]
05-12 19:52:24.479 [INFO] [robojudo.pipeline.rl_pipeline] Pipeline reset
05-12 19:52:24.479 [DEBUG] [robojudo.policy.base_policy] Initializing history buffer as 4 x 12
05-12 19:52:24.479 [INFO] [robojudo.pipeline.rl_pipeline] Pipeline reset
05-12 19:52:24.479 [DEBUG] [robojudo.policy.base_policy] Initializing history buffer as 4 x 12
05-12 19:54:04.378 [DEBUG] [robojudo] ========== robojudo-1.5.0 init done ==========

05-12 19:54:04.379 [INFO] [robojudo.pipeline.base_pipeline] Using device: cpu
05-12 19:54:04.384 [INFO] [robojudo.utils.rotation] base set to pos: [0. 0. 0.], quat: [0. 0. 0. 1.]
05-12 19:54:04.995 [DEBUG] [robojudo.policy.asap_policy] Loading mimic policy '20250109_231507-noDR_rand_history_loco_stand_height_noise-decoupled_locomotion-g1_29dof' from /home/luis/palingenesys/asimovbm/g1_slam/third_party/RoboJuDo/assets/models/g1/asap/dec_loco/20250109_231507-noDR_rand_history_loco_stand_height_noise-decoupled_locomotion-g1_29dof/model_6600.onnx
05-12 19:54:05.003 [DEBUG] [robojudo.policy.base_policy] Initializing history buffer as 4 x 12
05-12 19:54:05.003 [DEBUG] [robojudo.tools.dof] [DoF] override default_pos with [-0.1, 0.0, 0.0, 0.3, -0.2, 0.0, -0.1, 0.0, 0.0, 0.3, -0.2, 0.0, 0.0, 0.0, 0.0, 0.0, 0.0, 0.0, 0.0, 0.0, 0.0, 0.0, 0.0, 0.0, 0.0, 0.0, 0.0, 0.0, 0.0]
05-12 19:54:05.004 [DEBUG] [robojudo.tools.dof] [DoF] override stiffness with [100, 100, 100, 200, 20, 20, 100, 100, 100, 200, 20, 20, 200, 200, 200, 40, 40, 40, 40, 20, 20, 20, 40, 40, 40, 40, 20, 20, 20]
05-12 19:54:05.004 [DEBUG] [robojudo.tools.dof] [DoF] override damping with [2.5, 2.5, 2.5, 5.0, 0.2, 0.1, 2.5, 2.5, 2.5, 5.0, 0.2, 0.1, 6.0, 6.0, 6.0, 2.0, 2.0, 2.0, 2.0, 2.0, 2.0, 2.0, 2.0, 2.0, 2.0, 2.0, 2.0, 2.0, 2.0]
05-12 19:54:05.004 [DEBUG] [robojudo.tools.dof] [DoF] override torque_limits with [88.0, 88.0, 88.0, 139.0, 50.0, 50.0, 88.0, 88.0, 88.0, 139.0, 50.0, 50.0, 200.0, 200.0, 200.0, 40.0, 40.0, 18.0, 18.0, 10.0, 10.0, 10.0, 40.0, 40.0, 18.0, 18.0, 10.0, 10.0, 10.0]
05-12 19:54:05.004 [DEBUG] [robojudo.tools.dof] [DoF] override position_limits with [[-2.5307, 2.8798], [-0.5236, 2.9671], [-2.7576, 2.7576], [-0.087267, 2.8798], [-0.87267, 0.5236], [-0.2618, 0.2618], [-2.5307, 2.8798], [-2.9671, 0.5236], [-2.7576, 2.7576], [-0.087267, 2.8798], [-0.87267, 0.5236], [-0.2618, 0.2618], [-2.618, 2.618], [-0.52, 0.52], [-0.52, 0.52], [-3.0892, 2.6704], [-1.5882, 2.2515], [-2.618, 2.618], [-1.0472, 2.0944], [-1.972222054, 1.972222054], [-1.614429558, 1.614429558], [-1.614429558, 1.614429558], [-3.0892, 2.6704], [-2.2515, 1.5882], [-2.618, 2.618], [-1.0472, 2.0944], [-1.972222054, 1.972222054], [-1.614429558, 1.614429558], [-1.614429558, 1.614429558]]
05-12 19:54:05.017 [INFO] [robojudo.pipeline.rl_pipeline] Pipeline reset
05-12 19:54:05.018 [DEBUG] [robojudo.policy.base_policy] Initializing history buffer as 4 x 12
05-12 19:54:05.018 [INFO] [robojudo.pipeline.rl_pipeline] Pipeline reset
05-12 19:54:05.018 [DEBUG] [robojudo.policy.base_policy] Initializing history buffer as 4 x 12
05-12 18:16:30.402 [DEBUG] [robojudo] ========== robojudo-1.5.0 init done ==========

05-12 18:16:30.404 [INFO] [robojudo.pipeline.base_pipeline] Using device: cpu
05-12 18:16:30.410 [INFO] [robojudo.utils.rotation] base set to pos: [0. 0. 0.], quat: [0. 0. 0. 1.]
05-12 18:16:31.174 [DEBUG] [robojudo.policy.asap_policy] Loading mimic policy '20250109_231507-noDR_rand_history_loco_stand_height_noise-decoupled_locomotion-g1_29dof' from /home/luis/palingenesys/asimovbm/g1_slam/third_party/RoboJuDo/assets/models/g1/asap/dec_loco/20250109_231507-noDR_rand_history_loco_stand_height_noise-decoupled_locomotion-g1_29dof/model_6600.onnx
05-12 18:16:31.182 [DEBUG] [robojudo.policy.base_policy] Initializing history buffer as 4 x 12
05-12 18:16:31.182 [DEBUG] [robojudo.tools.dof] [DoF] override default_pos with [-0.1, 0.0, 0.0, 0.3, -0.2, 0.0, -0.1, 0.0, 0.0, 0.3, -0.2, 0.0, 0.0, 0.0, 0.0, 0.0, 0.0, 0.0, 0.0, 0.0, 0.0, 0.0, 0.0, 0.0, 0.0, 0.0, 0.0, 0.0, 0.0]
05-12 18:16:31.182 [DEBUG] [robojudo.tools.dof] [DoF] override stiffness with [100, 100, 100, 200, 20, 20, 100, 100, 100, 200, 20, 20, 200, 200, 200, 40, 40, 40, 40, 20, 20, 20, 40, 40, 40, 40, 20, 20, 20]
05-12 18:16:31.182 [DEBUG] [robojudo.tools.dof] [DoF] override damping with [2.5, 2.5, 2.5, 5.0, 0.2, 0.1, 2.5, 2.5, 2.5, 5.0, 0.2, 0.1, 6.0, 6.0, 6.0, 2.0, 2.0, 2.0, 2.0, 2.0, 2.0, 2.0, 2.0, 2.0, 2.0, 2.0, 2.0, 2.0, 2.0]
05-12 18:16:31.182 [DEBUG] [robojudo.tools.dof] [DoF] override torque_limits with [88.0, 88.0, 88.0, 139.0, 50.0, 50.0, 88.0, 88.0, 88.0, 139.0, 50.0, 50.0, 200.0, 200.0, 200.0, 40.0, 40.0, 18.0, 18.0, 10.0, 10.0, 10.0, 40.0, 40.0, 18.0, 18.0, 10.0, 10.0, 10.0]
05-12 18:16:31.183 [DEBUG] [robojudo.tools.dof] [DoF] override position_limits with [[-2.5307, 2.8798], [-0.5236, 2.9671], [-2.7576, 2.7576], [-0.087267, 2.8798], [-0.87267, 0.5236], [-0.2618, 0.2618], [-2.5307, 2.8798], [-2.9671, 0.5236], [-2.7576, 2.7576], [-0.087267, 2.8798], [-0.87267, 0.5236], [-0.2618, 0.2618], [-2.618, 2.618], [-0.52, 0.52], [-0.52, 0.52], [-3.0892, 2.6704], [-1.5882, 2.2515], [-2.618, 2.618], [-1.0472, 2.0944], [-1.972222054, 1.972222054], [-1.614429558, 1.614429558], [-1.614429558, 1.614429558], [-3.0892, 2.6704], [-2.2515, 1.5882], [-2.618, 2.618], [-1.0472, 2.0944], [-1.972222054, 1.972222054], [-1.614429558, 1.614429558], [-1.614429558, 1.614429558]]
05-12 18:16:31.191 [INFO] [robojudo.pipeline.rl_pipeline] Pipeline reset
05-12 18:16:31.191 [DEBUG] [robojudo.policy.base_policy] Initializing history buffer as 4 x 12
05-12 18:16:31.191 [INFO] [robojudo.pipeline.rl_pipeline] Pipeline reset
05-12 18:16:31.191 [DEBUG] [robojudo.policy.base_policy] Initializing history buffer as 4 x 12
05-12 18:17:59.653 [DEBUG] [robojudo] ========== robojudo-1.5.0 init done ==========

05-12 18:17:59.655 [INFO] [robojudo.pipeline.base_pipeline] Using device: cpu
05-12 18:17:59.660 [INFO] [robojudo.utils.rotation] base set to pos: [0. 0. 0.], quat: [0. 0. 0. 1.]
05-12 18:18:00.412 [DEBUG] [robojudo.policy.asap_policy] Loading mimic policy '20250109_231507-noDR_rand_history_loco_stand_height_noise-decoupled_locomotion-g1_29dof' from /home/luis/palingenesys/asimovbm/g1_slam/third_party/RoboJuDo/assets/models/g1/asap/dec_loco/20250109_231507-noDR_rand_history_loco_stand_height_noise-decoupled_locomotion-g1_29dof/model_6600.onnx
05-12 18:18:00.418 [DEBUG] [robojudo.policy.base_policy] Initializing history buffer as 4 x 12
05-12 18:18:00.419 [DEBUG] [robojudo.tools.dof] [DoF] override default_pos with [-0.1, 0.0, 0.0, 0.3, -0.2, 0.0, -0.1, 0.0, 0.0, 0.3, -0.2, 0.0, 0.0, 0.0, 0.0, 0.0, 0.0, 0.0, 0.0, 0.0, 0.0, 0.0, 0.0, 0.0, 0.0, 0.0, 0.0, 0.0, 0.0]
05-12 18:18:00.419 [DEBUG] [robojudo.tools.dof] [DoF] override stiffness with [100, 100, 100, 200, 20, 20, 100, 100, 100, 200, 20, 20, 200, 200, 200, 40, 40, 40, 40, 20, 20, 20, 40, 40, 40, 40, 20, 20, 20]
05-12 18:18:00.419 [DEBUG] [robojudo.tools.dof] [DoF] override damping with [2.5, 2.5, 2.5, 5.0, 0.2, 0.1, 2.5, 2.5, 2.5, 5.0, 0.2, 0.1, 6.0, 6.0, 6.0, 2.0, 2.0, 2.0, 2.0, 2.0, 2.0, 2.0, 2.0, 2.0, 2.0, 2.0, 2.0, 2.0, 2.0]
05-12 18:18:00.419 [DEBUG] [robojudo.tools.dof] [DoF] override torque_limits with [88.0, 88.0, 88.0, 139.0, 50.0, 50.0, 88.0, 88.0, 88.0, 139.0, 50.0, 50.0, 200.0, 200.0, 200.0, 40.0, 40.0, 18.0, 18.0, 10.0, 10.0, 10.0, 40.0, 40.0, 18.0, 18.0, 10.0, 10.0, 10.0]
05-12 18:18:00.419 [DEBUG] [robojudo.tools.dof] [DoF] override position_limits with [[-2.5307, 2.8798], [-0.5236, 2.9671], [-2.7576, 2.7576], [-0.087267, 2.8798], [-0.87267, 0.5236], [-0.2618, 0.2618], [-2.5307, 2.8798], [-2.9671, 0.5236], [-2.7576, 2.7576], [-0.087267, 2.8798], [-0.87267, 0.5236], [-0.2618, 0.2618], [-2.618, 2.618], [-0.52, 0.52], [-0.52, 0.52], [-3.0892, 2.6704], [-1.5882, 2.2515], [-2.618, 2.618], [-1.0472, 2.0944], [-1.972222054, 1.972222054], [-1.614429558, 1.614429558], [-1.614429558, 1.614429558], [-3.0892, 2.6704], [-2.2515, 1.5882], [-2.618, 2.618], [-1.0472, 2.0944], [-1.972222054, 1.972222054], [-1.614429558, 1.614429558], [-1.614429558, 1.614429558]]
05-12 18:18:00.427 [INFO] [robojudo.pipeline.rl_pipeline] Pipeline reset
05-12 18:18:00.427 [DEBUG] [robojudo.policy.base_policy] Initializing history buffer as 4 x 12
05-12 18:18:00.427 [INFO] [robojudo.pipeline.rl_pipeline] Pipeline reset
05-12 18:18:00.427 [DEBUG] [robojudo.policy.base_policy] Initializing history buffer as 4 x 12
05-12 18:18:45.538 [DEBUG] [robojudo] ========== robojudo-1.5.0 init done ==========

05-12 18:18:45.540 [INFO] [robojudo.pipeline.base_pipeline] Using device: cpu
05-12 18:18:45.545 [INFO] [robojudo.utils.rotation] base set to pos: [0. 0. 0.], quat: [0. 0. 0. 1.]
05-12 18:18:46.320 [DEBUG] [robojudo.policy.asap_policy] Loading mimic policy '20250109_231507-noDR_rand_history_loco_stand_height_noise-decoupled_locomotion-g1_29dof' from /home/luis/palingenesys/asimovbm/g1_slam/third_party/RoboJuDo/assets/models/g1/asap/dec_loco/20250109_231507-noDR_rand_history_loco_stand_height_noise-decoupled_locomotion-g1_29dof/model_6600.onnx
05-12 18:18:46.328 [DEBUG] [robojudo.policy.base_policy] Initializing history buffer as 4 x 12
05-12 18:18:46.328 [DEBUG] [robojudo.tools.dof] [DoF] override default_pos with [-0.1, 0.0, 0.0, 0.3, -0.2, 0.0, -0.1, 0.0, 0.0, 0.3, -0.2, 0.0, 0.0, 0.0, 0.0, 0.0, 0.0, 0.0, 0.0, 0.0, 0.0, 0.0, 0.0, 0.0, 0.0, 0.0, 0.0, 0.0, 0.0]
05-12 18:18:46.328 [DEBUG] [robojudo.tools.dof] [DoF] override stiffness with [100, 100, 100, 200, 20, 20, 100, 100, 100, 200, 20, 20, 200, 200, 200, 40, 40, 40, 40, 20, 20, 20, 40, 40, 40, 40, 20, 20, 20]
05-12 18:18:46.328 [DEBUG] [robojudo.tools.dof] [DoF] override damping with [2.5, 2.5, 2.5, 5.0, 0.2, 0.1, 2.5, 2.5, 2.5, 5.0, 0.2, 0.1, 6.0, 6.0, 6.0, 2.0, 2.0, 2.0, 2.0, 2.0, 2.0, 2.0, 2.0, 2.0, 2.0, 2.0, 2.0, 2.0, 2.0]
05-12 18:18:46.328 [DEBUG] [robojudo.tools.dof] [DoF] override torque_limits with [88.0, 88.0, 88.0, 139.0, 50.0, 50.0, 88.0, 88.0, 88.0, 139.0, 50.0, 50.0, 200.0, 200.0, 200.0, 40.0, 40.0, 18.0, 18.0, 10.0, 10.0, 10.0, 40.0, 40.0, 18.0, 18.0, 10.0, 10.0, 10.0]
05-12 18:18:46.329 [DEBUG] [robojudo.tools.dof] [DoF] override position_limits with [[-2.5307, 2.8798], [-0.5236, 2.9671], [-2.7576, 2.7576], [-0.087267, 2.8798], [-0.87267, 0.5236], [-0.2618, 0.2618], [-2.5307, 2.8798], [-2.9671, 0.5236], [-2.7576, 2.7576], [-0.087267, 2.8798], [-0.87267, 0.5236], [-0.2618, 0.2618], [-2.618, 2.618], [-0.52, 0.52], [-0.52, 0.52], [-3.0892, 2.6704], [-1.5882, 2.2515], [-2.618, 2.618], [-1.0472, 2.0944], [-1.972222054, 1.972222054], [-1.614429558, 1.614429558], [-1.614429558, 1.614429558], [-3.0892, 2.6704], [-2.2515, 1.5882], [-2.618, 2.618], [-1.0472, 2.0944], [-1.972222054, 1.972222054], [-1.614429558, 1.614429558], [-1.614429558, 1.614429558]]
05-12 18:18:46.342 [INFO] [robojudo.pipeline.rl_pipeline] Pipeline reset
05-12 18:18:46.342 [DEBUG] [robojudo.policy.base_policy] Initializing history buffer as 4 x 12
05-12 18:18:46.342 [INFO] [robojudo.pipeline.rl_pipeline] Pipeline reset
05-12 18:18:46.342 [DEBUG] [robojudo.policy.base_policy] Initializing history buffer as 4 x 12
05-12 19:15:54.653 [DEBUG] [robojudo] ========== robojudo-1.5.0 init done ==========

05-12 19:15:54.655 [INFO] [robojudo.pipeline.base_pipeline] Using device: cpu
05-12 19:15:54.659 [INFO] [robojudo.utils.rotation] base set to pos: [0. 0. 0.], quat: [0. 0. 0. 1.]
05-12 19:15:55.285 [DEBUG] [robojudo.policy.asap_policy] Loading mimic policy '20250109_231507-noDR_rand_history_loco_stand_height_noise-decoupled_locomotion-g1_29dof' from /home/luis/palingenesys/asimovbm/g1_slam/third_party/RoboJuDo/assets/models/g1/asap/dec_loco/20250109_231507-noDR_rand_history_loco_stand_height_noise-decoupled_locomotion-g1_29dof/model_6600.onnx
05-12 19:15:55.292 [DEBUG] [robojudo.policy.base_policy] Initializing history buffer as 4 x 12
05-12 19:15:55.293 [DEBUG] [robojudo.tools.dof] [DoF] override default_pos with [-0.1, 0.0, 0.0, 0.3, -0.2, 0.0, -0.1, 0.0, 0.0, 0.3, -0.2, 0.0, 0.0, 0.0, 0.0, 0.0, 0.0, 0.0, 0.0, 0.0, 0.0, 0.0, 0.0, 0.0, 0.0, 0.0, 0.0, 0.0, 0.0]
05-12 19:15:55.293 [DEBUG] [robojudo.tools.dof] [DoF] override stiffness with [100, 100, 100, 200, 20, 20, 100, 100, 100, 200, 20, 20, 200, 200, 200, 40, 40, 40, 40, 20, 20, 20, 40, 40, 40, 40, 20, 20, 20]
05-12 19:15:55.293 [DEBUG] [robojudo.tools.dof] [DoF] override damping with [2.5, 2.5, 2.5, 5.0, 0.2, 0.1, 2.5, 2.5, 2.5, 5.0, 0.2, 0.1, 6.0, 6.0, 6.0, 2.0, 2.0, 2.0, 2.0, 2.0, 2.0, 2.0, 2.0, 2.0, 2.0, 2.0, 2.0, 2.0, 2.0]
05-12 19:15:55.293 [DEBUG] [robojudo.tools.dof] [DoF] override torque_limits with [88.0, 88.0, 88.0, 139.0, 50.0, 50.0, 88.0, 88.0, 88.0, 139.0, 50.0, 50.0, 200.0, 200.0, 200.0, 40.0, 40.0, 18.0, 18.0, 10.0, 10.0, 10.0, 40.0, 40.0, 18.0, 18.0, 10.0, 10.0, 10.0]
05-12 19:15:55.293 [DEBUG] [robojudo.tools.dof] [DoF] override position_limits with [[-2.5307, 2.8798], [-0.5236, 2.9671], [-2.7576, 2.7576], [-0.087267, 2.8798], [-0.87267, 0.5236], [-0.2618, 0.2618], [-2.5307, 2.8798], [-2.9671, 0.5236], [-2.7576, 2.7576], [-0.087267, 2.8798], [-0.87267, 0.5236], [-0.2618, 0.2618], [-2.618, 2.618], [-0.52, 0.52], [-0.52, 0.52], [-3.0892, 2.6704], [-1.5882, 2.2515], [-2.618, 2.618], [-1.0472, 2.0944], [-1.972222054, 1.972222054], [-1.614429558, 1.614429558], [-1.614429558, 1.614429558], [-3.0892, 2.6704], [-2.2515, 1.5882], [-2.618, 2.618], [-1.0472, 2.0944], [-1.972222054, 1.972222054], [-1.614429558, 1.614429558], [-1.614429558, 1.614429558]]
05-12 19:15:55.301 [INFO] [robojudo.pipeline.rl_pipeline] Pipeline reset
05-12 19:15:55.301 [DEBUG] [robojudo.policy.base_policy] Initializing history buffer as 4 x 12
05-12 19:15:55.301 [INFO] [robojudo.pipeline.rl_pipeline] Pipeline reset
05-12 19:15:55.301 [DEBUG] [robojudo.policy.base_policy] Initializing history buffer as 4 x 12
05-12 19:16:49.456 [DEBUG] [robojudo] ========== robojudo-1.5.0 init done ==========

05-12 19:16:49.458 [INFO] [robojudo.pipeline.base_pipeline] Using device: cpu
05-12 19:16:49.462 [INFO] [robojudo.utils.rotation] base set to pos: [0. 0. 0.], quat: [0. 0. 0. 1.]
05-12 19:16:50.117 [DEBUG] [robojudo.policy.asap_policy] Loading mimic policy '20250109_231507-noDR_rand_history_loco_stand_height_noise-decoupled_locomotion-g1_29dof' from /home/luis/palingenesys/asimovbm/g1_slam/third_party/RoboJuDo/assets/models/g1/asap/dec_loco/20250109_231507-noDR_rand_history_loco_stand_height_noise-decoupled_locomotion-g1_29dof/model_6600.onnx
05-12 19:16:50.124 [DEBUG] [robojudo.policy.base_policy] Initializing history buffer as 4 x 12
05-12 19:16:50.124 [DEBUG] [robojudo.tools.dof] [DoF] override default_pos with [-0.1, 0.0, 0.0, 0.3, -0.2, 0.0, -0.1, 0.0, 0.0, 0.3, -0.2, 0.0, 0.0, 0.0, 0.0, 0.0, 0.0, 0.0, 0.0, 0.0, 0.0, 0.0, 0.0, 0.0, 0.0, 0.0, 0.0, 0.0, 0.0]
05-12 19:16:50.124 [DEBUG] [robojudo.tools.dof] [DoF] override stiffness with [100, 100, 100, 200, 20, 20, 100, 100, 100, 200, 20, 20, 200, 200, 200, 40, 40, 40, 40, 20, 20, 20, 40, 40, 40, 40, 20, 20, 20]
05-12 19:16:50.124 [DEBUG] [robojudo.tools.dof] [DoF] override damping with [2.5, 2.5, 2.5, 5.0, 0.2, 0.1, 2.5, 2.5, 2.5, 5.0, 0.2, 0.1, 6.0, 6.0, 6.0, 2.0, 2.0, 2.0, 2.0, 2.0, 2.0, 2.0, 2.0, 2.0, 2.0, 2.0, 2.0, 2.0, 2.0]
05-12 19:16:50.124 [DEBUG] [robojudo.tools.dof] [DoF] override torque_limits with [88.0, 88.0, 88.0, 139.0, 50.0, 50.0, 88.0, 88.0, 88.0, 139.0, 50.0, 50.0, 200.0, 200.0, 200.0, 40.0, 40.0, 18.0, 18.0, 10.0, 10.0, 10.0, 40.0, 40.0, 18.0, 18.0, 10.0, 10.0, 10.0]
05-12 19:16:50.124 [DEBUG] [robojudo.tools.dof] [DoF] override position_limits with [[-2.5307, 2.8798], [-0.5236, 2.9671], [-2.7576, 2.7576], [-0.087267, 2.8798], [-0.87267, 0.5236], [-0.2618, 0.2618], [-2.5307, 2.8798], [-2.9671, 0.5236], [-2.7576, 2.7576], [-0.087267, 2.8798], [-0.87267, 0.5236], [-0.2618, 0.2618], [-2.618, 2.618], [-0.52, 0.52], [-0.52, 0.52], [-3.0892, 2.6704], [-1.5882, 2.2515], [-2.618, 2.618], [-1.0472, 2.0944], [-1.972222054, 1.972222054], [-1.614429558, 1.614429558], [-1.614429558, 1.614429558], [-3.0892, 2.6704], [-2.2515, 1.5882], [-2.618, 2.618], [-1.0472, 2.0944], [-1.972222054, 1.972222054], [-1.614429558, 1.614429558], [-1.614429558, 1.614429558]]
05-12 19:16:50.132 [INFO] [robojudo.pipeline.rl_pipeline] Pipeline reset
05-12 19:16:50.132 [DEBUG] [robojudo.policy.base_policy] Initializing history buffer as 4 x 12
05-12 19:16:50.132 [INFO] [robojudo.pipeline.rl_pipeline] Pipeline reset
05-12 19:16:50.133 [DEBUG] [robojudo.policy.base_policy] Initializing history buffer as 4 x 12
05-12 19:36:37.749 [DEBUG] [robojudo] ========== robojudo-1.5.0 init done ==========

05-12 19:36:37.751 [INFO] [robojudo.pipeline.base_pipeline] Using device: cpu
05-12 19:36:37.756 [INFO] [robojudo.utils.rotation] base set to pos: [0. 0. 0.], quat: [0. 0. 0. 1.]
05-12 19:36:38.403 [DEBUG] [robojudo.policy.asap_policy] Loading mimic policy '20250109_231507-noDR_rand_history_loco_stand_height_noise-decoupled_locomotion-g1_29dof' from /home/luis/palingenesys/asimovbm/g1_slam/third_party/RoboJuDo/assets/models/g1/asap/dec_loco/20250109_231507-noDR_rand_history_loco_stand_height_noise-decoupled_locomotion-g1_29dof/model_6600.onnx
05-12 19:36:38.409 [DEBUG] [robojudo.policy.base_policy] Initializing history buffer as 4 x 12
05-12 19:36:38.410 [DEBUG] [robojudo.tools.dof] [DoF] override default_pos with [-0.1, 0.0, 0.0, 0.3, -0.2, 0.0, -0.1, 0.0, 0.0, 0.3, -0.2, 0.0, 0.0, 0.0, 0.0, 0.0, 0.0, 0.0, 0.0, 0.0, 0.0, 0.0, 0.0, 0.0, 0.0, 0.0, 0.0, 0.0, 0.0]
05-12 19:36:38.410 [DEBUG] [robojudo.tools.dof] [DoF] override stiffness with [100, 100, 100, 200, 20, 20, 100, 100, 100, 200, 20, 20, 200, 200, 200, 40, 40, 40, 40, 20, 20, 20, 40, 40, 40, 40, 20, 20, 20]
05-12 19:36:38.410 [DEBUG] [robojudo.tools.dof] [DoF] override damping with [2.5, 2.5, 2.5, 5.0, 0.2, 0.1, 2.5, 2.5, 2.5, 5.0, 0.2, 0.1, 6.0, 6.0, 6.0, 2.0, 2.0, 2.0, 2.0, 2.0, 2.0, 2.0, 2.0, 2.0, 2.0, 2.0, 2.0, 2.0, 2.0]
05-12 19:36:38.410 [DEBUG] [robojudo.tools.dof] [DoF] override torque_limits with [88.0, 88.0, 88.0, 139.0, 50.0, 50.0, 88.0, 88.0, 88.0, 139.0, 50.0, 50.0, 200.0, 200.0, 200.0, 40.0, 40.0, 18.0, 18.0, 10.0, 10.0, 10.0, 40.0, 40.0, 18.0, 18.0, 10.0, 10.0, 10.0]
05-12 19:36:38.410 [DEBUG] [robojudo.tools.dof] [DoF] override position_limits with [[-2.5307, 2.8798], [-0.5236, 2.9671], [-2.7576, 2.7576], [-0.087267, 2.8798], [-0.87267, 0.5236], [-0.2618, 0.2618], [-2.5307, 2.8798], [-2.9671, 0.5236], [-2.7576, 2.7576], [-0.087267, 2.8798], [-0.87267, 0.5236], [-0.2618, 0.2618], [-2.618, 2.618], [-0.52, 0.52], [-0.52, 0.52], [-3.0892, 2.6704], [-1.5882, 2.2515], [-2.618, 2.618], [-1.0472, 2.0944], [-1.972222054, 1.972222054], [-1.614429558, 1.614429558], [-1.614429558, 1.614429558], [-3.0892, 2.6704], [-2.2515, 1.5882], [-2.618, 2.618], [-1.0472, 2.0944], [-1.972222054, 1.972222054], [-1.614429558, 1.614429558], [-1.614429558, 1.614429558]]
05-12 19:36:38.418 [INFO] [robojudo.pipeline.rl_pipeline] Pipeline reset
05-12 19:36:38.418 [DEBUG] [robojudo.policy.base_policy] Initializing history buffer as 4 x 12
05-12 19:36:38.418 [INFO] [robojudo.pipeline.rl_pipeline] Pipeline reset
05-12 19:36:38.418 [DEBUG] [robojudo.policy.base_policy] Initializing history buffer as 4 x 12
05-12 19:37:03.880 [DEBUG] [robojudo] ========== robojudo-1.5.0 init done ==========

05-12 19:37:03.882 [INFO] [robojudo.pipeline.base_pipeline] Using device: cpu
05-12 19:37:03.886 [INFO] [robojudo.utils.rotation] base set to pos: [0. 0. 0.], quat: [0. 0. 0. 1.]
05-12 19:37:04.507 [DEBUG] [robojudo.policy.asap_policy] Loading mimic policy '20250109_231507-noDR_rand_history_loco_stand_height_noise-decoupled_locomotion-g1_29dof' from /home/luis/palingenesys/asimovbm/g1_slam/third_party/RoboJuDo/assets/models/g1/asap/dec_loco/20250109_231507-noDR_rand_history_loco_stand_height_noise-decoupled_locomotion-g1_29dof/model_6600.onnx
05-12 19:37:04.514 [DEBUG] [robojudo.policy.base_policy] Initializing history buffer as 4 x 12
05-12 19:37:04.514 [DEBUG] [robojudo.tools.dof] [DoF] override default_pos with [-0.1, 0.0, 0.0, 0.3, -0.2, 0.0, -0.1, 0.0, 0.0, 0.3, -0.2, 0.0, 0.0, 0.0, 0.0, 0.0, 0.0, 0.0, 0.0, 0.0, 0.0, 0.0, 0.0, 0.0, 0.0, 0.0, 0.0, 0.0, 0.0]
05-12 19:37:04.515 [DEBUG] [robojudo.tools.dof] [DoF] override stiffness with [100, 100, 100, 200, 20, 20, 100, 100, 100, 200, 20, 20, 200, 200, 200, 40, 40, 40, 40, 20, 20, 20, 40, 40, 40, 40, 20, 20, 20]
05-12 19:37:04.515 [DEBUG] [robojudo.tools.dof] [DoF] override damping with [2.5, 2.5, 2.5, 5.0, 0.2, 0.1, 2.5, 2.5, 2.5, 5.0, 0.2, 0.1, 6.0, 6.0, 6.0, 2.0, 2.0, 2.0, 2.0, 2.0, 2.0, 2.0, 2.0, 2.0, 2.0, 2.0, 2.0, 2.0, 2.0]
05-12 19:37:04.515 [DEBUG] [robojudo.tools.dof] [DoF] override torque_limits with [88.0, 88.0, 88.0, 139.0, 50.0, 50.0, 88.0, 88.0, 88.0, 139.0, 50.0, 50.0, 200.0, 200.0, 200.0, 40.0, 40.0, 18.0, 18.0, 10.0, 10.0, 10.0, 40.0, 40.0, 18.0, 18.0, 10.0, 10.0, 10.0]
05-12 19:37:04.515 [DEBUG] [robojudo.tools.dof] [DoF] override position_limits with [[-2.5307, 2.8798], [-0.5236, 2.9671], [-2.7576, 2.7576], [-0.087267, 2.8798], [-0.87267, 0.5236], [-0.2618, 0.2618], [-2.5307, 2.8798], [-2.9671, 0.5236], [-2.7576, 2.7576], [-0.087267, 2.8798], [-0.87267, 0.5236], [-0.2618, 0.2618], [-2.618, 2.618], [-0.52, 0.52], [-0.52, 0.52], [-3.0892, 2.6704], [-1.5882, 2.2515], [-2.618, 2.618], [-1.0472, 2.0944], [-1.972222054, 1.972222054], [-1.614429558, 1.614429558], [-1.614429558, 1.614429558], [-3.0892, 2.6704], [-2.2515, 1.5882], [-2.618, 2.618], [-1.0472, 2.0944], [-1.972222054, 1.972222054], [-1.614429558, 1.614429558], [-1.614429558, 1.614429558]]
05-12 19:37:04.523 [INFO] [robojudo.pipeline.rl_pipeline] Pipeline reset
05-12 19:37:04.523 [DEBUG] [robojudo.policy.base_policy] Initializing history buffer as 4 x 12
05-12 19:37:04.523 [INFO] [robojudo.pipeline.rl_pipeline] Pipeline reset
05-12 19:37:04.523 [DEBUG] [robojudo.policy.base_policy] Initializing history buffer as 4 x 12
05-12 19:37:37.195 [DEBUG] [robojudo] ========== robojudo-1.5.0 init done ==========

05-12 19:37:37.197 [INFO] [robojudo.pipeline.base_pipeline] Using device: cpu
05-12 19:37:37.202 [INFO] [robojudo.utils.rotation] base set to pos: [0. 0. 0.], quat: [0. 0. 0. 1.]
05-12 19:37:37.837 [DEBUG] [robojudo.policy.asap_policy] Loading mimic policy '20250109_231507-noDR_rand_history_loco_stand_height_noise-decoupled_locomotion-g1_29dof' from /home/luis/palingenesys/asimovbm/g1_slam/third_party/RoboJuDo/assets/models/g1/asap/dec_loco/20250109_231507-noDR_rand_history_loco_stand_height_noise-decoupled_locomotion-g1_29dof/model_6600.onnx
05-12 19:37:37.845 [DEBUG] [robojudo.policy.base_policy] Initializing history buffer as 4 x 12
05-12 19:37:37.845 [DEBUG] [robojudo.tools.dof] [DoF] override default_pos with [-0.1, 0.0, 0.0, 0.3, -0.2, 0.0, -0.1, 0.0, 0.0, 0.3, -0.2, 0.0, 0.0, 0.0, 0.0, 0.0, 0.0, 0.0, 0.0, 0.0, 0.0, 0.0, 0.0, 0.0, 0.0, 0.0, 0.0, 0.0, 0.0]
05-12 19:37:37.846 [DEBUG] [robojudo.tools.dof] [DoF] override stiffness with [100, 100, 100, 200, 20, 20, 100, 100, 100, 200, 20, 20, 200, 200, 200, 40, 40, 40, 40, 20, 20, 20, 40, 40, 40, 40, 20, 20, 20]
05-12 19:37:37.846 [DEBUG] [robojudo.tools.dof] [DoF] override damping with [2.5, 2.5, 2.5, 5.0, 0.2, 0.1, 2.5, 2.5, 2.5, 5.0, 0.2, 0.1, 6.0, 6.0, 6.0, 2.0, 2.0, 2.0, 2.0, 2.0, 2.0, 2.0, 2.0, 2.0, 2.0, 2.0, 2.0, 2.0, 2.0]
05-12 19:37:37.846 [DEBUG] [robojudo.tools.dof] [DoF] override torque_limits with [88.0, 88.0, 88.0, 139.0, 50.0, 50.0, 88.0, 88.0, 88.0, 139.0, 50.0, 50.0, 200.0, 200.0, 200.0, 40.0, 40.0, 18.0, 18.0, 10.0, 10.0, 10.0, 40.0, 40.0, 18.0, 18.0, 10.0, 10.0, 10.0]
05-12 19:37:37.846 [DEBUG] [robojudo.tools.dof] [DoF] override position_limits with [[-2.5307, 2.8798], [-0.5236, 2.9671], [-2.7576, 2.7576], [-0.087267, 2.8798], [-0.87267, 0.5236], [-0.2618, 0.2618], [-2.5307, 2.8798], [-2.9671, 0.5236], [-2.7576, 2.7576], [-0.087267, 2.8798], [-0.87267, 0.5236], [-0.2618, 0.2618], [-2.618, 2.618], [-0.52, 0.52], [-0.52, 0.52], [-3.0892, 2.6704], [-1.5882, 2.2515], [-2.618, 2.618], [-1.0472, 2.0944], [-1.972222054, 1.972222054], [-1.614429558, 1.614429558], [-1.614429558, 1.614429558], [-3.0892, 2.6704], [-2.2515, 1.5882], [-2.618, 2.618], [-1.0472, 2.0944], [-1.972222054, 1.972222054], [-1.614429558, 1.614429558], [-1.614429558, 1.614429558]]
05-12 19:37:37.859 [INFO] [robojudo.pipeline.rl_pipeline] Pipeline reset
05-12 19:37:37.859 [DEBUG] [robojudo.policy.base_policy] Initializing history buffer as 4 x 12
05-12 19:37:37.860 [INFO] [robojudo.pipeline.rl_pipeline] Pipeline reset
05-12 19:37:37.860 [DEBUG] [robojudo.policy.base_policy] Initializing history buffer as 4 x 12
05-12 19:45:05.543 [DEBUG] [robojudo] ========== robojudo-1.5.0 init done ==========

05-12 19:45:05.545 [INFO] [robojudo.pipeline.base_pipeline] Using device: cpu
05-12 19:45:05.550 [INFO] [robojudo.utils.rotation] base set to pos: [0. 0. 0.], quat: [0. 0. 0. 1.]
05-12 19:45:06.163 [DEBUG] [robojudo.policy.asap_policy] Loading mimic policy '20250109_231507-noDR_rand_history_loco_stand_height_noise-decoupled_locomotion-g1_29dof' from /home/luis/palingenesys/asimovbm/g1_slam/third_party/RoboJuDo/assets/models/g1/asap/dec_loco/20250109_231507-noDR_rand_history_loco_stand_height_noise-decoupled_locomotion-g1_29dof/model_6600.onnx
05-12 19:45:06.169 [DEBUG] [robojudo.policy.base_policy] Initializing history buffer as 4 x 12
05-12 19:45:06.169 [DEBUG] [robojudo.tools.dof] [DoF] override default_pos with [-0.1, 0.0, 0.0, 0.3, -0.2, 0.0, -0.1, 0.0, 0.0, 0.3, -0.2, 0.0, 0.0, 0.0, 0.0, 0.0, 0.0, 0.0, 0.0, 0.0, 0.0, 0.0, 0.0, 0.0, 0.0, 0.0, 0.0, 0.0, 0.0]
05-12 19:45:06.169 [DEBUG] [robojudo.tools.dof] [DoF] override stiffness with [100, 100, 100, 200, 20, 20, 100, 100, 100, 200, 20, 20, 200, 200, 200, 40, 40, 40, 40, 20, 20, 20, 40, 40, 40, 40, 20, 20, 20]
05-12 19:45:06.169 [DEBUG] [robojudo.tools.dof] [DoF] override damping with [2.5, 2.5, 2.5, 5.0, 0.2, 0.1, 2.5, 2.5, 2.5, 5.0, 0.2, 0.1, 6.0, 6.0, 6.0, 2.0, 2.0, 2.0, 2.0, 2.0, 2.0, 2.0, 2.0, 2.0, 2.0, 2.0, 2.0, 2.0, 2.0]
05-12 19:45:06.169 [DEBUG] [robojudo.tools.dof] [DoF] override torque_limits with [88.0, 88.0, 88.0, 139.0, 50.0, 50.0, 88.0, 88.0, 88.0, 139.0, 50.0, 50.0, 200.0, 200.0, 200.0, 40.0, 40.0, 18.0, 18.0, 10.0, 10.0, 10.0, 40.0, 40.0, 18.0, 18.0, 10.0, 10.0, 10.0]
05-12 19:45:06.170 [DEBUG] [robojudo.tools.dof] [DoF] override position_limits with [[-2.5307, 2.8798], [-0.5236, 2.9671], [-2.7576, 2.7576], [-0.087267, 2.8798], [-0.87267, 0.5236], [-0.2618, 0.2618], [-2.5307, 2.8798], [-2.9671, 0.5236], [-2.7576, 2.7576], [-0.087267, 2.8798], [-0.87267, 0.5236], [-0.2618, 0.2618], [-2.618, 2.618], [-0.52, 0.52], [-0.52, 0.52], [-3.0892, 2.6704], [-1.5882, 2.2515], [-2.618, 2.618], [-1.0472, 2.0944], [-1.972222054, 1.972222054], [-1.614429558, 1.614429558], [-1.614429558, 1.614429558], [-3.0892, 2.6704], [-2.2515, 1.5882], [-2.618, 2.618], [-1.0472, 2.0944], [-1.972222054, 1.972222054], [-1.614429558, 1.614429558], [-1.614429558, 1.614429558]]
05-12 19:45:06.178 [INFO] [robojudo.pipeline.rl_pipeline] Pipeline reset
05-12 19:45:06.178 [DEBUG] [robojudo.policy.base_policy] Initializing history buffer as 4 x 12
05-12 19:45:06.178 [INFO] [robojudo.pipeline.rl_pipeline] Pipeline reset
05-12 19:45:06.178 [DEBUG] [robojudo.policy.base_policy] Initializing history buffer as 4 x 12
05-12 19:45:58.049 [DEBUG] [robojudo] ========== robojudo-1.5.0 init done ==========

05-12 19:45:58.050 [INFO] [robojudo.pipeline.base_pipeline] Using device: cpu
05-12 19:45:58.055 [INFO] [robojudo.utils.rotation] base set to pos: [0. 0. 0.], quat: [0. 0. 0. 1.]
05-12 19:45:58.660 [DEBUG] [robojudo.policy.asap_policy] Loading mimic policy '20250109_231507-noDR_rand_history_loco_stand_height_noise-decoupled_locomotion-g1_29dof' from /home/luis/palingenesys/asimovbm/g1_slam/third_party/RoboJuDo/assets/models/g1/asap/dec_loco/20250109_231507-noDR_rand_history_loco_stand_height_noise-decoupled_locomotion-g1_29dof/model_6600.onnx
05-12 19:45:58.668 [DEBUG] [robojudo.policy.base_policy] Initializing history buffer as 4 x 12
05-12 19:45:58.668 [DEBUG] [robojudo.tools.dof] [DoF] override default_pos with [-0.1, 0.0, 0.0, 0.3, -0.2, 0.0, -0.1, 0.0, 0.0, 0.3, -0.2, 0.0, 0.0, 0.0, 0.0, 0.0, 0.0, 0.0, 0.0, 0.0, 0.0, 0.0, 0.0, 0.0, 0.0, 0.0, 0.0, 0.0, 0.0]
05-12 19:45:58.668 [DEBUG] [robojudo.tools.dof] [DoF] override stiffness with [100, 100, 100, 200, 20, 20, 100, 100, 100, 200, 20, 20, 200, 200, 200, 40, 40, 40, 40, 20, 20, 20, 40, 40, 40, 40, 20, 20, 20]
05-12 19:45:58.668 [DEBUG] [robojudo.tools.dof] [DoF] override damping with [2.5, 2.5, 2.5, 5.0, 0.2, 0.1, 2.5, 2.5, 2.5, 5.0, 0.2, 0.1, 6.0, 6.0, 6.0, 2.0, 2.0, 2.0, 2.0, 2.0, 2.0, 2.0, 2.0, 2.0, 2.0, 2.0, 2.0, 2.0, 2.0]
05-12 19:45:58.668 [DEBUG] [robojudo.tools.dof] [DoF] override torque_limits with [88.0, 88.0, 88.0, 139.0, 50.0, 50.0, 88.0, 88.0, 88.0, 139.0, 50.0, 50.0, 200.0, 200.0, 200.0, 40.0, 40.0, 18.0, 18.0, 10.0, 10.0, 10.0, 40.0, 40.0, 18.0, 18.0, 10.0, 10.0, 10.0]
05-12 19:45:58.668 [DEBUG] [robojudo.tools.dof] [DoF] override position_limits with [[-2.5307, 2.8798], [-0.5236, 2.9671], [-2.7576, 2.7576], [-0.087267, 2.8798], [-0.87267, 0.5236], [-0.2618, 0.2618], [-2.5307, 2.8798], [-2.9671, 0.5236], [-2.7576, 2.7576], [-0.087267, 2.8798], [-0.87267, 0.5236], [-0.2618, 0.2618], [-2.618, 2.618], [-0.52, 0.52], [-0.52, 0.52], [-3.0892, 2.6704], [-1.5882, 2.2515], [-2.618, 2.618], [-1.0472, 2.0944], [-1.972222054, 1.972222054], [-1.614429558, 1.614429558], [-1.614429558, 1.614429558], [-3.0892, 2.6704], [-2.2515, 1.5882], [-2.618, 2.618], [-1.0472, 2.0944], [-1.972222054, 1.972222054], [-1.614429558, 1.614429558], [-1.614429558, 1.614429558]]
05-12 19:45:58.681 [INFO] [robojudo.pipeline.rl_pipeline] Pipeline reset
05-12 19:45:58.681 [DEBUG] [robojudo.policy.base_policy] Initializing history buffer as 4 x 12
05-12 19:45:58.681 [INFO] [robojudo.pipeline.rl_pipeline] Pipeline reset
05-12 19:45:58.681 [DEBUG] [robojudo.policy.base_policy] Initializing history buffer as 4 x 12
05-12 20:11:12.398 [DEBUG] [robojudo] ========== robojudo-1.5.0 init done ==========

05-12 20:11:12.400 [INFO] [robojudo.pipeline.base_pipeline] Using device: cpu
05-12 20:11:12.405 [INFO] [robojudo.utils.rotation] base set to pos: [0. 0. 0.], quat: [0. 0. 0. 1.]
05-12 20:11:13.306 [DEBUG] [robojudo.policy.asap_policy] Loading mimic policy '20250109_231507-noDR_rand_history_loco_stand_height_noise-decoupled_locomotion-g1_29dof' from /home/luis/palingenesys/asimovbm/g1_slam/third_party/RoboJuDo/assets/models/g1/asap/dec_loco/20250109_231507-noDR_rand_history_loco_stand_height_noise-decoupled_locomotion-g1_29dof/model_6600.onnx
05-12 20:11:13.312 [DEBUG] [robojudo.policy.base_policy] Initializing history buffer as 4 x 12
05-12 20:11:13.312 [DEBUG] [robojudo.tools.dof] [DoF] override default_pos with [-0.1, 0.0, 0.0, 0.3, -0.2, 0.0, -0.1, 0.0, 0.0, 0.3, -0.2, 0.0, 0.0, 0.0, 0.0, 0.0, 0.0, 0.0, 0.0, 0.0, 0.0, 0.0, 0.0, 0.0, 0.0, 0.0, 0.0, 0.0, 0.0]
05-12 20:11:13.312 [DEBUG] [robojudo.tools.dof] [DoF] override stiffness with [100, 100, 100, 200, 20, 20, 100, 100, 100, 200, 20, 20, 200, 200, 200, 40, 40, 40, 40, 20, 20, 20, 40, 40, 40, 40, 20, 20, 20]
05-12 20:11:13.312 [DEBUG] [robojudo.tools.dof] [DoF] override damping with [2.5, 2.5, 2.5, 5.0, 0.2, 0.1, 2.5, 2.5, 2.5, 5.0, 0.2, 0.1, 6.0, 6.0, 6.0, 2.0, 2.0, 2.0, 2.0, 2.0, 2.0, 2.0, 2.0, 2.0, 2.0, 2.0, 2.0, 2.0, 2.0]
05-12 20:11:13.313 [DEBUG] [robojudo.tools.dof] [DoF] override torque_limits with [88.0, 88.0, 88.0, 139.0, 50.0, 50.0, 88.0, 88.0, 88.0, 139.0, 50.0, 50.0, 200.0, 200.0, 200.0, 40.0, 40.0, 18.0, 18.0, 10.0, 10.0, 10.0, 40.0, 40.0, 18.0, 18.0, 10.0, 10.0, 10.0]
05-12 20:11:13.313 [DEBUG] [robojudo.tools.dof] [DoF] override position_limits with [[-2.5307, 2.8798], [-0.5236, 2.9671], [-2.7576, 2.7576], [-0.087267, 2.8798], [-0.87267, 0.5236], [-0.2618, 0.2618], [-2.5307, 2.8798], [-2.9671, 0.5236], [-2.7576, 2.7576], [-0.087267, 2.8798], [-0.87267, 0.5236], [-0.2618, 0.2618], [-2.618, 2.618], [-0.52, 0.52], [-0.52, 0.52], [-3.0892, 2.6704], [-1.5882, 2.2515], [-2.618, 2.618], [-1.0472, 2.0944], [-1.972222054, 1.972222054], [-1.614429558, 1.614429558], [-1.614429558, 1.614429558], [-3.0892, 2.6704], [-2.2515, 1.5882], [-2.618, 2.618], [-1.0472, 2.0944], [-1.972222054, 1.972222054], [-1.614429558, 1.614429558], [-1.614429558, 1.614429558]]
05-12 20:11:13.320 [INFO] [robojudo.pipeline.rl_pipeline] Pipeline reset
05-12 20:11:13.321 [DEBUG] [robojudo.policy.base_policy] Initializing history buffer as 4 x 12
05-12 20:11:13.321 [INFO] [robojudo.pipeline.rl_pipeline] Pipeline reset
05-12 20:11:13.321 [DEBUG] [robojudo.policy.base_policy] Initializing history buffer as 4 x 12
05-12 20:38:10.827 [DEBUG] [robojudo] ========== robojudo-1.5.0 init done ==========

05-12 20:38:10.830 [INFO] [robojudo.pipeline.base_pipeline] Using device: cpu
05-12 20:38:10.835 [INFO] [robojudo.utils.rotation] base set to pos: [0. 0. 0.], quat: [0. 0. 0. 1.]
05-12 20:38:11.718 [DEBUG] [robojudo.policy.asap_policy] Loading mimic policy '20250109_231507-noDR_rand_history_loco_stand_height_noise-decoupled_locomotion-g1_29dof' from /home/luis/palingenesys/asimovbm/g1_slam/third_party/RoboJuDo/assets/models/g1/asap/dec_loco/20250109_231507-noDR_rand_history_loco_stand_height_noise-decoupled_locomotion-g1_29dof/model_6600.onnx
05-12 20:38:11.724 [DEBUG] [robojudo.policy.base_policy] Initializing history buffer as 4 x 12
05-12 20:38:11.724 [DEBUG] [robojudo.tools.dof] [DoF] override default_pos with [-0.1, 0.0, 0.0, 0.3, -0.2, 0.0, -0.1, 0.0, 0.0, 0.3, -0.2, 0.0, 0.0, 0.0, 0.0, 0.0, 0.0, 0.0, 0.0, 0.0, 0.0, 0.0, 0.0, 0.0, 0.0, 0.0, 0.0, 0.0, 0.0]
05-12 20:38:11.724 [DEBUG] [robojudo.tools.dof] [DoF] override stiffness with [100, 100, 100, 200, 20, 20, 100, 100, 100, 200, 20, 20, 200, 200, 200, 40, 40, 40, 40, 20, 20, 20, 40, 40, 40, 40, 20, 20, 20]
05-12 20:38:11.724 [DEBUG] [robojudo.tools.dof] [DoF] override damping with [2.5, 2.5, 2.5, 5.0, 0.2, 0.1, 2.5, 2.5, 2.5, 5.0, 0.2, 0.1, 6.0, 6.0, 6.0, 2.0, 2.0, 2.0, 2.0, 2.0, 2.0, 2.0, 2.0, 2.0, 2.0, 2.0, 2.0, 2.0, 2.0]
05-12 20:38:11.724 [DEBUG] [robojudo.tools.dof] [DoF] override torque_limits with [88.0, 88.0, 88.0, 139.0, 50.0, 50.0, 88.0, 88.0, 88.0, 139.0, 50.0, 50.0, 200.0, 200.0, 200.0, 40.0, 40.0, 18.0, 18.0, 10.0, 10.0, 10.0, 40.0, 40.0, 18.0, 18.0, 10.0, 10.0, 10.0]
05-12 20:38:11.725 [DEBUG] [robojudo.tools.dof] [DoF] override position_limits with [[-2.5307, 2.8798], [-0.5236, 2.9671], [-2.7576, 2.7576], [-0.087267, 2.8798], [-0.87267, 0.5236], [-0.2618, 0.2618], [-2.5307, 2.8798], [-2.9671, 0.5236], [-2.7576, 2.7576], [-0.087267, 2.8798], [-0.87267, 0.5236], [-0.2618, 0.2618], [-2.618, 2.618], [-0.52, 0.52], [-0.52, 0.52], [-3.0892, 2.6704], [-1.5882, 2.2515], [-2.618, 2.618], [-1.0472, 2.0944], [-1.972222054, 1.972222054], [-1.614429558, 1.614429558], [-1.614429558, 1.614429558], [-3.0892, 2.6704], [-2.2515, 1.5882], [-2.618, 2.618], [-1.0472, 2.0944], [-1.972222054, 1.972222054], [-1.614429558, 1.614429558], [-1.614429558, 1.614429558]]
05-12 20:38:11.732 [INFO] [robojudo.pipeline.rl_pipeline] Pipeline reset
05-12 20:38:11.732 [DEBUG] [robojudo.policy.base_policy] Initializing history buffer as 4 x 12
05-12 20:38:11.732 [INFO] [robojudo.pipeline.rl_pipeline] Pipeline reset
05-12 20:38:11.732 [DEBUG] [robojudo.policy.base_policy] Initializing history buffer as 4 x 12
05-12 20:52:36.205 [DEBUG] [robojudo] ========== robojudo-1.5.0 init done ==========

05-12 20:52:36.208 [INFO] [robojudo.pipeline.base_pipeline] Using device: cpu
05-12 20:52:36.217 [INFO] [robojudo.utils.rotation] base set to pos: [0. 0. 0.], quat: [0. 0. 0. 1.]
05-12 20:52:36.895 [DEBUG] [robojudo.policy.asap_policy] Loading mimic policy '20250109_231507-noDR_rand_history_loco_stand_height_noise-decoupled_locomotion-g1_29dof' from /home/luis/palingenesys/asimovbm/g1_slam/third_party/RoboJuDo/assets/models/g1/asap/dec_loco/20250109_231507-noDR_rand_history_loco_stand_height_noise-decoupled_locomotion-g1_29dof/model_6600.onnx
05-12 20:52:36.918 [DEBUG] [robojudo.policy.base_policy] Initializing history buffer as 4 x 12
05-12 20:52:36.919 [DEBUG] [robojudo.tools.dof] [DoF] override default_pos with [-0.1, 0.0, 0.0, 0.3, -0.2, 0.0, -0.1, 0.0, 0.0, 0.3, -0.2, 0.0, 0.0, 0.0, 0.0, 0.0, 0.0, 0.0, 0.0, 0.0, 0.0, 0.0, 0.0, 0.0, 0.0, 0.0, 0.0, 0.0, 0.0]
05-12 20:52:36.919 [DEBUG] [robojudo.tools.dof] [DoF] override stiffness with [100, 100, 100, 200, 20, 20, 100, 100, 100, 200, 20, 20, 200, 200, 200, 40, 40, 40, 40, 20, 20, 20, 40, 40, 40, 40, 20, 20, 20]
05-12 20:52:36.919 [DEBUG] [robojudo.tools.dof] [DoF] override damping with [2.5, 2.5, 2.5, 5.0, 0.2, 0.1, 2.5, 2.5, 2.5, 5.0, 0.2, 0.1, 6.0, 6.0, 6.0, 2.0, 2.0, 2.0, 2.0, 2.0, 2.0, 2.0, 2.0, 2.0, 2.0, 2.0, 2.0, 2.0, 2.0]
05-12 20:52:36.919 [DEBUG] [robojudo.tools.dof] [DoF] override torque_limits with [88.0, 88.0, 88.0, 139.0, 50.0, 50.0, 88.0, 88.0, 88.0, 139.0, 50.0, 50.0, 200.0, 200.0, 200.0, 40.0, 40.0, 18.0, 18.0, 10.0, 10.0, 10.0, 40.0, 40.0, 18.0, 18.0, 10.0, 10.0, 10.0]
05-12 20:52:36.919 [DEBUG] [robojudo.tools.dof] [DoF] override position_limits with [[-2.5307, 2.8798], [-0.5236, 2.9671], [-2.7576, 2.7576], [-0.087267, 2.8798], [-0.87267, 0.5236], [-0.2618, 0.2618], [-2.5307, 2.8798], [-2.9671, 0.5236], [-2.7576, 2.7576], [-0.087267, 2.8798], [-0.87267, 0.5236], [-0.2618, 0.2618], [-2.618, 2.618], [-0.52, 0.52], [-0.52, 0.52], [-3.0892, 2.6704], [-1.5882, 2.2515], [-2.618, 2.618], [-1.0472, 2.0944], [-1.972222054, 1.972222054], [-1.614429558, 1.614429558], [-1.614429558, 1.614429558], [-3.0892, 2.6704], [-2.2515, 1.5882], [-2.618, 2.618], [-1.0472, 2.0944], [-1.972222054, 1.972222054], [-1.614429558, 1.614429558], [-1.614429558, 1.614429558]]
05-12 20:52:36.929 [INFO] [robojudo.pipeline.rl_pipeline] Pipeline reset
05-12 20:52:36.930 [DEBUG] [robojudo.policy.base_policy] Initializing history buffer as 4 x 12
05-12 20:52:36.930 [INFO] [robojudo.pipeline.rl_pipeline] Pipeline reset
05-12 20:52:36.930 [DEBUG] [robojudo.policy.base_policy] Initializing history buffer as 4 x 12
05-12 23:43:43.971 [DEBUG] [robojudo] ========== robojudo-1.5.0 init done ==========

05-12 23:43:43.973 [INFO] [robojudo.pipeline.base_pipeline] Using device: cpu
05-12 23:43:43.977 [INFO] [robojudo.utils.rotation] base set to pos: [0. 0. 0.], quat: [0. 0. 0. 1.]
05-12 23:43:44.559 [DEBUG] [robojudo.policy.asap_policy] Loading mimic policy '20250109_231507-noDR_rand_history_loco_stand_height_noise-decoupled_locomotion-g1_29dof' from /home/luis/palingenesys/asimovbm/g1_slam/third_party/RoboJuDo/assets/models/g1/asap/dec_loco/20250109_231507-noDR_rand_history_loco_stand_height_noise-decoupled_locomotion-g1_29dof/model_6600.onnx
05-12 23:43:44.569 [DEBUG] [robojudo.policy.base_policy] Initializing history buffer as 4 x 12
05-12 23:43:44.569 [DEBUG] [robojudo.tools.dof] [DoF] override default_pos with [-0.1, 0.0, 0.0, 0.3, -0.2, 0.0, -0.1, 0.0, 0.0, 0.3, -0.2, 0.0, 0.0, 0.0, 0.0, 0.0, 0.0, 0.0, 0.0, 0.0, 0.0, 0.0, 0.0, 0.0, 0.0, 0.0, 0.0, 0.0, 0.0]
05-12 23:43:44.569 [DEBUG] [robojudo.tools.dof] [DoF] override stiffness with [100, 100, 100, 200, 20, 20, 100, 100, 100, 200, 20, 20, 200, 200, 200, 40, 40, 40, 40, 20, 20, 20, 40, 40, 40, 40, 20, 20, 20]
05-12 23:43:44.570 [DEBUG] [robojudo.tools.dof] [DoF] override damping with [2.5, 2.5, 2.5, 5.0, 0.2, 0.1, 2.5, 2.5, 2.5, 5.0, 0.2, 0.1, 6.0, 6.0, 6.0, 2.0, 2.0, 2.0, 2.0, 2.0, 2.0, 2.0, 2.0, 2.0, 2.0, 2.0, 2.0, 2.0, 2.0]
05-12 23:43:44.570 [DEBUG] [robojudo.tools.dof] [DoF] override torque_limits with [88.0, 88.0, 88.0, 139.0, 50.0, 50.0, 88.0, 88.0, 88.0, 139.0, 50.0, 50.0, 200.0, 200.0, 200.0, 40.0, 40.0, 18.0, 18.0, 10.0, 10.0, 10.0, 40.0, 40.0, 18.0, 18.0, 10.0, 10.0, 10.0]
05-12 23:43:44.570 [DEBUG] [robojudo.tools.dof] [DoF] override position_limits with [[-2.5307, 2.8798], [-0.5236, 2.9671], [-2.7576, 2.7576], [-0.087267, 2.8798], [-0.87267, 0.5236], [-0.2618, 0.2618], [-2.5307, 2.8798], [-2.9671, 0.5236], [-2.7576, 2.7576], [-0.087267, 2.8798], [-0.87267, 0.5236], [-0.2618, 0.2618], [-2.618, 2.618], [-0.52, 0.52], [-0.52, 0.52], [-3.0892, 2.6704], [-1.5882, 2.2515], [-2.618, 2.618], [-1.0472, 2.0944], [-1.972222054, 1.972222054], [-1.614429558, 1.614429558], [-1.614429558, 1.614429558], [-3.0892, 2.6704], [-2.2515, 1.5882], [-2.618, 2.618], [-1.0472, 2.0944], [-1.972222054, 1.972222054], [-1.614429558, 1.614429558], [-1.614429558, 1.614429558]]
05-12 23:43:44.583 [INFO] [robojudo.pipeline.rl_pipeline] Pipeline reset
05-12 23:43:44.583 [DEBUG] [robojudo.policy.base_policy] Initializing history buffer as 4 x 12
05-12 23:43:44.583 [INFO] [robojudo.pipeline.rl_pipeline] Pipeline reset
05-12 23:43:44.583 [DEBUG] [robojudo.policy.base_policy] Initializing history buffer as 4 x 12
05-12 23:44:23.054 [DEBUG] [robojudo] ========== robojudo-1.5.0 init done ==========

05-12 23:44:23.056 [INFO] [robojudo.pipeline.base_pipeline] Using device: cpu
05-12 23:44:23.061 [INFO] [robojudo.utils.rotation] base set to pos: [0. 0. 0.], quat: [0. 0. 0. 1.]
05-12 23:44:23.632 [DEBUG] [robojudo.policy.asap_policy] Loading mimic policy '20250109_231507-noDR_rand_history_loco_stand_height_noise-decoupled_locomotion-g1_29dof' from /home/luis/palingenesys/asimovbm/g1_slam/third_party/RoboJuDo/assets/models/g1/asap/dec_loco/20250109_231507-noDR_rand_history_loco_stand_height_noise-decoupled_locomotion-g1_29dof/model_6600.onnx
05-12 23:44:23.642 [DEBUG] [robojudo.policy.base_policy] Initializing history buffer as 4 x 12
05-12 23:44:23.642 [DEBUG] [robojudo.tools.dof] [DoF] override default_pos with [-0.1, 0.0, 0.0, 0.3, -0.2, 0.0, -0.1, 0.0, 0.0, 0.3, -0.2, 0.0, 0.0, 0.0, 0.0, 0.0, 0.0, 0.0, 0.0, 0.0, 0.0, 0.0, 0.0, 0.0, 0.0, 0.0, 0.0, 0.0, 0.0]
05-12 23:44:23.643 [DEBUG] [robojudo.tools.dof] [DoF] override stiffness with [100, 100, 100, 200, 20, 20, 100, 100, 100, 200, 20, 20, 200, 200, 200, 40, 40, 40, 40, 20, 20, 20, 40, 40, 40, 40, 20, 20, 20]
05-12 23:44:23.643 [DEBUG] [robojudo.tools.dof] [DoF] override damping with [2.5, 2.5, 2.5, 5.0, 0.2, 0.1, 2.5, 2.5, 2.5, 5.0, 0.2, 0.1, 6.0, 6.0, 6.0, 2.0, 2.0, 2.0, 2.0, 2.0, 2.0, 2.0, 2.0, 2.0, 2.0, 2.0, 2.0, 2.0, 2.0]
05-12 23:44:23.643 [DEBUG] [robojudo.tools.dof] [DoF] override torque_limits with [88.0, 88.0, 88.0, 139.0, 50.0, 50.0, 88.0, 88.0, 88.0, 139.0, 50.0, 50.0, 200.0, 200.0, 200.0, 40.0, 40.0, 18.0, 18.0, 10.0, 10.0, 10.0, 40.0, 40.0, 18.0, 18.0, 10.0, 10.0, 10.0]
05-12 23:44:23.643 [DEBUG] [robojudo.tools.dof] [DoF] override position_limits with [[-2.5307, 2.8798], [-0.5236, 2.9671], [-2.7576, 2.7576], [-0.087267, 2.8798], [-0.87267, 0.5236], [-0.2618, 0.2618], [-2.5307, 2.8798], [-2.9671, 0.5236], [-2.7576, 2.7576], [-0.087267, 2.8798], [-0.87267, 0.5236], [-0.2618, 0.2618], [-2.618, 2.618], [-0.52, 0.52], [-0.52, 0.52], [-3.0892, 2.6704], [-1.5882, 2.2515], [-2.618, 2.618], [-1.0472, 2.0944], [-1.972222054, 1.972222054], [-1.614429558, 1.614429558], [-1.614429558, 1.614429558], [-3.0892, 2.6704], [-2.2515, 1.5882], [-2.618, 2.618], [-1.0472, 2.0944], [-1.972222054, 1.972222054], [-1.614429558, 1.614429558], [-1.614429558, 1.614429558]]
05-12 23:44:23.656 [INFO] [robojudo.pipeline.rl_pipeline] Pipeline reset
05-12 23:44:23.656 [DEBUG] [robojudo.policy.base_policy] Initializing history buffer as 4 x 12
05-12 23:44:23.657 [INFO] [robojudo.pipeline.rl_pipeline] Pipeline reset
05-12 23:44:23.657 [DEBUG] [robojudo.policy.base_policy] Initializing history buffer as 4 x 12
05-12 23:44:46.060 [DEBUG] [robojudo] ========== robojudo-1.5.0 init done ==========

05-12 23:44:46.062 [INFO] [robojudo.pipeline.base_pipeline] Using device: cpu
05-12 23:44:46.066 [INFO] [robojudo.utils.rotation] base set to pos: [0. 0. 0.], quat: [0. 0. 0. 1.]
05-12 23:44:46.625 [DEBUG] [robojudo.policy.asap_policy] Loading mimic policy '20250109_231507-noDR_rand_history_loco_stand_height_noise-decoupled_locomotion-g1_29dof' from /home/luis/palingenesys/asimovbm/g1_slam/third_party/RoboJuDo/assets/models/g1/asap/dec_loco/20250109_231507-noDR_rand_history_loco_stand_height_noise-decoupled_locomotion-g1_29dof/model_6600.onnx
05-12 23:44:46.631 [DEBUG] [robojudo.policy.base_policy] Initializing history buffer as 4 x 12
05-12 23:44:46.632 [DEBUG] [robojudo.tools.dof] [DoF] override default_pos with [-0.1, 0.0, 0.0, 0.3, -0.2, 0.0, -0.1, 0.0, 0.0, 0.3, -0.2, 0.0, 0.0, 0.0, 0.0, 0.0, 0.0, 0.0, 0.0, 0.0, 0.0, 0.0, 0.0, 0.0, 0.0, 0.0, 0.0, 0.0, 0.0]
05-12 23:44:46.632 [DEBUG] [robojudo.tools.dof] [DoF] override stiffness with [100, 100, 100, 200, 20, 20, 100, 100, 100, 200, 20, 20, 200, 200, 200, 40, 40, 40, 40, 20, 20, 20, 40, 40, 40, 40, 20, 20, 20]
05-12 23:44:46.632 [DEBUG] [robojudo.tools.dof] [DoF] override damping with [2.5, 2.5, 2.5, 5.0, 0.2, 0.1, 2.5, 2.5, 2.5, 5.0, 0.2, 0.1, 6.0, 6.0, 6.0, 2.0, 2.0, 2.0, 2.0, 2.0, 2.0, 2.0, 2.0, 2.0, 2.0, 2.0, 2.0, 2.0, 2.0]
05-12 23:44:46.632 [DEBUG] [robojudo.tools.dof] [DoF] override torque_limits with [88.0, 88.0, 88.0, 139.0, 50.0, 50.0, 88.0, 88.0, 88.0, 139.0, 50.0, 50.0, 200.0, 200.0, 200.0, 40.0, 40.0, 18.0, 18.0, 10.0, 10.0, 10.0, 40.0, 40.0, 18.0, 18.0, 10.0, 10.0, 10.0]
05-12 23:44:46.632 [DEBUG] [robojudo.tools.dof] [DoF] override position_limits with [[-2.5307, 2.8798], [-0.5236, 2.9671], [-2.7576, 2.7576], [-0.087267, 2.8798], [-0.87267, 0.5236], [-0.2618, 0.2618], [-2.5307, 2.8798], [-2.9671, 0.5236], [-2.7576, 2.7576], [-0.087267, 2.8798], [-0.87267, 0.5236], [-0.2618, 0.2618], [-2.618, 2.618], [-0.52, 0.52], [-0.52, 0.52], [-3.0892, 2.6704], [-1.5882, 2.2515], [-2.618, 2.618], [-1.0472, 2.0944], [-1.972222054, 1.972222054], [-1.614429558, 1.614429558], [-1.614429558, 1.614429558], [-3.0892, 2.6704], [-2.2515, 1.5882], [-2.618, 2.618], [-1.0472, 2.0944], [-1.972222054, 1.972222054], [-1.614429558, 1.614429558], [-1.614429558, 1.614429558]]
05-12 23:44:46.639 [INFO] [robojudo.pipeline.rl_pipeline] Pipeline reset
05-12 23:44:46.639 [DEBUG] [robojudo.policy.base_policy] Initializing history buffer as 4 x 12
05-12 23:44:46.640 [INFO] [robojudo.pipeline.rl_pipeline] Pipeline reset
05-12 23:44:46.640 [DEBUG] [robojudo.policy.base_policy] Initializing history buffer as 4 x 12
05-12 23:44:56.516 [DEBUG] [robojudo] ========== robojudo-1.5.0 init done ==========

05-12 23:44:56.517 [INFO] [robojudo.pipeline.base_pipeline] Using device: cpu
05-12 23:44:56.522 [INFO] [robojudo.utils.rotation] base set to pos: [0. 0. 0.], quat: [0. 0. 0. 1.]
05-12 23:44:57.073 [DEBUG] [robojudo.policy.asap_policy] Loading mimic policy '20250109_231507-noDR_rand_history_loco_stand_height_noise-decoupled_locomotion-g1_29dof' from /home/luis/palingenesys/asimovbm/g1_slam/third_party/RoboJuDo/assets/models/g1/asap/dec_loco/20250109_231507-noDR_rand_history_loco_stand_height_noise-decoupled_locomotion-g1_29dof/model_6600.onnx
05-12 23:44:57.081 [DEBUG] [robojudo.policy.base_policy] Initializing history buffer as 4 x 12
05-12 23:44:57.081 [DEBUG] [robojudo.tools.dof] [DoF] override default_pos with [-0.1, 0.0, 0.0, 0.3, -0.2, 0.0, -0.1, 0.0, 0.0, 0.3, -0.2, 0.0, 0.0, 0.0, 0.0, 0.0, 0.0, 0.0, 0.0, 0.0, 0.0, 0.0, 0.0, 0.0, 0.0, 0.0, 0.0, 0.0, 0.0]
05-12 23:44:57.082 [DEBUG] [robojudo.tools.dof] [DoF] override stiffness with [100, 100, 100, 200, 20, 20, 100, 100, 100, 200, 20, 20, 200, 200, 200, 40, 40, 40, 40, 20, 20, 20, 40, 40, 40, 40, 20, 20, 20]
05-12 23:44:57.082 [DEBUG] [robojudo.tools.dof] [DoF] override damping with [2.5, 2.5, 2.5, 5.0, 0.2, 0.1, 2.5, 2.5, 2.5, 5.0, 0.2, 0.1, 6.0, 6.0, 6.0, 2.0, 2.0, 2.0, 2.0, 2.0, 2.0, 2.0, 2.0, 2.0, 2.0, 2.0, 2.0, 2.0, 2.0]
05-12 23:44:57.082 [DEBUG] [robojudo.tools.dof] [DoF] override torque_limits with [88.0, 88.0, 88.0, 139.0, 50.0, 50.0, 88.0, 88.0, 88.0, 139.0, 50.0, 50.0, 200.0, 200.0, 200.0, 40.0, 40.0, 18.0, 18.0, 10.0, 10.0, 10.0, 40.0, 40.0, 18.0, 18.0, 10.0, 10.0, 10.0]
05-12 23:44:57.082 [DEBUG] [robojudo.tools.dof] [DoF] override position_limits with [[-2.5307, 2.8798], [-0.5236, 2.9671], [-2.7576, 2.7576], [-0.087267, 2.8798], [-0.87267, 0.5236], [-0.2618, 0.2618], [-2.5307, 2.8798], [-2.9671, 0.5236], [-2.7576, 2.7576], [-0.087267, 2.8798], [-0.87267, 0.5236], [-0.2618, 0.2618], [-2.618, 2.618], [-0.52, 0.52], [-0.52, 0.52], [-3.0892, 2.6704], [-1.5882, 2.2515], [-2.618, 2.618], [-1.0472, 2.0944], [-1.972222054, 1.972222054], [-1.614429558, 1.614429558], [-1.614429558, 1.614429558], [-3.0892, 2.6704], [-2.2515, 1.5882], [-2.618, 2.618], [-1.0472, 2.0944], [-1.972222054, 1.972222054], [-1.614429558, 1.614429558], [-1.614429558, 1.614429558]]
05-12 23:44:57.095 [INFO] [robojudo.pipeline.rl_pipeline] Pipeline reset
05-12 23:44:57.095 [DEBUG] [robojudo.policy.base_policy] Initializing history buffer as 4 x 12
05-12 23:44:57.095 [INFO] [robojudo.pipeline.rl_pipeline] Pipeline reset
05-12 23:44:57.095 [DEBUG] [robojudo.policy.base_policy] Initializing history buffer as 4 x 12
05-12 23:45:06.040 [DEBUG] [robojudo] ========== robojudo-1.5.0 init done ==========

05-12 23:45:06.042 [INFO] [robojudo.pipeline.base_pipeline] Using device: cpu
05-12 23:45:06.046 [INFO] [robojudo.utils.rotation] base set to pos: [0. 0. 0.], quat: [0. 0. 0. 1.]
05-12 23:45:06.622 [DEBUG] [robojudo.policy.asap_policy] Loading mimic policy '20250109_231507-noDR_rand_history_loco_stand_height_noise-decoupled_locomotion-g1_29dof' from /home/luis/palingenesys/asimovbm/g1_slam/third_party/RoboJuDo/assets/models/g1/asap/dec_loco/20250109_231507-noDR_rand_history_loco_stand_height_noise-decoupled_locomotion-g1_29dof/model_6600.onnx
05-12 23:45:06.630 [DEBUG] [robojudo.policy.base_policy] Initializing history buffer as 4 x 12
05-12 23:45:06.630 [DEBUG] [robojudo.tools.dof] [DoF] override default_pos with [-0.1, 0.0, 0.0, 0.3, -0.2, 0.0, -0.1, 0.0, 0.0, 0.3, -0.2, 0.0, 0.0, 0.0, 0.0, 0.0, 0.0, 0.0, 0.0, 0.0, 0.0, 0.0, 0.0, 0.0, 0.0, 0.0, 0.0, 0.0, 0.0]
05-12 23:45:06.630 [DEBUG] [robojudo.tools.dof] [DoF] override stiffness with [100, 100, 100, 200, 20, 20, 100, 100, 100, 200, 20, 20, 200, 200, 200, 40, 40, 40, 40, 20, 20, 20, 40, 40, 40, 40, 20, 20, 20]
05-12 23:45:06.630 [DEBUG] [robojudo.tools.dof] [DoF] override damping with [2.5, 2.5, 2.5, 5.0, 0.2, 0.1, 2.5, 2.5, 2.5, 5.0, 0.2, 0.1, 6.0, 6.0, 6.0, 2.0, 2.0, 2.0, 2.0, 2.0, 2.0, 2.0, 2.0, 2.0, 2.0, 2.0, 2.0, 2.0, 2.0]
05-12 23:45:06.631 [DEBUG] [robojudo.tools.dof] [DoF] override torque_limits with [88.0, 88.0, 88.0, 139.0, 50.0, 50.0, 88.0, 88.0, 88.0, 139.0, 50.0, 50.0, 200.0, 200.0, 200.0, 40.0, 40.0, 18.0, 18.0, 10.0, 10.0, 10.0, 40.0, 40.0, 18.0, 18.0, 10.0, 10.0, 10.0]
05-12 23:45:06.631 [DEBUG] [robojudo.tools.dof] [DoF] override position_limits with [[-2.5307, 2.8798], [-0.5236, 2.9671], [-2.7576, 2.7576], [-0.087267, 2.8798], [-0.87267, 0.5236], [-0.2618, 0.2618], [-2.5307, 2.8798], [-2.9671, 0.5236], [-2.7576, 2.7576], [-0.087267, 2.8798], [-0.87267, 0.5236], [-0.2618, 0.2618], [-2.618, 2.618], [-0.52, 0.52], [-0.52, 0.52], [-3.0892, 2.6704], [-1.5882, 2.2515], [-2.618, 2.618], [-1.0472, 2.0944], [-1.972222054, 1.972222054], [-1.614429558, 1.614429558], [-1.614429558, 1.614429558], [-3.0892, 2.6704], [-2.2515, 1.5882], [-2.618, 2.618], [-1.0472, 2.0944], [-1.972222054, 1.972222054], [-1.614429558, 1.614429558], [-1.614429558, 1.614429558]]
05-12 23:45:06.639 [INFO] [robojudo.pipeline.rl_pipeline] Pipeline reset
05-12 23:45:06.639 [DEBUG] [robojudo.policy.base_policy] Initializing history buffer as 4 x 12
05-12 23:45:06.639 [INFO] [robojudo.pipeline.rl_pipeline] Pipeline reset
05-12 23:45:06.639 [DEBUG] [robojudo.policy.base_policy] Initializing history buffer as 4 x 12
05-12 23:45:32.531 [DEBUG] [robojudo] ========== robojudo-1.5.0 init done ==========

05-12 23:45:32.532 [INFO] [robojudo.pipeline.base_pipeline] Using device: cpu
05-12 23:45:32.537 [INFO] [robojudo.utils.rotation] base set to pos: [0. 0. 0.], quat: [0. 0. 0. 1.]
05-12 23:45:33.105 [DEBUG] [robojudo.policy.asap_policy] Loading mimic policy '20250109_231507-noDR_rand_history_loco_stand_height_noise-decoupled_locomotion-g1_29dof' from /home/luis/palingenesys/asimovbm/g1_slam/third_party/RoboJuDo/assets/models/g1/asap/dec_loco/20250109_231507-noDR_rand_history_loco_stand_height_noise-decoupled_locomotion-g1_29dof/model_6600.onnx
05-12 23:45:33.111 [DEBUG] [robojudo.policy.base_policy] Initializing history buffer as 4 x 12
05-12 23:45:33.112 [DEBUG] [robojudo.tools.dof] [DoF] override default_pos with [-0.1, 0.0, 0.0, 0.3, -0.2, 0.0, -0.1, 0.0, 0.0, 0.3, -0.2, 0.0, 0.0, 0.0, 0.0, 0.0, 0.0, 0.0, 0.0, 0.0, 0.0, 0.0, 0.0, 0.0, 0.0, 0.0, 0.0, 0.0, 0.0]
05-12 23:45:33.112 [DEBUG] [robojudo.tools.dof] [DoF] override stiffness with [100, 100, 100, 200, 20, 20, 100, 100, 100, 200, 20, 20, 200, 200, 200, 40, 40, 40, 40, 20, 20, 20, 40, 40, 40, 40, 20, 20, 20]
05-12 23:45:33.112 [DEBUG] [robojudo.tools.dof] [DoF] override damping with [2.5, 2.5, 2.5, 5.0, 0.2, 0.1, 2.5, 2.5, 2.5, 5.0, 0.2, 0.1, 6.0, 6.0, 6.0, 2.0, 2.0, 2.0, 2.0, 2.0, 2.0, 2.0, 2.0, 2.0, 2.0, 2.0, 2.0, 2.0, 2.0]
05-12 23:45:33.112 [DEBUG] [robojudo.tools.dof] [DoF] override torque_limits with [88.0, 88.0, 88.0, 139.0, 50.0, 50.0, 88.0, 88.0, 88.0, 139.0, 50.0, 50.0, 200.0, 200.0, 200.0, 40.0, 40.0, 18.0, 18.0, 10.0, 10.0, 10.0, 40.0, 40.0, 18.0, 18.0, 10.0, 10.0, 10.0]
05-12 23:45:33.112 [DEBUG] [robojudo.tools.dof] [DoF] override position_limits with [[-2.5307, 2.8798], [-0.5236, 2.9671], [-2.7576, 2.7576], [-0.087267, 2.8798], [-0.87267, 0.5236], [-0.2618, 0.2618], [-2.5307, 2.8798], [-2.9671, 0.5236], [-2.7576, 2.7576], [-0.087267, 2.8798], [-0.87267, 0.5236], [-0.2618, 0.2618], [-2.618, 2.618], [-0.52, 0.52], [-0.52, 0.52], [-3.0892, 2.6704], [-1.5882, 2.2515], [-2.618, 2.618], [-1.0472, 2.0944], [-1.972222054, 1.972222054], [-1.614429558, 1.614429558], [-1.614429558, 1.614429558], [-3.0892, 2.6704], [-2.2515, 1.5882], [-2.618, 2.618], [-1.0472, 2.0944], [-1.972222054, 1.972222054], [-1.614429558, 1.614429558], [-1.614429558, 1.614429558]]
05-12 23:45:33.119 [INFO] [robojudo.pipeline.rl_pipeline] Pipeline reset
05-12 23:45:33.119 [DEBUG] [robojudo.policy.base_policy] Initializing history buffer as 4 x 12
05-12 23:45:33.119 [INFO] [robojudo.pipeline.rl_pipeline] Pipeline reset
05-12 23:45:33.119 [DEBUG] [robojudo.policy.base_policy] Initializing history buffer as 4 x 12
05-12 23:46:12.462 [DEBUG] [robojudo] ========== robojudo-1.5.0 init done ==========

05-12 23:46:12.464 [INFO] [robojudo.pipeline.base_pipeline] Using device: cpu
05-12 23:46:12.468 [INFO] [robojudo.utils.rotation] base set to pos: [0. 0. 0.], quat: [0. 0. 0. 1.]
05-12 23:46:13.028 [DEBUG] [robojudo.policy.asap_policy] Loading mimic policy '20250109_231507-noDR_rand_history_loco_stand_height_noise-decoupled_locomotion-g1_29dof' from /home/luis/palingenesys/asimovbm/g1_slam/third_party/RoboJuDo/assets/models/g1/asap/dec_loco/20250109_231507-noDR_rand_history_loco_stand_height_noise-decoupled_locomotion-g1_29dof/model_6600.onnx
05-12 23:46:13.037 [DEBUG] [robojudo.policy.base_policy] Initializing history buffer as 4 x 12
05-12 23:46:13.037 [DEBUG] [robojudo.tools.dof] [DoF] override default_pos with [-0.1, 0.0, 0.0, 0.3, -0.2, 0.0, -0.1, 0.0, 0.0, 0.3, -0.2, 0.0, 0.0, 0.0, 0.0, 0.0, 0.0, 0.0, 0.0, 0.0, 0.0, 0.0, 0.0, 0.0, 0.0, 0.0, 0.0, 0.0, 0.0]
05-12 23:46:13.037 [DEBUG] [robojudo.tools.dof] [DoF] override stiffness with [100, 100, 100, 200, 20, 20, 100, 100, 100, 200, 20, 20, 200, 200, 200, 40, 40, 40, 40, 20, 20, 20, 40, 40, 40, 40, 20, 20, 20]
05-12 23:46:13.037 [DEBUG] [robojudo.tools.dof] [DoF] override damping with [2.5, 2.5, 2.5, 5.0, 0.2, 0.1, 2.5, 2.5, 2.5, 5.0, 0.2, 0.1, 6.0, 6.0, 6.0, 2.0, 2.0, 2.0, 2.0, 2.0, 2.0, 2.0, 2.0, 2.0, 2.0, 2.0, 2.0, 2.0, 2.0]
05-12 23:46:13.038 [DEBUG] [robojudo.tools.dof] [DoF] override torque_limits with [88.0, 88.0, 88.0, 139.0, 50.0, 50.0, 88.0, 88.0, 88.0, 139.0, 50.0, 50.0, 200.0, 200.0, 200.0, 40.0, 40.0, 18.0, 18.0, 10.0, 10.0, 10.0, 40.0, 40.0, 18.0, 18.0, 10.0, 10.0, 10.0]
05-12 23:46:13.038 [DEBUG] [robojudo.tools.dof] [DoF] override position_limits with [[-2.5307, 2.8798], [-0.5236, 2.9671], [-2.7576, 2.7576], [-0.087267, 2.8798], [-0.87267, 0.5236], [-0.2618, 0.2618], [-2.5307, 2.8798], [-2.9671, 0.5236], [-2.7576, 2.7576], [-0.087267, 2.8798], [-0.87267, 0.5236], [-0.2618, 0.2618], [-2.618, 2.618], [-0.52, 0.52], [-0.52, 0.52], [-3.0892, 2.6704], [-1.5882, 2.2515], [-2.618, 2.618], [-1.0472, 2.0944], [-1.972222054, 1.972222054], [-1.614429558, 1.614429558], [-1.614429558, 1.614429558], [-3.0892, 2.6704], [-2.2515, 1.5882], [-2.618, 2.618], [-1.0472, 2.0944], [-1.972222054, 1.972222054], [-1.614429558, 1.614429558], [-1.614429558, 1.614429558]]
05-12 23:46:13.051 [INFO] [robojudo.pipeline.rl_pipeline] Pipeline reset
05-12 23:46:13.052 [DEBUG] [robojudo.policy.base_policy] Initializing history buffer as 4 x 12
05-12 23:46:13.052 [INFO] [robojudo.pipeline.rl_pipeline] Pipeline reset
05-12 23:46:13.052 [DEBUG] [robojudo.policy.base_policy] Initializing history buffer as 4 x 12
05-12 23:46:47.617 [DEBUG] [robojudo] ========== robojudo-1.5.0 init done ==========

05-12 23:46:47.619 [INFO] [robojudo.pipeline.base_pipeline] Using device: cpu
05-12 23:46:47.623 [INFO] [robojudo.utils.rotation] base set to pos: [0. 0. 0.], quat: [0. 0. 0. 1.]
05-12 23:46:48.196 [DEBUG] [robojudo.policy.asap_policy] Loading mimic policy '20250109_231507-noDR_rand_history_loco_stand_height_noise-decoupled_locomotion-g1_29dof' from /home/luis/palingenesys/asimovbm/g1_slam/third_party/RoboJuDo/assets/models/g1/asap/dec_loco/20250109_231507-noDR_rand_history_loco_stand_height_noise-decoupled_locomotion-g1_29dof/model_6600.onnx
05-12 23:46:48.202 [DEBUG] [robojudo.policy.base_policy] Initializing history buffer as 4 x 12
05-12 23:46:48.202 [DEBUG] [robojudo.tools.dof] [DoF] override default_pos with [-0.1, 0.0, 0.0, 0.3, -0.2, 0.0, -0.1, 0.0, 0.0, 0.3, -0.2, 0.0, 0.0, 0.0, 0.0, 0.0, 0.0, 0.0, 0.0, 0.0, 0.0, 0.0, 0.0, 0.0, 0.0, 0.0, 0.0, 0.0, 0.0]
05-12 23:46:48.202 [DEBUG] [robojudo.tools.dof] [DoF] override stiffness with [100, 100, 100, 200, 20, 20, 100, 100, 100, 200, 20, 20, 200, 200, 200, 40, 40, 40, 40, 20, 20, 20, 40, 40, 40, 40, 20, 20, 20]
05-12 23:46:48.203 [DEBUG] [robojudo.tools.dof] [DoF] override damping with [2.5, 2.5, 2.5, 5.0, 0.2, 0.1, 2.5, 2.5, 2.5, 5.0, 0.2, 0.1, 6.0, 6.0, 6.0, 2.0, 2.0, 2.0, 2.0, 2.0, 2.0, 2.0, 2.0, 2.0, 2.0, 2.0, 2.0, 2.0, 2.0]
05-12 23:46:48.203 [DEBUG] [robojudo.tools.dof] [DoF] override torque_limits with [88.0, 88.0, 88.0, 139.0, 50.0, 50.0, 88.0, 88.0, 88.0, 139.0, 50.0, 50.0, 200.0, 200.0, 200.0, 40.0, 40.0, 18.0, 18.0, 10.0, 10.0, 10.0, 40.0, 40.0, 18.0, 18.0, 10.0, 10.0, 10.0]
05-12 23:46:48.203 [DEBUG] [robojudo.tools.dof] [DoF] override position_limits with [[-2.5307, 2.8798], [-0.5236, 2.9671], [-2.7576, 2.7576], [-0.087267, 2.8798], [-0.87267, 0.5236], [-0.2618, 0.2618], [-2.5307, 2.8798], [-2.9671, 0.5236], [-2.7576, 2.7576], [-0.087267, 2.8798], [-0.87267, 0.5236], [-0.2618, 0.2618], [-2.618, 2.618], [-0.52, 0.52], [-0.52, 0.52], [-3.0892, 2.6704], [-1.5882, 2.2515], [-2.618, 2.618], [-1.0472, 2.0944], [-1.972222054, 1.972222054], [-1.614429558, 1.614429558], [-1.614429558, 1.614429558], [-3.0892, 2.6704], [-2.2515, 1.5882], [-2.618, 2.618], [-1.0472, 2.0944], [-1.972222054, 1.972222054], [-1.614429558, 1.614429558], [-1.614429558, 1.614429558]]
05-12 23:46:48.210 [INFO] [robojudo.pipeline.rl_pipeline] Pipeline reset
05-12 23:46:48.211 [DEBUG] [robojudo.policy.base_policy] Initializing history buffer as 4 x 12
05-12 23:46:48.211 [INFO] [robojudo.pipeline.rl_pipeline] Pipeline reset
05-12 23:46:48.211 [DEBUG] [robojudo.policy.base_policy] Initializing history buffer as 4 x 12
05-13 21:52:26.096 [DEBUG] [robojudo] ========== robojudo-1.5.0 init done ==========

05-13 21:52:26.101 [INFO] [robojudo.pipeline.base_pipeline] Using device: cpu
05-13 21:52:26.339 [DEBUG] [robojudo.tools.kinematics] Loaded model from /home/nico/Code/asimovbm/g1_slam/third_party/RoboJuDo/assets/robots/g1/g1_29dof_nav.xml
05-13 21:52:26.340 [DEBUG] [robojudo.tools.kinematics] [MujocoKinematics] set fk with 29 joints
05-13 21:52:26.340 [INFO] [robojudo.utils.rotation] base set to pos: [0. 0. 0.], quat: [0. 0. 0. 1.]
05-13 21:52:27.048 [DEBUG] [robojudo.policy.base_policy] Loading jit from /home/nico/Code/asimovbm/g1_slam/third_party/RoboJuDo/assets/models/g1/unitree/policy_lstm_1.pt...
05-13 21:52:27.072 [DEBUG] [robojudo.policy.base_policy] Initializing history buffer as 0 x 0
05-13 21:52:27.072 [DEBUG] [robojudo.tools.dof] [DoF] override default_pos with [-0.1, 0.0, 0.0, 0.3, -0.2, 0.0, -0.1, 0.0, 0.0, 0.3, -0.2, 0.0, 0.0, 0.0, 0.0, 0.0, 0.0, 0.0, 0.0, 0.0, 0.0, 0.0, 0.0, 0.0, 0.0, 0.0, 0.0, 0.0, 0.0]
05-13 21:52:27.072 [DEBUG] [robojudo.tools.dof] [DoF] override stiffness with [100, 100, 100, 150, 40, 40, 100, 100, 100, 150, 40, 40, 200, 200, 200, 40, 40, 40, 40, 20, 20, 20, 40, 40, 40, 40, 20, 20, 20]
05-13 21:52:27.073 [DEBUG] [robojudo.tools.dof] [DoF] override damping with [2, 2, 2, 4, 2, 2, 2, 2, 2, 4, 2, 2, 6, 6, 6, 2, 2, 2, 2, 2, 2, 2, 2, 2, 2, 2, 2, 2, 2]
05-13 21:52:27.073 [DEBUG] [robojudo.tools.dof] [DoF] override torque_limits with [88, 88, 88, 139, 50, 50, 88, 88, 88, 139, 50, 50, 200, 200, 200, 40, 40, 18, 18, 10, 10, 10, 40, 40, 18, 18, 10, 10, 10]
05-13 21:52:27.177 [INFO] [robojudo.pipeline.rl_pipeline] Pipeline reset
05-13 21:52:27.178 [INFO] [robojudo.utils.rotation] base set to pos: [-2.00667259e-07  9.86642377e-08  0.00000000e+00], quat: [0.00000000e+00 0.00000000e+00 2.38306831e-09 1.00000000e+00]
05-13 21:52:27.179 [DEBUG] [robojudo.policy.base_policy] Initializing history buffer as 0 x 0
05-13 21:52:27.179 [INFO] [robojudo.pipeline.rl_pipeline] Pipeline reset
05-13 21:52:27.180 [INFO] [robojudo.utils.rotation] base set to pos: [-2.00667259e-07  9.86642377e-08  0.00000000e+00], quat: [0.00000000e+00 0.00000000e+00 2.38306831e-09 1.00000000e+00]
05-13 21:52:27.181 [DEBUG] [robojudo.policy.base_policy] Initializing history buffer as 0 x 0
05-13 21:52:36.780 [DEBUG] [robojudo] ========== robojudo-1.5.0 init done ==========

05-13 21:52:36.783 [INFO] [robojudo.pipeline.base_pipeline] Using device: cpu
05-13 21:52:36.980 [DEBUG] [robojudo.tools.kinematics] Loaded model from /home/nico/Code/asimovbm/g1_slam/third_party/RoboJuDo/assets/robots/g1/g1_29dof_nav.xml
05-13 21:52:36.981 [DEBUG] [robojudo.tools.kinematics] [MujocoKinematics] set fk with 29 joints
05-13 21:52:36.981 [INFO] [robojudo.utils.rotation] base set to pos: [0. 0. 0.], quat: [0. 0. 0. 1.]
05-13 21:52:37.602 [DEBUG] [robojudo.policy.base_policy] Loading jit from /home/nico/Code/asimovbm/g1_slam/third_party/RoboJuDo/assets/models/g1/unitree/policy_lstm_1.pt...
05-13 21:52:37.617 [DEBUG] [robojudo.policy.base_policy] Initializing history buffer as 0 x 0
05-13 21:52:37.618 [DEBUG] [robojudo.tools.dof] [DoF] override default_pos with [-0.1, 0.0, 0.0, 0.3, -0.2, 0.0, -0.1, 0.0, 0.0, 0.3, -0.2, 0.0, 0.0, 0.0, 0.0, 0.0, 0.0, 0.0, 0.0, 0.0, 0.0, 0.0, 0.0, 0.0, 0.0, 0.0, 0.0, 0.0, 0.0]
05-13 21:52:37.618 [DEBUG] [robojudo.tools.dof] [DoF] override stiffness with [100, 100, 100, 150, 40, 40, 100, 100, 100, 150, 40, 40, 200, 200, 200, 40, 40, 40, 40, 20, 20, 20, 40, 40, 40, 40, 20, 20, 20]
05-13 21:52:37.618 [DEBUG] [robojudo.tools.dof] [DoF] override damping with [2, 2, 2, 4, 2, 2, 2, 2, 2, 4, 2, 2, 6, 6, 6, 2, 2, 2, 2, 2, 2, 2, 2, 2, 2, 2, 2, 2, 2]
05-13 21:52:37.618 [DEBUG] [robojudo.tools.dof] [DoF] override torque_limits with [88, 88, 88, 139, 50, 50, 88, 88, 88, 139, 50, 50, 200, 200, 200, 40, 40, 18, 18, 10, 10, 10, 40, 40, 18, 18, 10, 10, 10]
05-13 21:52:37.679 [INFO] [robojudo.pipeline.rl_pipeline] Pipeline reset
05-13 21:52:37.680 [INFO] [robojudo.utils.rotation] base set to pos: [-2.00667259e-07  9.86642377e-08  0.00000000e+00], quat: [0.00000000e+00 0.00000000e+00 2.38306831e-09 1.00000000e+00]
05-13 21:52:37.681 [DEBUG] [robojudo.policy.base_policy] Initializing history buffer as 0 x 0
05-13 21:52:37.681 [INFO] [robojudo.pipeline.rl_pipeline] Pipeline reset
05-13 21:52:37.682 [INFO] [robojudo.utils.rotation] base set to pos: [-2.00667259e-07  9.86642377e-08  0.00000000e+00], quat: [0.00000000e+00 0.00000000e+00 2.38306831e-09 1.00000000e+00]
05-13 21:52:37.683 [DEBUG] [robojudo.policy.base_policy] Initializing history buffer as 0 x 0
05-13 21:52:46.069 [DEBUG] [robojudo] ========== robojudo-1.5.0 init done ==========

05-13 21:52:46.072 [INFO] [robojudo.pipeline.base_pipeline] Using device: cpu
05-13 21:52:46.278 [DEBUG] [robojudo.tools.kinematics] Loaded model from /home/nico/Code/asimovbm/g1_slam/third_party/RoboJuDo/assets/robots/g1/g1_29dof_nav.xml
05-13 21:52:46.279 [DEBUG] [robojudo.tools.kinematics] [MujocoKinematics] set fk with 29 joints
05-13 21:52:46.279 [INFO] [robojudo.utils.rotation] base set to pos: [0. 0. 0.], quat: [0. 0. 0. 1.]
05-13 21:52:46.906 [DEBUG] [robojudo.policy.base_policy] Loading jit from /home/nico/Code/asimovbm/g1_slam/third_party/RoboJuDo/assets/models/g1/unitree/policy_lstm_1.pt...
05-13 21:52:46.920 [DEBUG] [robojudo.policy.base_policy] Initializing history buffer as 0 x 0
05-13 21:52:46.920 [DEBUG] [robojudo.tools.dof] [DoF] override default_pos with [-0.1, 0.0, 0.0, 0.3, -0.2, 0.0, -0.1, 0.0, 0.0, 0.3, -0.2, 0.0, 0.0, 0.0, 0.0, 0.0, 0.0, 0.0, 0.0, 0.0, 0.0, 0.0, 0.0, 0.0, 0.0, 0.0, 0.0, 0.0, 0.0]
05-13 21:52:46.921 [DEBUG] [robojudo.tools.dof] [DoF] override stiffness with [100, 100, 100, 150, 40, 40, 100, 100, 100, 150, 40, 40, 200, 200, 200, 40, 40, 40, 40, 20, 20, 20, 40, 40, 40, 40, 20, 20, 20]
05-13 21:52:46.921 [DEBUG] [robojudo.tools.dof] [DoF] override damping with [2, 2, 2, 4, 2, 2, 2, 2, 2, 4, 2, 2, 6, 6, 6, 2, 2, 2, 2, 2, 2, 2, 2, 2, 2, 2, 2, 2, 2]
05-13 21:52:46.921 [DEBUG] [robojudo.tools.dof] [DoF] override torque_limits with [88, 88, 88, 139, 50, 50, 88, 88, 88, 139, 50, 50, 200, 200, 200, 40, 40, 18, 18, 10, 10, 10, 40, 40, 18, 18, 10, 10, 10]
05-13 21:52:46.981 [INFO] [robojudo.pipeline.rl_pipeline] Pipeline reset
05-13 21:52:46.982 [INFO] [robojudo.utils.rotation] base set to pos: [-2.00667259e-07  9.86642377e-08  0.00000000e+00], quat: [0.00000000e+00 0.00000000e+00 2.38306831e-09 1.00000000e+00]
05-13 21:52:46.983 [DEBUG] [robojudo.policy.base_policy] Initializing history buffer as 0 x 0
05-13 21:52:46.983 [INFO] [robojudo.pipeline.rl_pipeline] Pipeline reset
05-13 21:52:46.984 [INFO] [robojudo.utils.rotation] base set to pos: [-2.00667259e-07  9.86642377e-08  0.00000000e+00], quat: [0.00000000e+00 0.00000000e+00 2.38306831e-09 1.00000000e+00]
05-13 21:52:46.985 [DEBUG] [robojudo.policy.base_policy] Initializing history buffer as 0 x 0
05-13 22:06:17.654 [DEBUG] [robojudo] ========== robojudo-1.5.0 init done ==========

05-13 22:06:17.657 [INFO] [robojudo.pipeline.base_pipeline] Using device: cpu
05-13 22:06:17.834 [DEBUG] [robojudo.tools.kinematics] Loaded model from /home/nico/Code/asimovbm/g1_slam/third_party/RoboJuDo/assets/robots/g1/g1_29dof_nav.xml
05-13 22:06:17.834 [DEBUG] [robojudo.tools.kinematics] [MujocoKinematics] set fk with 29 joints
05-13 22:06:17.834 [INFO] [robojudo.utils.rotation] base set to pos: [0. 0. 0.], quat: [0. 0. 0. 1.]
05-13 22:06:18.421 [DEBUG] [robojudo.policy.base_policy] Loading jit from /home/nico/Code/asimovbm/g1_slam/third_party/RoboJuDo/assets/models/g1/unitree/policy_lstm_1.pt...
05-13 22:06:18.436 [DEBUG] [robojudo.policy.base_policy] Initializing history buffer as 0 x 0
05-13 22:06:18.436 [DEBUG] [robojudo.tools.dof] [DoF] override default_pos with [-0.1, 0.0, 0.0, 0.3, -0.2, 0.0, -0.1, 0.0, 0.0, 0.3, -0.2, 0.0, 0.0, 0.0, 0.0, 0.0, 0.0, 0.0, 0.0, 0.0, 0.0, 0.0, 0.0, 0.0, 0.0, 0.0, 0.0, 0.0, 0.0]
05-13 22:06:18.436 [DEBUG] [robojudo.tools.dof] [DoF] override stiffness with [100, 100, 100, 150, 40, 40, 100, 100, 100, 150, 40, 40, 200, 200, 200, 40, 40, 40, 40, 20, 20, 20, 40, 40, 40, 40, 20, 20, 20]
05-13 22:06:18.436 [DEBUG] [robojudo.tools.dof] [DoF] override damping with [2, 2, 2, 4, 2, 2, 2, 2, 2, 4, 2, 2, 6, 6, 6, 2, 2, 2, 2, 2, 2, 2, 2, 2, 2, 2, 2, 2, 2]
05-13 22:06:18.437 [DEBUG] [robojudo.tools.dof] [DoF] override torque_limits with [88, 88, 88, 139, 50, 50, 88, 88, 88, 139, 50, 50, 200, 200, 200, 40, 40, 18, 18, 10, 10, 10, 40, 40, 18, 18, 10, 10, 10]
05-13 22:06:18.493 [INFO] [robojudo.pipeline.rl_pipeline] Pipeline reset
05-13 22:06:18.494 [INFO] [robojudo.utils.rotation] base set to pos: [-2.00667259e-07  9.86642377e-08  0.00000000e+00], quat: [0.00000000e+00 0.00000000e+00 2.38306831e-09 1.00000000e+00]
05-13 22:06:18.495 [DEBUG] [robojudo.policy.base_policy] Initializing history buffer as 0 x 0
05-13 22:06:18.495 [INFO] [robojudo.pipeline.rl_pipeline] Pipeline reset
05-13 22:06:18.496 [INFO] [robojudo.utils.rotation] base set to pos: [-2.00667259e-07  9.86642377e-08  0.00000000e+00], quat: [0.00000000e+00 0.00000000e+00 2.38306831e-09 1.00000000e+00]
05-13 22:06:18.496 [DEBUG] [robojudo.policy.base_policy] Initializing history buffer as 0 x 0
05-13 22:06:26.911 [DEBUG] [robojudo] ========== robojudo-1.5.0 init done ==========

05-13 22:06:26.913 [INFO] [robojudo.pipeline.base_pipeline] Using device: cpu
05-13 22:06:27.092 [DEBUG] [robojudo.tools.kinematics] Loaded model from /home/nico/Code/asimovbm/g1_slam/third_party/RoboJuDo/assets/robots/g1/g1_29dof_nav.xml
05-13 22:06:27.092 [DEBUG] [robojudo.tools.kinematics] [MujocoKinematics] set fk with 29 joints
05-13 22:06:27.092 [INFO] [robojudo.utils.rotation] base set to pos: [0. 0. 0.], quat: [0. 0. 0. 1.]
05-13 22:06:27.676 [DEBUG] [robojudo.policy.base_policy] Loading jit from /home/nico/Code/asimovbm/g1_slam/third_party/RoboJuDo/assets/models/g1/unitree/policy_lstm_1.pt...
05-13 22:06:27.691 [DEBUG] [robojudo.policy.base_policy] Initializing history buffer as 0 x 0
05-13 22:06:27.691 [DEBUG] [robojudo.tools.dof] [DoF] override default_pos with [-0.1, 0.0, 0.0, 0.3, -0.2, 0.0, -0.1, 0.0, 0.0, 0.3, -0.2, 0.0, 0.0, 0.0, 0.0, 0.0, 0.0, 0.0, 0.0, 0.0, 0.0, 0.0, 0.0, 0.0, 0.0, 0.0, 0.0, 0.0, 0.0]
05-13 22:06:27.691 [DEBUG] [robojudo.tools.dof] [DoF] override stiffness with [100, 100, 100, 150, 40, 40, 100, 100, 100, 150, 40, 40, 200, 200, 200, 40, 40, 40, 40, 20, 20, 20, 40, 40, 40, 40, 20, 20, 20]
05-13 22:06:27.691 [DEBUG] [robojudo.tools.dof] [DoF] override damping with [2, 2, 2, 4, 2, 2, 2, 2, 2, 4, 2, 2, 6, 6, 6, 2, 2, 2, 2, 2, 2, 2, 2, 2, 2, 2, 2, 2, 2]
05-13 22:06:27.691 [DEBUG] [robojudo.tools.dof] [DoF] override torque_limits with [88, 88, 88, 139, 50, 50, 88, 88, 88, 139, 50, 50, 200, 200, 200, 40, 40, 18, 18, 10, 10, 10, 40, 40, 18, 18, 10, 10, 10]
05-13 22:06:27.754 [INFO] [robojudo.pipeline.rl_pipeline] Pipeline reset
05-13 22:06:27.755 [INFO] [robojudo.utils.rotation] base set to pos: [-2.00667259e-07  9.86642377e-08  0.00000000e+00], quat: [0.00000000e+00 0.00000000e+00 2.38306831e-09 1.00000000e+00]
05-13 22:06:27.756 [DEBUG] [robojudo.policy.base_policy] Initializing history buffer as 0 x 0
05-13 22:06:27.756 [INFO] [robojudo.pipeline.rl_pipeline] Pipeline reset
05-13 22:06:27.757 [INFO] [robojudo.utils.rotation] base set to pos: [-2.00667259e-07  9.86642377e-08  0.00000000e+00], quat: [0.00000000e+00 0.00000000e+00 2.38306831e-09 1.00000000e+00]
05-13 22:06:27.757 [DEBUG] [robojudo.policy.base_policy] Initializing history buffer as 0 x 0
05-13 22:06:42.331 [DEBUG] [robojudo] ========== robojudo-1.5.0 init done ==========

05-13 22:06:42.334 [INFO] [robojudo.pipeline.base_pipeline] Using device: cpu
05-13 22:06:42.515 [DEBUG] [robojudo.tools.kinematics] Loaded model from /home/nico/Code/asimovbm/g1_slam/third_party/RoboJuDo/assets/robots/g1/g1_29dof_nav.xml
05-13 22:06:42.516 [DEBUG] [robojudo.tools.kinematics] [MujocoKinematics] set fk with 29 joints
05-13 22:06:42.516 [INFO] [robojudo.utils.rotation] base set to pos: [0. 0. 0.], quat: [0. 0. 0. 1.]
05-13 22:06:43.110 [DEBUG] [robojudo.policy.base_policy] Loading jit from /home/nico/Code/asimovbm/g1_slam/third_party/RoboJuDo/assets/models/g1/unitree/policy_lstm_1.pt...
05-13 22:06:43.125 [DEBUG] [robojudo.policy.base_policy] Initializing history buffer as 0 x 0
05-13 22:06:43.125 [DEBUG] [robojudo.tools.dof] [DoF] override default_pos with [-0.1, 0.0, 0.0, 0.3, -0.2, 0.0, -0.1, 0.0, 0.0, 0.3, -0.2, 0.0, 0.0, 0.0, 0.0, 0.0, 0.0, 0.0, 0.0, 0.0, 0.0, 0.0, 0.0, 0.0, 0.0, 0.0, 0.0, 0.0, 0.0]
05-13 22:06:43.126 [DEBUG] [robojudo.tools.dof] [DoF] override stiffness with [100, 100, 100, 150, 40, 40, 100, 100, 100, 150, 40, 40, 200, 200, 200, 40, 40, 40, 40, 20, 20, 20, 40, 40, 40, 40, 20, 20, 20]
05-13 22:06:43.126 [DEBUG] [robojudo.tools.dof] [DoF] override damping with [2, 2, 2, 4, 2, 2, 2, 2, 2, 4, 2, 2, 6, 6, 6, 2, 2, 2, 2, 2, 2, 2, 2, 2, 2, 2, 2, 2, 2]
05-13 22:06:43.126 [DEBUG] [robojudo.tools.dof] [DoF] override torque_limits with [88, 88, 88, 139, 50, 50, 88, 88, 88, 139, 50, 50, 200, 200, 200, 40, 40, 18, 18, 10, 10, 10, 40, 40, 18, 18, 10, 10, 10]
05-13 22:06:43.184 [INFO] [robojudo.pipeline.rl_pipeline] Pipeline reset
05-13 22:06:43.186 [INFO] [robojudo.utils.rotation] base set to pos: [-2.00667259e-07  9.86642377e-08  0.00000000e+00], quat: [0.00000000e+00 0.00000000e+00 2.38306831e-09 1.00000000e+00]
05-13 22:06:43.186 [DEBUG] [robojudo.policy.base_policy] Initializing history buffer as 0 x 0
05-13 22:06:43.187 [INFO] [robojudo.pipeline.rl_pipeline] Pipeline reset
05-13 22:06:43.188 [INFO] [robojudo.utils.rotation] base set to pos: [-2.00667259e-07  9.86642377e-08  0.00000000e+00], quat: [0.00000000e+00 0.00000000e+00 2.38306831e-09 1.00000000e+00]
05-13 22:06:43.189 [DEBUG] [robojudo.policy.base_policy] Initializing history buffer as 0 x 0
05-14 00:51:55.454 [DEBUG] [robojudo] ========== robojudo-1.5.0 init done ==========

05-14 00:51:55.458 [INFO] [robojudo.pipeline.base_pipeline] Using device: cpu
05-14 00:51:55.459 [INFO] [robojudo.utils.rotation] base set to pos: [0. 0. 0.], quat: [0. 0. 0. 1.]
05-14 00:51:56.918 [DEBUG] [robojudo.policy.asap_policy] Loading mimic policy '20250109_231507-noDR_rand_history_loco_stand_height_noise-decoupled_locomotion-g1_29dof' from /home/nico/Code/asimovbm/g1_slam/third_party/RoboJuDo/assets/models/g1/asap/dec_loco/20250109_231507-noDR_rand_history_loco_stand_height_noise-decoupled_locomotion-g1_29dof/model_6600.onnx
05-14 00:51:56.939 [DEBUG] [robojudo.policy.base_policy] Initializing history buffer as 4 x 12
05-14 00:51:56.940 [DEBUG] [robojudo.tools.dof] [DoF] override default_pos with [-0.1, 0.0, 0.0, 0.3, -0.2, 0.0, -0.1, 0.0, 0.0, 0.3, -0.2, 0.0, 0.0, 0.0, 0.0, 0.0, 0.0, 0.0, 0.0, 0.0, 0.0, 0.0, 0.0, 0.0, 0.0, 0.0, 0.0, 0.0, 0.0]
05-14 00:51:56.940 [DEBUG] [robojudo.tools.dof] [DoF] override stiffness with [100, 100, 100, 200, 20, 20, 100, 100, 100, 200, 20, 20, 200, 200, 200, 40, 40, 40, 40, 20, 20, 20, 40, 40, 40, 40, 20, 20, 20]
05-14 00:51:56.940 [DEBUG] [robojudo.tools.dof] [DoF] override damping with [2.5, 2.5, 2.5, 5.0, 0.2, 0.1, 2.5, 2.5, 2.5, 5.0, 0.2, 0.1, 6.0, 6.0, 6.0, 2.0, 2.0, 2.0, 2.0, 2.0, 2.0, 2.0, 2.0, 2.0, 2.0, 2.0, 2.0, 2.0, 2.0]
05-14 00:51:56.940 [DEBUG] [robojudo.tools.dof] [DoF] override torque_limits with [88.0, 88.0, 88.0, 139.0, 50.0, 50.0, 88.0, 88.0, 88.0, 139.0, 50.0, 50.0, 200.0, 200.0, 200.0, 40.0, 40.0, 18.0, 18.0, 10.0, 10.0, 10.0, 40.0, 40.0, 18.0, 18.0, 10.0, 10.0, 10.0]
05-14 00:51:56.941 [DEBUG] [robojudo.tools.dof] [DoF] override position_limits with [[-2.5307, 2.8798], [-0.5236, 2.9671], [-2.7576, 2.7576], [-0.087267, 2.8798], [-0.87267, 0.5236], [-0.2618, 0.2618], [-2.5307, 2.8798], [-2.9671, 0.5236], [-2.7576, 2.7576], [-0.087267, 2.8798], [-0.87267, 0.5236], [-0.2618, 0.2618], [-2.618, 2.618], [-0.52, 0.52], [-0.52, 0.52], [-3.0892, 2.6704], [-1.5882, 2.2515], [-2.618, 2.618], [-1.0472, 2.0944], [-1.972222054, 1.972222054], [-1.614429558, 1.614429558], [-1.614429558, 1.614429558], [-3.0892, 2.6704], [-2.2515, 1.5882], [-2.618, 2.618], [-1.0472, 2.0944], [-1.972222054, 1.972222054], [-1.614429558, 1.614429558], [-1.614429558, 1.614429558]]
05-14 00:51:56.958 [INFO] [robojudo.pipeline.rl_pipeline] Pipeline reset
05-14 00:51:56.959 [DEBUG] [robojudo.policy.base_policy] Initializing history buffer as 4 x 12
05-14 00:51:56.960 [INFO] [robojudo.pipeline.rl_pipeline] Pipeline reset
05-14 00:51:56.960 [DEBUG] [robojudo.policy.base_policy] Initializing history buffer as 4 x 12
05-14 00:52:13.184 [DEBUG] [robojudo] ========== robojudo-1.5.0 init done ==========

05-14 00:52:13.190 [INFO] [robojudo.pipeline.base_pipeline] Using device: cpu
05-14 00:52:13.191 [INFO] [robojudo.utils.rotation] base set to pos: [0. 0. 0.], quat: [0. 0. 0. 1.]
05-14 00:52:13.877 [DEBUG] [robojudo.policy.asap_policy] Loading mimic policy '20250109_231507-noDR_rand_history_loco_stand_height_noise-decoupled_locomotion-g1_29dof' from /home/nico/Code/asimovbm/g1_slam/third_party/RoboJuDo/assets/models/g1/asap/dec_loco/20250109_231507-noDR_rand_history_loco_stand_height_noise-decoupled_locomotion-g1_29dof/model_6600.onnx
05-14 00:52:13.892 [DEBUG] [robojudo.policy.base_policy] Initializing history buffer as 4 x 12
05-14 00:52:13.895 [DEBUG] [robojudo.tools.dof] [DoF] override default_pos with [-0.1, 0.0, 0.0, 0.3, -0.2, 0.0, -0.1, 0.0, 0.0, 0.3, -0.2, 0.0, 0.0, 0.0, 0.0, 0.0, 0.0, 0.0, 0.0, 0.0, 0.0, 0.0, 0.0, 0.0, 0.0, 0.0, 0.0, 0.0, 0.0]
05-14 00:52:13.895 [DEBUG] [robojudo.tools.dof] [DoF] override stiffness with [100, 100, 100, 200, 20, 20, 100, 100, 100, 200, 20, 20, 200, 200, 200, 40, 40, 40, 40, 20, 20, 20, 40, 40, 40, 40, 20, 20, 20]
05-14 00:52:13.895 [DEBUG] [robojudo.tools.dof] [DoF] override damping with [2.5, 2.5, 2.5, 5.0, 0.2, 0.1, 2.5, 2.5, 2.5, 5.0, 0.2, 0.1, 6.0, 6.0, 6.0, 2.0, 2.0, 2.0, 2.0, 2.0, 2.0, 2.0, 2.0, 2.0, 2.0, 2.0, 2.0, 2.0, 2.0]
05-14 00:52:13.895 [DEBUG] [robojudo.tools.dof] [DoF] override torque_limits with [88.0, 88.0, 88.0, 139.0, 50.0, 50.0, 88.0, 88.0, 88.0, 139.0, 50.0, 50.0, 200.0, 200.0, 200.0, 40.0, 40.0, 18.0, 18.0, 10.0, 10.0, 10.0, 40.0, 40.0, 18.0, 18.0, 10.0, 10.0, 10.0]
05-14 00:52:13.899 [DEBUG] [robojudo.tools.dof] [DoF] override position_limits with [[-2.5307, 2.8798], [-0.5236, 2.9671], [-2.7576, 2.7576], [-0.087267, 2.8798], [-0.87267, 0.5236], [-0.2618, 0.2618], [-2.5307, 2.8798], [-2.9671, 0.5236], [-2.7576, 2.7576], [-0.087267, 2.8798], [-0.87267, 0.5236], [-0.2618, 0.2618], [-2.618, 2.618], [-0.52, 0.52], [-0.52, 0.52], [-3.0892, 2.6704], [-1.5882, 2.2515], [-2.618, 2.618], [-1.0472, 2.0944], [-1.972222054, 1.972222054], [-1.614429558, 1.614429558], [-1.614429558, 1.614429558], [-3.0892, 2.6704], [-2.2515, 1.5882], [-2.618, 2.618], [-1.0472, 2.0944], [-1.972222054, 1.972222054], [-1.614429558, 1.614429558], [-1.614429558, 1.614429558]]
05-14 00:52:13.912 [INFO] [robojudo.pipeline.rl_pipeline] Pipeline reset
05-14 00:52:13.912 [DEBUG] [robojudo.policy.base_policy] Initializing history buffer as 4 x 12
05-14 00:52:13.913 [INFO] [robojudo.pipeline.rl_pipeline] Pipeline reset
05-14 00:52:13.913 [DEBUG] [robojudo.policy.base_policy] Initializing history buffer as 4 x 12
05-14 00:52:30.807 [DEBUG] [robojudo] ========== robojudo-1.5.0 init done ==========

05-14 00:52:30.810 [INFO] [robojudo.pipeline.base_pipeline] Using device: cpu
05-14 00:52:30.811 [INFO] [robojudo.utils.rotation] base set to pos: [0. 0. 0.], quat: [0. 0. 0. 1.]
05-14 00:52:31.454 [DEBUG] [robojudo.policy.asap_policy] Loading mimic policy '20250109_231507-noDR_rand_history_loco_stand_height_noise-decoupled_locomotion-g1_29dof' from /home/nico/Code/asimovbm/g1_slam/third_party/RoboJuDo/assets/models/g1/asap/dec_loco/20250109_231507-noDR_rand_history_loco_stand_height_noise-decoupled_locomotion-g1_29dof/model_6600.onnx
05-14 00:52:31.469 [DEBUG] [robojudo.policy.base_policy] Initializing history buffer as 4 x 12
05-14 00:52:31.469 [DEBUG] [robojudo.tools.dof] [DoF] override default_pos with [-0.1, 0.0, 0.0, 0.3, -0.2, 0.0, -0.1, 0.0, 0.0, 0.3, -0.2, 0.0, 0.0, 0.0, 0.0, 0.0, 0.0, 0.0, 0.0, 0.0, 0.0, 0.0, 0.0, 0.0, 0.0, 0.0, 0.0, 0.0, 0.0]
05-14 00:52:31.471 [DEBUG] [robojudo.tools.dof] [DoF] override stiffness with [100, 100, 100, 200, 20, 20, 100, 100, 100, 200, 20, 20, 200, 200, 200, 40, 40, 40, 40, 20, 20, 20, 40, 40, 40, 40, 20, 20, 20]
05-14 00:52:31.472 [DEBUG] [robojudo.tools.dof] [DoF] override damping with [2.5, 2.5, 2.5, 5.0, 0.2, 0.1, 2.5, 2.5, 2.5, 5.0, 0.2, 0.1, 6.0, 6.0, 6.0, 2.0, 2.0, 2.0, 2.0, 2.0, 2.0, 2.0, 2.0, 2.0, 2.0, 2.0, 2.0, 2.0, 2.0]
05-14 00:52:31.472 [DEBUG] [robojudo.tools.dof] [DoF] override torque_limits with [88.0, 88.0, 88.0, 139.0, 50.0, 50.0, 88.0, 88.0, 88.0, 139.0, 50.0, 50.0, 200.0, 200.0, 200.0, 40.0, 40.0, 18.0, 18.0, 10.0, 10.0, 10.0, 40.0, 40.0, 18.0, 18.0, 10.0, 10.0, 10.0]
05-14 00:52:31.472 [DEBUG] [robojudo.tools.dof] [DoF] override position_limits with [[-2.5307, 2.8798], [-0.5236, 2.9671], [-2.7576, 2.7576], [-0.087267, 2.8798], [-0.87267, 0.5236], [-0.2618, 0.2618], [-2.5307, 2.8798], [-2.9671, 0.5236], [-2.7576, 2.7576], [-0.087267, 2.8798], [-0.87267, 0.5236], [-0.2618, 0.2618], [-2.618, 2.618], [-0.52, 0.52], [-0.52, 0.52], [-3.0892, 2.6704], [-1.5882, 2.2515], [-2.618, 2.618], [-1.0472, 2.0944], [-1.972222054, 1.972222054], [-1.614429558, 1.614429558], [-1.614429558, 1.614429558], [-3.0892, 2.6704], [-2.2515, 1.5882], [-2.618, 2.618], [-1.0472, 2.0944], [-1.972222054, 1.972222054], [-1.614429558, 1.614429558], [-1.614429558, 1.614429558]]
05-14 00:52:31.489 [INFO] [robojudo.pipeline.rl_pipeline] Pipeline reset
05-14 00:52:31.489 [DEBUG] [robojudo.policy.base_policy] Initializing history buffer as 4 x 12
05-14 00:52:31.489 [INFO] [robojudo.pipeline.rl_pipeline] Pipeline reset
05-14 00:52:31.489 [DEBUG] [robojudo.policy.base_policy] Initializing history buffer as 4 x 12
05-14 01:12:16.230 [DEBUG] [robojudo] ========== robojudo-1.5.0 init done ==========

05-14 01:12:16.234 [INFO] [robojudo.pipeline.base_pipeline] Using device: cpu
05-14 01:12:16.235 [INFO] [robojudo.utils.rotation] base set to pos: [0. 0. 0.], quat: [0. 0. 0. 1.]
05-14 01:12:17.068 [DEBUG] [robojudo.policy.asap_policy] Loading mimic policy '20250109_231507-noDR_rand_history_loco_stand_height_noise-decoupled_locomotion-g1_29dof' from /home/nico/Code/asimovbm/g1_slam/third_party/RoboJuDo/assets/models/g1/asap/dec_loco/20250109_231507-noDR_rand_history_loco_stand_height_noise-decoupled_locomotion-g1_29dof/model_6600.onnx
05-14 01:12:17.082 [DEBUG] [robojudo.policy.base_policy] Initializing history buffer as 4 x 12
05-14 01:12:17.082 [DEBUG] [robojudo.tools.dof] [DoF] override default_pos with [-0.1, 0.0, 0.0, 0.3, -0.2, 0.0, -0.1, 0.0, 0.0, 0.3, -0.2, 0.0, 0.0, 0.0, 0.0, 0.0, 0.0, 0.0, 0.0, 0.0, 0.0, 0.0, 0.0, 0.0, 0.0, 0.0, 0.0, 0.0, 0.0]
05-14 01:12:17.083 [DEBUG] [robojudo.tools.dof] [DoF] override stiffness with [100, 100, 100, 200, 20, 20, 100, 100, 100, 200, 20, 20, 200, 200, 200, 40, 40, 40, 40, 20, 20, 20, 40, 40, 40, 40, 20, 20, 20]
05-14 01:12:17.083 [DEBUG] [robojudo.tools.dof] [DoF] override damping with [2.5, 2.5, 2.5, 5.0, 0.2, 0.1, 2.5, 2.5, 2.5, 5.0, 0.2, 0.1, 6.0, 6.0, 6.0, 2.0, 2.0, 2.0, 2.0, 2.0, 2.0, 2.0, 2.0, 2.0, 2.0, 2.0, 2.0, 2.0, 2.0]
05-14 01:12:17.083 [DEBUG] [robojudo.tools.dof] [DoF] override torque_limits with [88.0, 88.0, 88.0, 139.0, 50.0, 50.0, 88.0, 88.0, 88.0, 139.0, 50.0, 50.0, 200.0, 200.0, 200.0, 40.0, 40.0, 18.0, 18.0, 10.0, 10.0, 10.0, 40.0, 40.0, 18.0, 18.0, 10.0, 10.0, 10.0]
05-14 01:12:17.083 [DEBUG] [robojudo.tools.dof] [DoF] override position_limits with [[-2.5307, 2.8798], [-0.5236, 2.9671], [-2.7576, 2.7576], [-0.087267, 2.8798], [-0.87267, 0.5236], [-0.2618, 0.2618], [-2.5307, 2.8798], [-2.9671, 0.5236], [-2.7576, 2.7576], [-0.087267, 2.8798], [-0.87267, 0.5236], [-0.2618, 0.2618], [-2.618, 2.618], [-0.52, 0.52], [-0.52, 0.52], [-3.0892, 2.6704], [-1.5882, 2.2515], [-2.618, 2.618], [-1.0472, 2.0944], [-1.972222054, 1.972222054], [-1.614429558, 1.614429558], [-1.614429558, 1.614429558], [-3.0892, 2.6704], [-2.2515, 1.5882], [-2.618, 2.618], [-1.0472, 2.0944], [-1.972222054, 1.972222054], [-1.614429558, 1.614429558], [-1.614429558, 1.614429558]]
05-14 01:12:17.091 [INFO] [robojudo.pipeline.rl_pipeline] Pipeline reset
05-14 01:12:17.091 [DEBUG] [robojudo.policy.base_policy] Initializing history buffer as 4 x 12
05-14 01:12:17.091 [INFO] [robojudo.pipeline.rl_pipeline] Pipeline reset
05-14 01:12:17.092 [DEBUG] [robojudo.policy.base_policy] Initializing history buffer as 4 x 12
05-14 01:12:32.869 [DEBUG] [robojudo] ========== robojudo-1.5.0 init done ==========

05-14 01:12:32.873 [INFO] [robojudo.pipeline.base_pipeline] Using device: cpu
05-14 01:12:32.874 [INFO] [robojudo.utils.rotation] base set to pos: [0. 0. 0.], quat: [0. 0. 0. 1.]
05-14 01:12:33.574 [DEBUG] [robojudo.policy.asap_policy] Loading mimic policy '20250109_231507-noDR_rand_history_loco_stand_height_noise-decoupled_locomotion-g1_29dof' from /home/nico/Code/asimovbm/g1_slam/third_party/RoboJuDo/assets/models/g1/asap/dec_loco/20250109_231507-noDR_rand_history_loco_stand_height_noise-decoupled_locomotion-g1_29dof/model_6600.onnx
05-14 01:12:33.589 [DEBUG] [robojudo.policy.base_policy] Initializing history buffer as 4 x 12
05-14 01:12:33.593 [DEBUG] [robojudo.tools.dof] [DoF] override default_pos with [-0.1, 0.0, 0.0, 0.3, -0.2, 0.0, -0.1, 0.0, 0.0, 0.3, -0.2, 0.0, 0.0, 0.0, 0.0, 0.0, 0.0, 0.0, 0.0, 0.0, 0.0, 0.0, 0.0, 0.0, 0.0, 0.0, 0.0, 0.0, 0.0]
05-14 01:12:33.593 [DEBUG] [robojudo.tools.dof] [DoF] override stiffness with [100, 100, 100, 200, 20, 20, 100, 100, 100, 200, 20, 20, 200, 200, 200, 40, 40, 40, 40, 20, 20, 20, 40, 40, 40, 40, 20, 20, 20]
05-14 01:12:33.593 [DEBUG] [robojudo.tools.dof] [DoF] override damping with [2.5, 2.5, 2.5, 5.0, 0.2, 0.1, 2.5, 2.5, 2.5, 5.0, 0.2, 0.1, 6.0, 6.0, 6.0, 2.0, 2.0, 2.0, 2.0, 2.0, 2.0, 2.0, 2.0, 2.0, 2.0, 2.0, 2.0, 2.0, 2.0]
05-14 01:12:33.593 [DEBUG] [robojudo.tools.dof] [DoF] override torque_limits with [88.0, 88.0, 88.0, 139.0, 50.0, 50.0, 88.0, 88.0, 88.0, 139.0, 50.0, 50.0, 200.0, 200.0, 200.0, 40.0, 40.0, 18.0, 18.0, 10.0, 10.0, 10.0, 40.0, 40.0, 18.0, 18.0, 10.0, 10.0, 10.0]
05-14 01:12:33.594 [DEBUG] [robojudo.tools.dof] [DoF] override position_limits with [[-2.5307, 2.8798], [-0.5236, 2.9671], [-2.7576, 2.7576], [-0.087267, 2.8798], [-0.87267, 0.5236], [-0.2618, 0.2618], [-2.5307, 2.8798], [-2.9671, 0.5236], [-2.7576, 2.7576], [-0.087267, 2.8798], [-0.87267, 0.5236], [-0.2618, 0.2618], [-2.618, 2.618], [-0.52, 0.52], [-0.52, 0.52], [-3.0892, 2.6704], [-1.5882, 2.2515], [-2.618, 2.618], [-1.0472, 2.0944], [-1.972222054, 1.972222054], [-1.614429558, 1.614429558], [-1.614429558, 1.614429558], [-3.0892, 2.6704], [-2.2515, 1.5882], [-2.618, 2.618], [-1.0472, 2.0944], [-1.972222054, 1.972222054], [-1.614429558, 1.614429558], [-1.614429558, 1.614429558]]
05-14 01:12:33.614 [INFO] [robojudo.pipeline.rl_pipeline] Pipeline reset
05-14 01:12:33.615 [DEBUG] [robojudo.policy.base_policy] Initializing history buffer as 4 x 12
05-14 01:12:33.616 [INFO] [robojudo.pipeline.rl_pipeline] Pipeline reset
05-14 01:12:33.616 [DEBUG] [robojudo.policy.base_policy] Initializing history buffer as 4 x 12
05-14 01:12:56.367 [DEBUG] [robojudo] ========== robojudo-1.5.0 init done ==========

05-14 01:12:56.370 [INFO] [robojudo.pipeline.base_pipeline] Using device: cpu
05-14 01:12:56.371 [INFO] [robojudo.utils.rotation] base set to pos: [0. 0. 0.], quat: [0. 0. 0. 1.]
05-14 01:12:57.007 [DEBUG] [robojudo.policy.asap_policy] Loading mimic policy '20250109_231507-noDR_rand_history_loco_stand_height_noise-decoupled_locomotion-g1_29dof' from /home/nico/Code/asimovbm/g1_slam/third_party/RoboJuDo/assets/models/g1/asap/dec_loco/20250109_231507-noDR_rand_history_loco_stand_height_noise-decoupled_locomotion-g1_29dof/model_6600.onnx
05-14 01:12:57.024 [DEBUG] [robojudo.policy.base_policy] Initializing history buffer as 4 x 12
05-14 01:12:57.024 [DEBUG] [robojudo.tools.dof] [DoF] override default_pos with [-0.1, 0.0, 0.0, 0.3, -0.2, 0.0, -0.1, 0.0, 0.0, 0.3, -0.2, 0.0, 0.0, 0.0, 0.0, 0.0, 0.0, 0.0, 0.0, 0.0, 0.0, 0.0, 0.0, 0.0, 0.0, 0.0, 0.0, 0.0, 0.0]
05-14 01:12:57.024 [DEBUG] [robojudo.tools.dof] [DoF] override stiffness with [100, 100, 100, 200, 20, 20, 100, 100, 100, 200, 20, 20, 200, 200, 200, 40, 40, 40, 40, 20, 20, 20, 40, 40, 40, 40, 20, 20, 20]
05-14 01:12:57.025 [DEBUG] [robojudo.tools.dof] [DoF] override damping with [2.5, 2.5, 2.5, 5.0, 0.2, 0.1, 2.5, 2.5, 2.5, 5.0, 0.2, 0.1, 6.0, 6.0, 6.0, 2.0, 2.0, 2.0, 2.0, 2.0, 2.0, 2.0, 2.0, 2.0, 2.0, 2.0, 2.0, 2.0, 2.0]
05-14 01:12:57.025 [DEBUG] [robojudo.tools.dof] [DoF] override torque_limits with [88.0, 88.0, 88.0, 139.0, 50.0, 50.0, 88.0, 88.0, 88.0, 139.0, 50.0, 50.0, 200.0, 200.0, 200.0, 40.0, 40.0, 18.0, 18.0, 10.0, 10.0, 10.0, 40.0, 40.0, 18.0, 18.0, 10.0, 10.0, 10.0]
05-14 01:12:57.025 [DEBUG] [robojudo.tools.dof] [DoF] override position_limits with [[-2.5307, 2.8798], [-0.5236, 2.9671], [-2.7576, 2.7576], [-0.087267, 2.8798], [-0.87267, 0.5236], [-0.2618, 0.2618], [-2.5307, 2.8798], [-2.9671, 0.5236], [-2.7576, 2.7576], [-0.087267, 2.8798], [-0.87267, 0.5236], [-0.2618, 0.2618], [-2.618, 2.618], [-0.52, 0.52], [-0.52, 0.52], [-3.0892, 2.6704], [-1.5882, 2.2515], [-2.618, 2.618], [-1.0472, 2.0944], [-1.972222054, 1.972222054], [-1.614429558, 1.614429558], [-1.614429558, 1.614429558], [-3.0892, 2.6704], [-2.2515, 1.5882], [-2.618, 2.618], [-1.0472, 2.0944], [-1.972222054, 1.972222054], [-1.614429558, 1.614429558], [-1.614429558, 1.614429558]]
05-14 01:12:57.041 [INFO] [robojudo.pipeline.rl_pipeline] Pipeline reset
05-14 01:12:57.042 [DEBUG] [robojudo.policy.base_policy] Initializing history buffer as 4 x 12
05-14 01:12:57.042 [INFO] [robojudo.pipeline.rl_pipeline] Pipeline reset
05-14 01:12:57.042 [DEBUG] [robojudo.policy.base_policy] Initializing history buffer as 4 x 12
05-14 01:16:11.508 [DEBUG] [robojudo] ========== robojudo-1.5.0 init done ==========

05-14 01:16:11.511 [INFO] [robojudo.pipeline.base_pipeline] Using device: cpu
05-14 01:16:11.511 [INFO] [robojudo.utils.rotation] base set to pos: [0. 0. 0.], quat: [0. 0. 0. 1.]
05-14 01:16:12.146 [DEBUG] [robojudo.policy.asap_policy] Loading mimic policy '20250109_231507-noDR_rand_history_loco_stand_height_noise-decoupled_locomotion-g1_29dof' from /home/nico/Code/asimovbm/g1_slam/third_party/RoboJuDo/assets/models/g1/asap/dec_loco/20250109_231507-noDR_rand_history_loco_stand_height_noise-decoupled_locomotion-g1_29dof/model_6600.onnx
05-14 01:16:12.159 [DEBUG] [robojudo.policy.base_policy] Initializing history buffer as 4 x 12
05-14 01:16:12.160 [DEBUG] [robojudo.tools.dof] [DoF] override default_pos with [-0.1, 0.0, 0.0, 0.3, -0.2, 0.0, -0.1, 0.0, 0.0, 0.3, -0.2, 0.0, 0.0, 0.0, 0.0, 0.0, 0.0, 0.0, 0.0, 0.0, 0.0, 0.0, 0.0, 0.0, 0.0, 0.0, 0.0, 0.0, 0.0]
05-14 01:16:12.160 [DEBUG] [robojudo.tools.dof] [DoF] override stiffness with [100, 100, 100, 200, 20, 20, 100, 100, 100, 200, 20, 20, 200, 200, 200, 40, 40, 40, 40, 20, 20, 20, 40, 40, 40, 40, 20, 20, 20]
05-14 01:16:12.160 [DEBUG] [robojudo.tools.dof] [DoF] override damping with [2.5, 2.5, 2.5, 5.0, 0.2, 0.1, 2.5, 2.5, 2.5, 5.0, 0.2, 0.1, 6.0, 6.0, 6.0, 2.0, 2.0, 2.0, 2.0, 2.0, 2.0, 2.0, 2.0, 2.0, 2.0, 2.0, 2.0, 2.0, 2.0]
05-14 01:16:12.160 [DEBUG] [robojudo.tools.dof] [DoF] override torque_limits with [88.0, 88.0, 88.0, 139.0, 50.0, 50.0, 88.0, 88.0, 88.0, 139.0, 50.0, 50.0, 200.0, 200.0, 200.0, 40.0, 40.0, 18.0, 18.0, 10.0, 10.0, 10.0, 40.0, 40.0, 18.0, 18.0, 10.0, 10.0, 10.0]
05-14 01:16:12.161 [DEBUG] [robojudo.tools.dof] [DoF] override position_limits with [[-2.5307, 2.8798], [-0.5236, 2.9671], [-2.7576, 2.7576], [-0.087267, 2.8798], [-0.87267, 0.5236], [-0.2618, 0.2618], [-2.5307, 2.8798], [-2.9671, 0.5236], [-2.7576, 2.7576], [-0.087267, 2.8798], [-0.87267, 0.5236], [-0.2618, 0.2618], [-2.618, 2.618], [-0.52, 0.52], [-0.52, 0.52], [-3.0892, 2.6704], [-1.5882, 2.2515], [-2.618, 2.618], [-1.0472, 2.0944], [-1.972222054, 1.972222054], [-1.614429558, 1.614429558], [-1.614429558, 1.614429558], [-3.0892, 2.6704], [-2.2515, 1.5882], [-2.618, 2.618], [-1.0472, 2.0944], [-1.972222054, 1.972222054], [-1.614429558, 1.614429558], [-1.614429558, 1.614429558]]
05-14 01:16:12.168 [INFO] [robojudo.pipeline.rl_pipeline] Pipeline reset
05-14 01:16:12.168 [DEBUG] [robojudo.policy.base_policy] Initializing history buffer as 4 x 12
05-14 01:16:12.168 [INFO] [robojudo.pipeline.rl_pipeline] Pipeline reset
05-14 01:16:12.169 [DEBUG] [robojudo.policy.base_policy] Initializing history buffer as 4 x 12
05-14 01:16:27.164 [DEBUG] [robojudo] ========== robojudo-1.5.0 init done ==========

05-14 01:16:27.167 [INFO] [robojudo.pipeline.base_pipeline] Using device: cpu
05-14 01:16:27.167 [INFO] [robojudo.utils.rotation] base set to pos: [0. 0. 0.], quat: [0. 0. 0. 1.]
05-14 01:16:27.796 [DEBUG] [robojudo.policy.asap_policy] Loading mimic policy '20250109_231507-noDR_rand_history_loco_stand_height_noise-decoupled_locomotion-g1_29dof' from /home/nico/Code/asimovbm/g1_slam/third_party/RoboJuDo/assets/models/g1/asap/dec_loco/20250109_231507-noDR_rand_history_loco_stand_height_noise-decoupled_locomotion-g1_29dof/model_6600.onnx
05-14 01:16:27.806 [DEBUG] [robojudo.policy.base_policy] Initializing history buffer as 4 x 12
05-14 01:16:27.806 [DEBUG] [robojudo.tools.dof] [DoF] override default_pos with [-0.1, 0.0, 0.0, 0.3, -0.2, 0.0, -0.1, 0.0, 0.0, 0.3, -0.2, 0.0, 0.0, 0.0, 0.0, 0.0, 0.0, 0.0, 0.0, 0.0, 0.0, 0.0, 0.0, 0.0, 0.0, 0.0, 0.0, 0.0, 0.0]
05-14 01:16:27.807 [DEBUG] [robojudo.tools.dof] [DoF] override stiffness with [100, 100, 100, 200, 20, 20, 100, 100, 100, 200, 20, 20, 200, 200, 200, 40, 40, 40, 40, 20, 20, 20, 40, 40, 40, 40, 20, 20, 20]
05-14 01:16:27.807 [DEBUG] [robojudo.tools.dof] [DoF] override damping with [2.5, 2.5, 2.5, 5.0, 0.2, 0.1, 2.5, 2.5, 2.5, 5.0, 0.2, 0.1, 6.0, 6.0, 6.0, 2.0, 2.0, 2.0, 2.0, 2.0, 2.0, 2.0, 2.0, 2.0, 2.0, 2.0, 2.0, 2.0, 2.0]
05-14 01:16:27.807 [DEBUG] [robojudo.tools.dof] [DoF] override torque_limits with [88.0, 88.0, 88.0, 139.0, 50.0, 50.0, 88.0, 88.0, 88.0, 139.0, 50.0, 50.0, 200.0, 200.0, 200.0, 40.0, 40.0, 18.0, 18.0, 10.0, 10.0, 10.0, 40.0, 40.0, 18.0, 18.0, 10.0, 10.0, 10.0]
05-14 01:16:27.807 [DEBUG] [robojudo.tools.dof] [DoF] override position_limits with [[-2.5307, 2.8798], [-0.5236, 2.9671], [-2.7576, 2.7576], [-0.087267, 2.8798], [-0.87267, 0.5236], [-0.2618, 0.2618], [-2.5307, 2.8798], [-2.9671, 0.5236], [-2.7576, 2.7576], [-0.087267, 2.8798], [-0.87267, 0.5236], [-0.2618, 0.2618], [-2.618, 2.618], [-0.52, 0.52], [-0.52, 0.52], [-3.0892, 2.6704], [-1.5882, 2.2515], [-2.618, 2.618], [-1.0472, 2.0944], [-1.972222054, 1.972222054], [-1.614429558, 1.614429558], [-1.614429558, 1.614429558], [-3.0892, 2.6704], [-2.2515, 1.5882], [-2.618, 2.618], [-1.0472, 2.0944], [-1.972222054, 1.972222054], [-1.614429558, 1.614429558], [-1.614429558, 1.614429558]]
05-14 01:16:27.815 [INFO] [robojudo.pipeline.rl_pipeline] Pipeline reset
05-14 01:16:27.815 [DEBUG] [robojudo.policy.base_policy] Initializing history buffer as 4 x 12
05-14 01:16:27.815 [INFO] [robojudo.pipeline.rl_pipeline] Pipeline reset
05-14 01:16:27.816 [DEBUG] [robojudo.policy.base_policy] Initializing history buffer as 4 x 12
05-14 01:16:56.314 [DEBUG] [robojudo] ========== robojudo-1.5.0 init done ==========

05-14 01:16:56.317 [INFO] [robojudo.pipeline.base_pipeline] Using device: cpu
05-14 01:16:56.318 [INFO] [robojudo.utils.rotation] base set to pos: [0. 0. 0.], quat: [0. 0. 0. 1.]
05-14 01:16:56.947 [DEBUG] [robojudo.policy.asap_policy] Loading mimic policy '20250109_231507-noDR_rand_history_loco_stand_height_noise-decoupled_locomotion-g1_29dof' from /home/nico/Code/asimovbm/g1_slam/third_party/RoboJuDo/assets/models/g1/asap/dec_loco/20250109_231507-noDR_rand_history_loco_stand_height_noise-decoupled_locomotion-g1_29dof/model_6600.onnx
05-14 01:16:56.963 [DEBUG] [robojudo.policy.base_policy] Initializing history buffer as 4 x 12
05-14 01:16:56.967 [DEBUG] [robojudo.tools.dof] [DoF] override default_pos with [-0.1, 0.0, 0.0, 0.3, -0.2, 0.0, -0.1, 0.0, 0.0, 0.3, -0.2, 0.0, 0.0, 0.0, 0.0, 0.0, 0.0, 0.0, 0.0, 0.0, 0.0, 0.0, 0.0, 0.0, 0.0, 0.0, 0.0, 0.0, 0.0]
05-14 01:16:56.967 [DEBUG] [robojudo.tools.dof] [DoF] override stiffness with [100, 100, 100, 200, 20, 20, 100, 100, 100, 200, 20, 20, 200, 200, 200, 40, 40, 40, 40, 20, 20, 20, 40, 40, 40, 40, 20, 20, 20]
05-14 01:16:56.967 [DEBUG] [robojudo.tools.dof] [DoF] override damping with [2.5, 2.5, 2.5, 5.0, 0.2, 0.1, 2.5, 2.5, 2.5, 5.0, 0.2, 0.1, 6.0, 6.0, 6.0, 2.0, 2.0, 2.0, 2.0, 2.0, 2.0, 2.0, 2.0, 2.0, 2.0, 2.0, 2.0, 2.0, 2.0]
05-14 01:16:56.968 [DEBUG] [robojudo.tools.dof] [DoF] override torque_limits with [88.0, 88.0, 88.0, 139.0, 50.0, 50.0, 88.0, 88.0, 88.0, 139.0, 50.0, 50.0, 200.0, 200.0, 200.0, 40.0, 40.0, 18.0, 18.0, 10.0, 10.0, 10.0, 40.0, 40.0, 18.0, 18.0, 10.0, 10.0, 10.0]
05-14 01:16:56.968 [DEBUG] [robojudo.tools.dof] [DoF] override position_limits with [[-2.5307, 2.8798], [-0.5236, 2.9671], [-2.7576, 2.7576], [-0.087267, 2.8798], [-0.87267, 0.5236], [-0.2618, 0.2618], [-2.5307, 2.8798], [-2.9671, 0.5236], [-2.7576, 2.7576], [-0.087267, 2.8798], [-0.87267, 0.5236], [-0.2618, 0.2618], [-2.618, 2.618], [-0.52, 0.52], [-0.52, 0.52], [-3.0892, 2.6704], [-1.5882, 2.2515], [-2.618, 2.618], [-1.0472, 2.0944], [-1.972222054, 1.972222054], [-1.614429558, 1.614429558], [-1.614429558, 1.614429558], [-3.0892, 2.6704], [-2.2515, 1.5882], [-2.618, 2.618], [-1.0472, 2.0944], [-1.972222054, 1.972222054], [-1.614429558, 1.614429558], [-1.614429558, 1.614429558]]
05-14 01:16:56.981 [INFO] [robojudo.pipeline.rl_pipeline] Pipeline reset
05-14 01:16:56.984 [DEBUG] [robojudo.policy.base_policy] Initializing history buffer as 4 x 12
05-14 01:16:56.985 [INFO] [robojudo.pipeline.rl_pipeline] Pipeline reset
05-14 01:16:56.985 [DEBUG] [robojudo.policy.base_policy] Initializing history buffer as 4 x 12
05-14 10:59:42.807 [DEBUG] [robojudo] ========== robojudo-1.5.0 init done ==========

05-14 10:59:42.812 [INFO] [robojudo.pipeline.base_pipeline] Using device: cpu
05-14 10:59:42.813 [INFO] [robojudo.utils.rotation] base set to pos: [0. 0. 0.], quat: [0. 0. 0. 1.]
05-14 10:59:43.085 [DEBUG] [robojudo.policy.asap_policy] Loading mimic policy '20250109_231507-noDR_rand_history_loco_stand_height_noise-decoupled_locomotion-g1_29dof' from /home/nico/Code/asimovbm/g1_slam/third_party/RoboJuDo/assets/models/g1/asap/dec_loco/20250109_231507-noDR_rand_history_loco_stand_height_noise-decoupled_locomotion-g1_29dof/model_6600.onnx
05-14 10:59:43.100 [DEBUG] [robojudo.policy.base_policy] Initializing history buffer as 4 x 12
05-14 10:59:43.100 [DEBUG] [robojudo.tools.dof] [DoF] override default_pos with [-0.1, 0.0, 0.0, 0.3, -0.2, 0.0, -0.1, 0.0, 0.0, 0.3, -0.2, 0.0, 0.0, 0.0, 0.0, 0.0, 0.0, 0.0, 0.0, 0.0, 0.0, 0.0, 0.0, 0.0, 0.0, 0.0, 0.0, 0.0, 0.0]
05-14 10:59:43.100 [DEBUG] [robojudo.tools.dof] [DoF] override stiffness with [100, 100, 100, 200, 20, 20, 100, 100, 100, 200, 20, 20, 200, 200, 200, 40, 40, 40, 40, 20, 20, 20, 40, 40, 40, 40, 20, 20, 20]
05-14 10:59:43.101 [DEBUG] [robojudo.tools.dof] [DoF] override damping with [2.5, 2.5, 2.5, 5.0, 0.2, 0.1, 2.5, 2.5, 2.5, 5.0, 0.2, 0.1, 6.0, 6.0, 6.0, 2.0, 2.0, 2.0, 2.0, 2.0, 2.0, 2.0, 2.0, 2.0, 2.0, 2.0, 2.0, 2.0, 2.0]
05-14 10:59:43.101 [DEBUG] [robojudo.tools.dof] [DoF] override torque_limits with [88.0, 88.0, 88.0, 139.0, 50.0, 50.0, 88.0, 88.0, 88.0, 139.0, 50.0, 50.0, 200.0, 200.0, 200.0, 40.0, 40.0, 18.0, 18.0, 10.0, 10.0, 10.0, 40.0, 40.0, 18.0, 18.0, 10.0, 10.0, 10.0]
05-14 10:59:43.101 [DEBUG] [robojudo.tools.dof] [DoF] override position_limits with [[-2.5307, 2.8798], [-0.5236, 2.9671], [-2.7576, 2.7576], [-0.087267, 2.8798], [-0.87267, 0.5236], [-0.2618, 0.2618], [-2.5307, 2.8798], [-2.9671, 0.5236], [-2.7576, 2.7576], [-0.087267, 2.8798], [-0.87267, 0.5236], [-0.2618, 0.2618], [-2.618, 2.618], [-0.52, 0.52], [-0.52, 0.52], [-3.0892, 2.6704], [-1.5882, 2.2515], [-2.618, 2.618], [-1.0472, 2.0944], [-1.972222054, 1.972222054], [-1.614429558, 1.614429558], [-1.614429558, 1.614429558], [-3.0892, 2.6704], [-2.2515, 1.5882], [-2.618, 2.618], [-1.0472, 2.0944], [-1.972222054, 1.972222054], [-1.614429558, 1.614429558], [-1.614429558, 1.614429558]]
05-14 10:59:43.109 [INFO] [robojudo.pipeline.rl_pipeline] Pipeline reset
05-14 10:59:43.110 [DEBUG] [robojudo.policy.base_policy] Initializing history buffer as 4 x 12
05-14 10:59:43.110 [INFO] [robojudo.pipeline.rl_pipeline] Pipeline reset
05-14 10:59:43.110 [DEBUG] [robojudo.policy.base_policy] Initializing history buffer as 4 x 12
05-14 10:59:56.561 [DEBUG] [robojudo] ========== robojudo-1.5.0 init done ==========

05-14 10:59:56.567 [INFO] [robojudo.pipeline.base_pipeline] Using device: cpu
05-14 10:59:56.568 [INFO] [robojudo.utils.rotation] base set to pos: [0. 0. 0.], quat: [0. 0. 0. 1.]
05-14 10:59:56.783 [DEBUG] [robojudo.policy.asap_policy] Loading mimic policy '20250109_231507-noDR_rand_history_loco_stand_height_noise-decoupled_locomotion-g1_29dof' from /home/nico/Code/asimovbm/g1_slam/third_party/RoboJuDo/assets/models/g1/asap/dec_loco/20250109_231507-noDR_rand_history_loco_stand_height_noise-decoupled_locomotion-g1_29dof/model_6600.onnx
05-14 10:59:56.799 [DEBUG] [robojudo.policy.base_policy] Initializing history buffer as 4 x 12
05-14 10:59:56.803 [DEBUG] [robojudo.tools.dof] [DoF] override default_pos with [-0.1, 0.0, 0.0, 0.3, -0.2, 0.0, -0.1, 0.0, 0.0, 0.3, -0.2, 0.0, 0.0, 0.0, 0.0, 0.0, 0.0, 0.0, 0.0, 0.0, 0.0, 0.0, 0.0, 0.0, 0.0, 0.0, 0.0, 0.0, 0.0]
05-14 10:59:56.803 [DEBUG] [robojudo.tools.dof] [DoF] override stiffness with [100, 100, 100, 200, 20, 20, 100, 100, 100, 200, 20, 20, 200, 200, 200, 40, 40, 40, 40, 20, 20, 20, 40, 40, 40, 40, 20, 20, 20]
05-14 10:59:56.803 [DEBUG] [robojudo.tools.dof] [DoF] override damping with [2.5, 2.5, 2.5, 5.0, 0.2, 0.1, 2.5, 2.5, 2.5, 5.0, 0.2, 0.1, 6.0, 6.0, 6.0, 2.0, 2.0, 2.0, 2.0, 2.0, 2.0, 2.0, 2.0, 2.0, 2.0, 2.0, 2.0, 2.0, 2.0]
05-14 10:59:56.803 [DEBUG] [robojudo.tools.dof] [DoF] override torque_limits with [88.0, 88.0, 88.0, 139.0, 50.0, 50.0, 88.0, 88.0, 88.0, 139.0, 50.0, 50.0, 200.0, 200.0, 200.0, 40.0, 40.0, 18.0, 18.0, 10.0, 10.0, 10.0, 40.0, 40.0, 18.0, 18.0, 10.0, 10.0, 10.0]
05-14 10:59:56.803 [DEBUG] [robojudo.tools.dof] [DoF] override position_limits with [[-2.5307, 2.8798], [-0.5236, 2.9671], [-2.7576, 2.7576], [-0.087267, 2.8798], [-0.87267, 0.5236], [-0.2618, 0.2618], [-2.5307, 2.8798], [-2.9671, 0.5236], [-2.7576, 2.7576], [-0.087267, 2.8798], [-0.87267, 0.5236], [-0.2618, 0.2618], [-2.618, 2.618], [-0.52, 0.52], [-0.52, 0.52], [-3.0892, 2.6704], [-1.5882, 2.2515], [-2.618, 2.618], [-1.0472, 2.0944], [-1.972222054, 1.972222054], [-1.614429558, 1.614429558], [-1.614429558, 1.614429558], [-3.0892, 2.6704], [-2.2515, 1.5882], [-2.618, 2.618], [-1.0472, 2.0944], [-1.972222054, 1.972222054], [-1.614429558, 1.614429558], [-1.614429558, 1.614429558]]
05-14 10:59:56.817 [INFO] [robojudo.pipeline.rl_pipeline] Pipeline reset
05-14 10:59:56.817 [DEBUG] [robojudo.policy.base_policy] Initializing history buffer as 4 x 12
05-14 10:59:56.817 [INFO] [robojudo.pipeline.rl_pipeline] Pipeline reset
05-14 10:59:56.820 [DEBUG] [robojudo.policy.base_policy] Initializing history buffer as 4 x 12
05-14 11:00:12.114 [DEBUG] [robojudo] ========== robojudo-1.5.0 init done ==========

05-14 11:00:12.118 [INFO] [robojudo.pipeline.base_pipeline] Using device: cpu
05-14 11:00:12.119 [INFO] [robojudo.utils.rotation] base set to pos: [0. 0. 0.], quat: [0. 0. 0. 1.]
05-14 11:00:12.327 [DEBUG] [robojudo.policy.asap_policy] Loading mimic policy '20250109_231507-noDR_rand_history_loco_stand_height_noise-decoupled_locomotion-g1_29dof' from /home/nico/Code/asimovbm/g1_slam/third_party/RoboJuDo/assets/models/g1/asap/dec_loco/20250109_231507-noDR_rand_history_loco_stand_height_noise-decoupled_locomotion-g1_29dof/model_6600.onnx
05-14 11:00:12.342 [DEBUG] [robojudo.policy.base_policy] Initializing history buffer as 4 x 12
05-14 11:00:12.342 [DEBUG] [robojudo.tools.dof] [DoF] override default_pos with [-0.1, 0.0, 0.0, 0.3, -0.2, 0.0, -0.1, 0.0, 0.0, 0.3, -0.2, 0.0, 0.0, 0.0, 0.0, 0.0, 0.0, 0.0, 0.0, 0.0, 0.0, 0.0, 0.0, 0.0, 0.0, 0.0, 0.0, 0.0, 0.0]
05-14 11:00:12.343 [DEBUG] [robojudo.tools.dof] [DoF] override stiffness with [100, 100, 100, 200, 20, 20, 100, 100, 100, 200, 20, 20, 200, 200, 200, 40, 40, 40, 40, 20, 20, 20, 40, 40, 40, 40, 20, 20, 20]
05-14 11:00:12.343 [DEBUG] [robojudo.tools.dof] [DoF] override damping with [2.5, 2.5, 2.5, 5.0, 0.2, 0.1, 2.5, 2.5, 2.5, 5.0, 0.2, 0.1, 6.0, 6.0, 6.0, 2.0, 2.0, 2.0, 2.0, 2.0, 2.0, 2.0, 2.0, 2.0, 2.0, 2.0, 2.0, 2.0, 2.0]
05-14 11:00:12.343 [DEBUG] [robojudo.tools.dof] [DoF] override torque_limits with [88.0, 88.0, 88.0, 139.0, 50.0, 50.0, 88.0, 88.0, 88.0, 139.0, 50.0, 50.0, 200.0, 200.0, 200.0, 40.0, 40.0, 18.0, 18.0, 10.0, 10.0, 10.0, 40.0, 40.0, 18.0, 18.0, 10.0, 10.0, 10.0]
05-14 11:00:12.343 [DEBUG] [robojudo.tools.dof] [DoF] override position_limits with [[-2.5307, 2.8798], [-0.5236, 2.9671], [-2.7576, 2.7576], [-0.087267, 2.8798], [-0.87267, 0.5236], [-0.2618, 0.2618], [-2.5307, 2.8798], [-2.9671, 0.5236], [-2.7576, 2.7576], [-0.087267, 2.8798], [-0.87267, 0.5236], [-0.2618, 0.2618], [-2.618, 2.618], [-0.52, 0.52], [-0.52, 0.52], [-3.0892, 2.6704], [-1.5882, 2.2515], [-2.618, 2.618], [-1.0472, 2.0944], [-1.972222054, 1.972222054], [-1.614429558, 1.614429558], [-1.614429558, 1.614429558], [-3.0892, 2.6704], [-2.2515, 1.5882], [-2.618, 2.618], [-1.0472, 2.0944], [-1.972222054, 1.972222054], [-1.614429558, 1.614429558], [-1.614429558, 1.614429558]]
05-14 11:00:12.356 [INFO] [robojudo.pipeline.rl_pipeline] Pipeline reset
05-14 11:00:12.359 [DEBUG] [robojudo.policy.base_policy] Initializing history buffer as 4 x 12
05-14 11:00:12.361 [INFO] [robojudo.pipeline.rl_pipeline] Pipeline reset
05-14 11:00:12.363 [DEBUG] [robojudo.policy.base_policy] Initializing history buffer as 4 x 12
05-14 11:09:58.683 [DEBUG] [robojudo] ========== robojudo-1.5.0 init done ==========

05-14 11:09:58.687 [INFO] [robojudo.pipeline.base_pipeline] Using device: cpu
05-14 11:09:58.687 [INFO] [robojudo.utils.rotation] base set to pos: [0. 0. 0.], quat: [0. 0. 0. 1.]
05-14 11:09:58.885 [DEBUG] [robojudo.policy.asap_policy] Loading mimic policy '20250109_231507-noDR_rand_history_loco_stand_height_noise-decoupled_locomotion-g1_29dof' from /home/nico/Code/asimovbm/g1_slam/third_party/RoboJuDo/assets/models/g1/asap/dec_loco/20250109_231507-noDR_rand_history_loco_stand_height_noise-decoupled_locomotion-g1_29dof/model_6600.onnx
05-14 11:09:58.903 [DEBUG] [robojudo.policy.base_policy] Initializing history buffer as 4 x 12
05-14 11:09:58.903 [DEBUG] [robojudo.tools.dof] [DoF] override default_pos with [-0.1, 0.0, 0.0, 0.3, -0.2, 0.0, -0.1, 0.0, 0.0, 0.3, -0.2, 0.0, 0.0, 0.0, 0.0, 0.0, 0.0, 0.0, 0.0, 0.0, 0.0, 0.0, 0.0, 0.0, 0.0, 0.0, 0.0, 0.0, 0.0]
05-14 11:09:58.904 [DEBUG] [robojudo.tools.dof] [DoF] override stiffness with [100, 100, 100, 200, 20, 20, 100, 100, 100, 200, 20, 20, 200, 200, 200, 40, 40, 40, 40, 20, 20, 20, 40, 40, 40, 40, 20, 20, 20]
05-14 11:09:58.904 [DEBUG] [robojudo.tools.dof] [DoF] override damping with [2.5, 2.5, 2.5, 5.0, 0.2, 0.1, 2.5, 2.5, 2.5, 5.0, 0.2, 0.1, 6.0, 6.0, 6.0, 2.0, 2.0, 2.0, 2.0, 2.0, 2.0, 2.0, 2.0, 2.0, 2.0, 2.0, 2.0, 2.0, 2.0]
05-14 11:09:58.904 [DEBUG] [robojudo.tools.dof] [DoF] override torque_limits with [88.0, 88.0, 88.0, 139.0, 50.0, 50.0, 88.0, 88.0, 88.0, 139.0, 50.0, 50.0, 200.0, 200.0, 200.0, 40.0, 40.0, 18.0, 18.0, 10.0, 10.0, 10.0, 40.0, 40.0, 18.0, 18.0, 10.0, 10.0, 10.0]
05-14 11:09:58.904 [DEBUG] [robojudo.tools.dof] [DoF] override position_limits with [[-2.5307, 2.8798], [-0.5236, 2.9671], [-2.7576, 2.7576], [-0.087267, 2.8798], [-0.87267, 0.5236], [-0.2618, 0.2618], [-2.5307, 2.8798], [-2.9671, 0.5236], [-2.7576, 2.7576], [-0.087267, 2.8798], [-0.87267, 0.5236], [-0.2618, 0.2618], [-2.618, 2.618], [-0.52, 0.52], [-0.52, 0.52], [-3.0892, 2.6704], [-1.5882, 2.2515], [-2.618, 2.618], [-1.0472, 2.0944], [-1.972222054, 1.972222054], [-1.614429558, 1.614429558], [-1.614429558, 1.614429558], [-3.0892, 2.6704], [-2.2515, 1.5882], [-2.618, 2.618], [-1.0472, 2.0944], [-1.972222054, 1.972222054], [-1.614429558, 1.614429558], [-1.614429558, 1.614429558]]
05-14 11:09:58.920 [INFO] [robojudo.pipeline.rl_pipeline] Pipeline reset
05-14 11:09:58.921 [DEBUG] [robojudo.policy.base_policy] Initializing history buffer as 4 x 12
05-14 11:09:58.921 [INFO] [robojudo.pipeline.rl_pipeline] Pipeline reset
05-14 11:09:58.921 [DEBUG] [robojudo.policy.base_policy] Initializing history buffer as 4 x 12
05-14 11:10:05.724 [DEBUG] [robojudo] ========== robojudo-1.5.0 init done ==========

05-14 11:10:05.727 [INFO] [robojudo.pipeline.base_pipeline] Using device: cpu
05-14 11:10:05.727 [INFO] [robojudo.utils.rotation] base set to pos: [0. 0. 0.], quat: [0. 0. 0. 1.]
05-14 11:10:05.925 [DEBUG] [robojudo.policy.asap_policy] Loading mimic policy '20250109_231507-noDR_rand_history_loco_stand_height_noise-decoupled_locomotion-g1_29dof' from /home/nico/Code/asimovbm/g1_slam/third_party/RoboJuDo/assets/models/g1/asap/dec_loco/20250109_231507-noDR_rand_history_loco_stand_height_noise-decoupled_locomotion-g1_29dof/model_6600.onnx
05-14 11:10:05.941 [DEBUG] [robojudo.policy.base_policy] Initializing history buffer as 4 x 12
05-14 11:10:05.942 [DEBUG] [robojudo.tools.dof] [DoF] override default_pos with [-0.1, 0.0, 0.0, 0.3, -0.2, 0.0, -0.1, 0.0, 0.0, 0.3, -0.2, 0.0, 0.0, 0.0, 0.0, 0.0, 0.0, 0.0, 0.0, 0.0, 0.0, 0.0, 0.0, 0.0, 0.0, 0.0, 0.0, 0.0, 0.0]
05-14 11:10:05.942 [DEBUG] [robojudo.tools.dof] [DoF] override stiffness with [100, 100, 100, 200, 20, 20, 100, 100, 100, 200, 20, 20, 200, 200, 200, 40, 40, 40, 40, 20, 20, 20, 40, 40, 40, 40, 20, 20, 20]
05-14 11:10:05.942 [DEBUG] [robojudo.tools.dof] [DoF] override damping with [2.5, 2.5, 2.5, 5.0, 0.2, 0.1, 2.5, 2.5, 2.5, 5.0, 0.2, 0.1, 6.0, 6.0, 6.0, 2.0, 2.0, 2.0, 2.0, 2.0, 2.0, 2.0, 2.0, 2.0, 2.0, 2.0, 2.0, 2.0, 2.0]
05-14 11:10:05.942 [DEBUG] [robojudo.tools.dof] [DoF] override torque_limits with [88.0, 88.0, 88.0, 139.0, 50.0, 50.0, 88.0, 88.0, 88.0, 139.0, 50.0, 50.0, 200.0, 200.0, 200.0, 40.0, 40.0, 18.0, 18.0, 10.0, 10.0, 10.0, 40.0, 40.0, 18.0, 18.0, 10.0, 10.0, 10.0]
05-14 11:10:05.942 [DEBUG] [robojudo.tools.dof] [DoF] override position_limits with [[-2.5307, 2.8798], [-0.5236, 2.9671], [-2.7576, 2.7576], [-0.087267, 2.8798], [-0.87267, 0.5236], [-0.2618, 0.2618], [-2.5307, 2.8798], [-2.9671, 0.5236], [-2.7576, 2.7576], [-0.087267, 2.8798], [-0.87267, 0.5236], [-0.2618, 0.2618], [-2.618, 2.618], [-0.52, 0.52], [-0.52, 0.52], [-3.0892, 2.6704], [-1.5882, 2.2515], [-2.618, 2.618], [-1.0472, 2.0944], [-1.972222054, 1.972222054], [-1.614429558, 1.614429558], [-1.614429558, 1.614429558], [-3.0892, 2.6704], [-2.2515, 1.5882], [-2.618, 2.618], [-1.0472, 2.0944], [-1.972222054, 1.972222054], [-1.614429558, 1.614429558], [-1.614429558, 1.614429558]]
05-14 11:10:05.959 [INFO] [robojudo.pipeline.rl_pipeline] Pipeline reset
05-14 11:10:05.959 [DEBUG] [robojudo.policy.base_policy] Initializing history buffer as 4 x 12
05-14 11:10:05.959 [INFO] [robojudo.pipeline.rl_pipeline] Pipeline reset
05-14 11:10:05.959 [DEBUG] [robojudo.policy.base_policy] Initializing history buffer as 4 x 12
05-14 11:10:20.110 [DEBUG] [robojudo] ========== robojudo-1.5.0 init done ==========

05-14 11:10:20.115 [INFO] [robojudo.pipeline.base_pipeline] Using device: cpu
05-14 11:10:20.116 [INFO] [robojudo.utils.rotation] base set to pos: [0. 0. 0.], quat: [0. 0. 0. 1.]
05-14 11:10:20.399 [DEBUG] [robojudo.policy.asap_policy] Loading mimic policy '20250109_231507-noDR_rand_history_loco_stand_height_noise-decoupled_locomotion-g1_29dof' from /home/nico/Code/asimovbm/g1_slam/third_party/RoboJuDo/assets/models/g1/asap/dec_loco/20250109_231507-noDR_rand_history_loco_stand_height_noise-decoupled_locomotion-g1_29dof/model_6600.onnx
05-14 11:10:20.417 [DEBUG] [robojudo.policy.base_policy] Initializing history buffer as 4 x 12
05-14 11:10:20.417 [DEBUG] [robojudo.tools.dof] [DoF] override default_pos with [-0.1, 0.0, 0.0, 0.3, -0.2, 0.0, -0.1, 0.0, 0.0, 0.3, -0.2, 0.0, 0.0, 0.0, 0.0, 0.0, 0.0, 0.0, 0.0, 0.0, 0.0, 0.0, 0.0, 0.0, 0.0, 0.0, 0.0, 0.0, 0.0]
05-14 11:10:20.417 [DEBUG] [robojudo.tools.dof] [DoF] override stiffness with [100, 100, 100, 200, 20, 20, 100, 100, 100, 200, 20, 20, 200, 200, 200, 40, 40, 40, 40, 20, 20, 20, 40, 40, 40, 40, 20, 20, 20]
05-14 11:10:20.421 [DEBUG] [robojudo.tools.dof] [DoF] override damping with [2.5, 2.5, 2.5, 5.0, 0.2, 0.1, 2.5, 2.5, 2.5, 5.0, 0.2, 0.1, 6.0, 6.0, 6.0, 2.0, 2.0, 2.0, 2.0, 2.0, 2.0, 2.0, 2.0, 2.0, 2.0, 2.0, 2.0, 2.0, 2.0]
05-14 11:10:20.422 [DEBUG] [robojudo.tools.dof] [DoF] override torque_limits with [88.0, 88.0, 88.0, 139.0, 50.0, 50.0, 88.0, 88.0, 88.0, 139.0, 50.0, 50.0, 200.0, 200.0, 200.0, 40.0, 40.0, 18.0, 18.0, 10.0, 10.0, 10.0, 40.0, 40.0, 18.0, 18.0, 10.0, 10.0, 10.0]
05-14 11:10:20.422 [DEBUG] [robojudo.tools.dof] [DoF] override position_limits with [[-2.5307, 2.8798], [-0.5236, 2.9671], [-2.7576, 2.7576], [-0.087267, 2.8798], [-0.87267, 0.5236], [-0.2618, 0.2618], [-2.5307, 2.8798], [-2.9671, 0.5236], [-2.7576, 2.7576], [-0.087267, 2.8798], [-0.87267, 0.5236], [-0.2618, 0.2618], [-2.618, 2.618], [-0.52, 0.52], [-0.52, 0.52], [-3.0892, 2.6704], [-1.5882, 2.2515], [-2.618, 2.618], [-1.0472, 2.0944], [-1.972222054, 1.972222054], [-1.614429558, 1.614429558], [-1.614429558, 1.614429558], [-3.0892, 2.6704], [-2.2515, 1.5882], [-2.618, 2.618], [-1.0472, 2.0944], [-1.972222054, 1.972222054], [-1.614429558, 1.614429558], [-1.614429558, 1.614429558]]
05-14 11:10:20.436 [INFO] [robojudo.pipeline.rl_pipeline] Pipeline reset
05-14 11:10:20.436 [DEBUG] [robojudo.policy.base_policy] Initializing history buffer as 4 x 12
05-14 11:10:20.436 [INFO] [robojudo.pipeline.rl_pipeline] Pipeline reset
05-14 11:10:20.436 [DEBUG] [robojudo.policy.base_policy] Initializing history buffer as 4 x 12
05-14 11:13:56.454 [DEBUG] [robojudo] ========== robojudo-1.5.0 init done ==========

05-14 11:13:56.459 [INFO] [robojudo.pipeline.base_pipeline] Using device: cpu
05-14 11:13:56.460 [INFO] [robojudo.utils.rotation] base set to pos: [0. 0. 0.], quat: [0. 0. 0. 1.]
05-14 11:13:57.149 [DEBUG] [robojudo.policy.asap_policy] Loading mimic policy '20250109_231507-noDR_rand_history_loco_stand_height_noise-decoupled_locomotion-g1_29dof' from /home/nico/Code/asimovbm/g1_slam/third_party/RoboJuDo/assets/models/g1/asap/dec_loco/20250109_231507-noDR_rand_history_loco_stand_height_noise-decoupled_locomotion-g1_29dof/model_6600.onnx
05-14 11:13:57.165 [DEBUG] [robojudo.policy.base_policy] Initializing history buffer as 4 x 12
05-14 11:13:57.165 [DEBUG] [robojudo.tools.dof] [DoF] override default_pos with [-0.1, 0.0, 0.0, 0.3, -0.2, 0.0, -0.1, 0.0, 0.0, 0.3, -0.2, 0.0, 0.0, 0.0, 0.0, 0.0, 0.0, 0.0, 0.0, 0.0, 0.0, 0.0, 0.0, 0.0, 0.0, 0.0, 0.0, 0.0, 0.0]
05-14 11:13:57.165 [DEBUG] [robojudo.tools.dof] [DoF] override stiffness with [100, 100, 100, 200, 20, 20, 100, 100, 100, 200, 20, 20, 200, 200, 200, 40, 40, 40, 40, 20, 20, 20, 40, 40, 40, 40, 20, 20, 20]
05-14 11:13:57.165 [DEBUG] [robojudo.tools.dof] [DoF] override damping with [2.5, 2.5, 2.5, 5.0, 0.2, 0.1, 2.5, 2.5, 2.5, 5.0, 0.2, 0.1, 6.0, 6.0, 6.0, 2.0, 2.0, 2.0, 2.0, 2.0, 2.0, 2.0, 2.0, 2.0, 2.0, 2.0, 2.0, 2.0, 2.0]
05-14 11:13:57.166 [DEBUG] [robojudo.tools.dof] [DoF] override torque_limits with [88.0, 88.0, 88.0, 139.0, 50.0, 50.0, 88.0, 88.0, 88.0, 139.0, 50.0, 50.0, 200.0, 200.0, 200.0, 40.0, 40.0, 18.0, 18.0, 10.0, 10.0, 10.0, 40.0, 40.0, 18.0, 18.0, 10.0, 10.0, 10.0]
05-14 11:13:57.166 [DEBUG] [robojudo.tools.dof] [DoF] override position_limits with [[-2.5307, 2.8798], [-0.5236, 2.9671], [-2.7576, 2.7576], [-0.087267, 2.8798], [-0.87267, 0.5236], [-0.2618, 0.2618], [-2.5307, 2.8798], [-2.9671, 0.5236], [-2.7576, 2.7576], [-0.087267, 2.8798], [-0.87267, 0.5236], [-0.2618, 0.2618], [-2.618, 2.618], [-0.52, 0.52], [-0.52, 0.52], [-3.0892, 2.6704], [-1.5882, 2.2515], [-2.618, 2.618], [-1.0472, 2.0944], [-1.972222054, 1.972222054], [-1.614429558, 1.614429558], [-1.614429558, 1.614429558], [-3.0892, 2.6704], [-2.2515, 1.5882], [-2.618, 2.618], [-1.0472, 2.0944], [-1.972222054, 1.972222054], [-1.614429558, 1.614429558], [-1.614429558, 1.614429558]]
05-14 11:13:57.179 [INFO] [robojudo.pipeline.rl_pipeline] Pipeline reset
05-14 11:13:57.182 [DEBUG] [robojudo.policy.base_policy] Initializing history buffer as 4 x 12
05-14 11:13:57.183 [INFO] [robojudo.pipeline.rl_pipeline] Pipeline reset
05-14 11:13:57.183 [DEBUG] [robojudo.policy.base_policy] Initializing history buffer as 4 x 12
05-14 11:14:13.292 [DEBUG] [robojudo] ========== robojudo-1.5.0 init done ==========

05-14 11:14:13.295 [INFO] [robojudo.pipeline.base_pipeline] Using device: cpu
05-14 11:14:13.296 [INFO] [robojudo.utils.rotation] base set to pos: [0. 0. 0.], quat: [0. 0. 0. 1.]
05-14 11:14:13.884 [DEBUG] [robojudo.policy.asap_policy] Loading mimic policy '20250109_231507-noDR_rand_history_loco_stand_height_noise-decoupled_locomotion-g1_29dof' from /home/nico/Code/asimovbm/g1_slam/third_party/RoboJuDo/assets/models/g1/asap/dec_loco/20250109_231507-noDR_rand_history_loco_stand_height_noise-decoupled_locomotion-g1_29dof/model_6600.onnx
05-14 11:14:13.893 [DEBUG] [robojudo.policy.base_policy] Initializing history buffer as 4 x 12
05-14 11:14:13.894 [DEBUG] [robojudo.tools.dof] [DoF] override default_pos with [-0.1, 0.0, 0.0, 0.3, -0.2, 0.0, -0.1, 0.0, 0.0, 0.3, -0.2, 0.0, 0.0, 0.0, 0.0, 0.0, 0.0, 0.0, 0.0, 0.0, 0.0, 0.0, 0.0, 0.0, 0.0, 0.0, 0.0, 0.0, 0.0]
05-14 11:14:13.894 [DEBUG] [robojudo.tools.dof] [DoF] override stiffness with [100, 100, 100, 200, 20, 20, 100, 100, 100, 200, 20, 20, 200, 200, 200, 40, 40, 40, 40, 20, 20, 20, 40, 40, 40, 40, 20, 20, 20]
05-14 11:14:13.894 [DEBUG] [robojudo.tools.dof] [DoF] override damping with [2.5, 2.5, 2.5, 5.0, 0.2, 0.1, 2.5, 2.5, 2.5, 5.0, 0.2, 0.1, 6.0, 6.0, 6.0, 2.0, 2.0, 2.0, 2.0, 2.0, 2.0, 2.0, 2.0, 2.0, 2.0, 2.0, 2.0, 2.0, 2.0]
05-14 11:14:13.894 [DEBUG] [robojudo.tools.dof] [DoF] override torque_limits with [88.0, 88.0, 88.0, 139.0, 50.0, 50.0, 88.0, 88.0, 88.0, 139.0, 50.0, 50.0, 200.0, 200.0, 200.0, 40.0, 40.0, 18.0, 18.0, 10.0, 10.0, 10.0, 40.0, 40.0, 18.0, 18.0, 10.0, 10.0, 10.0]
05-14 11:14:13.895 [DEBUG] [robojudo.tools.dof] [DoF] override position_limits with [[-2.5307, 2.8798], [-0.5236, 2.9671], [-2.7576, 2.7576], [-0.087267, 2.8798], [-0.87267, 0.5236], [-0.2618, 0.2618], [-2.5307, 2.8798], [-2.9671, 0.5236], [-2.7576, 2.7576], [-0.087267, 2.8798], [-0.87267, 0.5236], [-0.2618, 0.2618], [-2.618, 2.618], [-0.52, 0.52], [-0.52, 0.52], [-3.0892, 2.6704], [-1.5882, 2.2515], [-2.618, 2.618], [-1.0472, 2.0944], [-1.972222054, 1.972222054], [-1.614429558, 1.614429558], [-1.614429558, 1.614429558], [-3.0892, 2.6704], [-2.2515, 1.5882], [-2.618, 2.618], [-1.0472, 2.0944], [-1.972222054, 1.972222054], [-1.614429558, 1.614429558], [-1.614429558, 1.614429558]]
05-14 11:14:13.906 [INFO] [robojudo.pipeline.rl_pipeline] Pipeline reset
05-14 11:14:13.906 [DEBUG] [robojudo.policy.base_policy] Initializing history buffer as 4 x 12
05-14 11:14:13.906 [INFO] [robojudo.pipeline.rl_pipeline] Pipeline reset
05-14 11:14:13.906 [DEBUG] [robojudo.policy.base_policy] Initializing history buffer as 4 x 12
05-14 11:14:44.186 [DEBUG] [robojudo] ========== robojudo-1.5.0 init done ==========

05-14 11:14:44.189 [INFO] [robojudo.pipeline.base_pipeline] Using device: cpu
05-14 11:14:44.190 [INFO] [robojudo.utils.rotation] base set to pos: [0. 0. 0.], quat: [0. 0. 0. 1.]
05-14 11:14:44.799 [DEBUG] [robojudo.policy.asap_policy] Loading mimic policy '20250109_231507-noDR_rand_history_loco_stand_height_noise-decoupled_locomotion-g1_29dof' from /home/nico/Code/asimovbm/g1_slam/third_party/RoboJuDo/assets/models/g1/asap/dec_loco/20250109_231507-noDR_rand_history_loco_stand_height_noise-decoupled_locomotion-g1_29dof/model_6600.onnx
05-14 11:14:44.808 [DEBUG] [robojudo.policy.base_policy] Initializing history buffer as 4 x 12
05-14 11:14:44.809 [DEBUG] [robojudo.tools.dof] [DoF] override default_pos with [-0.1, 0.0, 0.0, 0.3, -0.2, 0.0, -0.1, 0.0, 0.0, 0.3, -0.2, 0.0, 0.0, 0.0, 0.0, 0.0, 0.0, 0.0, 0.0, 0.0, 0.0, 0.0, 0.0, 0.0, 0.0, 0.0, 0.0, 0.0, 0.0]
05-14 11:14:44.809 [DEBUG] [robojudo.tools.dof] [DoF] override stiffness with [100, 100, 100, 200, 20, 20, 100, 100, 100, 200, 20, 20, 200, 200, 200, 40, 40, 40, 40, 20, 20, 20, 40, 40, 40, 40, 20, 20, 20]
05-14 11:14:44.809 [DEBUG] [robojudo.tools.dof] [DoF] override damping with [2.5, 2.5, 2.5, 5.0, 0.2, 0.1, 2.5, 2.5, 2.5, 5.0, 0.2, 0.1, 6.0, 6.0, 6.0, 2.0, 2.0, 2.0, 2.0, 2.0, 2.0, 2.0, 2.0, 2.0, 2.0, 2.0, 2.0, 2.0, 2.0]
05-14 11:14:44.809 [DEBUG] [robojudo.tools.dof] [DoF] override torque_limits with [88.0, 88.0, 88.0, 139.0, 50.0, 50.0, 88.0, 88.0, 88.0, 139.0, 50.0, 50.0, 200.0, 200.0, 200.0, 40.0, 40.0, 18.0, 18.0, 10.0, 10.0, 10.0, 40.0, 40.0, 18.0, 18.0, 10.0, 10.0, 10.0]
05-14 11:14:44.810 [DEBUG] [robojudo.tools.dof] [DoF] override position_limits with [[-2.5307, 2.8798], [-0.5236, 2.9671], [-2.7576, 2.7576], [-0.087267, 2.8798], [-0.87267, 0.5236], [-0.2618, 0.2618], [-2.5307, 2.8798], [-2.9671, 0.5236], [-2.7576, 2.7576], [-0.087267, 2.8798], [-0.87267, 0.5236], [-0.2618, 0.2618], [-2.618, 2.618], [-0.52, 0.52], [-0.52, 0.52], [-3.0892, 2.6704], [-1.5882, 2.2515], [-2.618, 2.618], [-1.0472, 2.0944], [-1.972222054, 1.972222054], [-1.614429558, 1.614429558], [-1.614429558, 1.614429558], [-3.0892, 2.6704], [-2.2515, 1.5882], [-2.618, 2.618], [-1.0472, 2.0944], [-1.972222054, 1.972222054], [-1.614429558, 1.614429558], [-1.614429558, 1.614429558]]
05-14 11:14:44.819 [INFO] [robojudo.pipeline.rl_pipeline] Pipeline reset
05-14 11:14:44.820 [DEBUG] [robojudo.policy.base_policy] Initializing history buffer as 4 x 12
05-14 11:14:44.820 [INFO] [robojudo.pipeline.rl_pipeline] Pipeline reset
05-14 11:14:44.820 [DEBUG] [robojudo.policy.base_policy] Initializing history buffer as 4 x 12
05-14 11:26:53.479 [DEBUG] [robojudo] ========== robojudo-1.5.0 init done ==========

05-14 11:26:53.482 [INFO] [robojudo.pipeline.base_pipeline] Using device: cpu
05-14 11:26:53.483 [INFO] [robojudo.utils.rotation] base set to pos: [0. 0. 0.], quat: [0. 0. 0. 1.]
05-14 11:26:55.388 [DEBUG] [robojudo] ========== robojudo-1.5.0 init done ==========

05-14 11:26:55.390 [INFO] [robojudo.pipeline.base_pipeline] Using device: cpu
05-14 11:26:55.391 [INFO] [robojudo.utils.rotation] base set to pos: [0. 0. 0.], quat: [0. 0. 0. 1.]
05-14 11:26:55.974 [DEBUG] [robojudo.policy.asap_policy] Loading mimic policy '20250109_231507-noDR_rand_history_loco_stand_height_noise-decoupled_locomotion-g1_29dof' from /home/nico/Code/asimovbm/g1_slam/third_party/RoboJuDo/assets/models/g1/asap/dec_loco/20250109_231507-noDR_rand_history_loco_stand_height_noise-decoupled_locomotion-g1_29dof/model_6600.onnx
05-14 11:26:55.990 [DEBUG] [robojudo.policy.base_policy] Initializing history buffer as 4 x 12
05-14 11:26:55.991 [DEBUG] [robojudo.tools.dof] [DoF] override default_pos with [-0.1, 0.0, 0.0, 0.3, -0.2, 0.0, -0.1, 0.0, 0.0, 0.3, -0.2, 0.0, 0.0, 0.0, 0.0, 0.0, 0.0, 0.0, 0.0, 0.0, 0.0, 0.0, 0.0, 0.0, 0.0, 0.0, 0.0, 0.0, 0.0]
05-14 11:26:55.991 [DEBUG] [robojudo.tools.dof] [DoF] override stiffness with [100, 100, 100, 200, 20, 20, 100, 100, 100, 200, 20, 20, 200, 200, 200, 40, 40, 40, 40, 20, 20, 20, 40, 40, 40, 40, 20, 20, 20]
05-14 11:26:55.991 [DEBUG] [robojudo.tools.dof] [DoF] override damping with [2.5, 2.5, 2.5, 5.0, 0.2, 0.1, 2.5, 2.5, 2.5, 5.0, 0.2, 0.1, 6.0, 6.0, 6.0, 2.0, 2.0, 2.0, 2.0, 2.0, 2.0, 2.0, 2.0, 2.0, 2.0, 2.0, 2.0, 2.0, 2.0]
05-14 11:26:55.991 [DEBUG] [robojudo.tools.dof] [DoF] override torque_limits with [88.0, 88.0, 88.0, 139.0, 50.0, 50.0, 88.0, 88.0, 88.0, 139.0, 50.0, 50.0, 200.0, 200.0, 200.0, 40.0, 40.0, 18.0, 18.0, 10.0, 10.0, 10.0, 40.0, 40.0, 18.0, 18.0, 10.0, 10.0, 10.0]
05-14 11:26:55.992 [DEBUG] [robojudo.tools.dof] [DoF] override position_limits with [[-2.5307, 2.8798], [-0.5236, 2.9671], [-2.7576, 2.7576], [-0.087267, 2.8798], [-0.87267, 0.5236], [-0.2618, 0.2618], [-2.5307, 2.8798], [-2.9671, 0.5236], [-2.7576, 2.7576], [-0.087267, 2.8798], [-0.87267, 0.5236], [-0.2618, 0.2618], [-2.618, 2.618], [-0.52, 0.52], [-0.52, 0.52], [-3.0892, 2.6704], [-1.5882, 2.2515], [-2.618, 2.618], [-1.0472, 2.0944], [-1.972222054, 1.972222054], [-1.614429558, 1.614429558], [-1.614429558, 1.614429558], [-3.0892, 2.6704], [-2.2515, 1.5882], [-2.618, 2.618], [-1.0472, 2.0944], [-1.972222054, 1.972222054], [-1.614429558, 1.614429558], [-1.614429558, 1.614429558]]
05-14 11:26:56.008 [INFO] [robojudo.pipeline.rl_pipeline] Pipeline reset
05-14 11:26:56.008 [DEBUG] [robojudo.policy.base_policy] Initializing history buffer as 4 x 12
05-14 11:26:56.009 [INFO] [robojudo.pipeline.rl_pipeline] Pipeline reset
05-14 11:26:56.009 [DEBUG] [robojudo.policy.base_policy] Initializing history buffer as 4 x 12
05-14 11:27:21.172 [DEBUG] [robojudo] ========== robojudo-1.5.0 init done ==========

05-14 11:27:21.174 [INFO] [robojudo.pipeline.base_pipeline] Using device: cpu
05-14 11:27:21.175 [INFO] [robojudo.utils.rotation] base set to pos: [0. 0. 0.], quat: [0. 0. 0. 1.]
05-14 11:27:21.775 [DEBUG] [robojudo.policy.asap_policy] Loading mimic policy '20250109_231507-noDR_rand_history_loco_stand_height_noise-decoupled_locomotion-g1_29dof' from /home/nico/Code/asimovbm/g1_slam/third_party/RoboJuDo/assets/models/g1/asap/dec_loco/20250109_231507-noDR_rand_history_loco_stand_height_noise-decoupled_locomotion-g1_29dof/model_6600.onnx
05-14 11:27:21.790 [DEBUG] [robojudo.policy.base_policy] Initializing history buffer as 4 x 12
05-14 11:27:21.790 [DEBUG] [robojudo.tools.dof] [DoF] override default_pos with [-0.1, 0.0, 0.0, 0.3, -0.2, 0.0, -0.1, 0.0, 0.0, 0.3, -0.2, 0.0, 0.0, 0.0, 0.0, 0.0, 0.0, 0.0, 0.0, 0.0, 0.0, 0.0, 0.0, 0.0, 0.0, 0.0, 0.0, 0.0, 0.0]
05-14 11:27:21.790 [DEBUG] [robojudo.tools.dof] [DoF] override stiffness with [100, 100, 100, 200, 20, 20, 100, 100, 100, 200, 20, 20, 200, 200, 200, 40, 40, 40, 40, 20, 20, 20, 40, 40, 40, 40, 20, 20, 20]
05-14 11:27:21.791 [DEBUG] [robojudo.tools.dof] [DoF] override damping with [2.5, 2.5, 2.5, 5.0, 0.2, 0.1, 2.5, 2.5, 2.5, 5.0, 0.2, 0.1, 6.0, 6.0, 6.0, 2.0, 2.0, 2.0, 2.0, 2.0, 2.0, 2.0, 2.0, 2.0, 2.0, 2.0, 2.0, 2.0, 2.0]
05-14 11:27:21.791 [DEBUG] [robojudo.tools.dof] [DoF] override torque_limits with [88.0, 88.0, 88.0, 139.0, 50.0, 50.0, 88.0, 88.0, 88.0, 139.0, 50.0, 50.0, 200.0, 200.0, 200.0, 40.0, 40.0, 18.0, 18.0, 10.0, 10.0, 10.0, 40.0, 40.0, 18.0, 18.0, 10.0, 10.0, 10.0]
05-14 11:27:21.791 [DEBUG] [robojudo.tools.dof] [DoF] override position_limits with [[-2.5307, 2.8798], [-0.5236, 2.9671], [-2.7576, 2.7576], [-0.087267, 2.8798], [-0.87267, 0.5236], [-0.2618, 0.2618], [-2.5307, 2.8798], [-2.9671, 0.5236], [-2.7576, 2.7576], [-0.087267, 2.8798], [-0.87267, 0.5236], [-0.2618, 0.2618], [-2.618, 2.618], [-0.52, 0.52], [-0.52, 0.52], [-3.0892, 2.6704], [-1.5882, 2.2515], [-2.618, 2.618], [-1.0472, 2.0944], [-1.972222054, 1.972222054], [-1.614429558, 1.614429558], [-1.614429558, 1.614429558], [-3.0892, 2.6704], [-2.2515, 1.5882], [-2.618, 2.618], [-1.0472, 2.0944], [-1.972222054, 1.972222054], [-1.614429558, 1.614429558], [-1.614429558, 1.614429558]]
05-14 11:27:21.807 [INFO] [robojudo.pipeline.rl_pipeline] Pipeline reset
05-14 11:27:21.808 [DEBUG] [robojudo.policy.base_policy] Initializing history buffer as 4 x 12
05-14 11:27:21.808 [INFO] [robojudo.pipeline.rl_pipeline] Pipeline reset
05-14 11:27:21.808 [DEBUG] [robojudo.policy.base_policy] Initializing history buffer as 4 x 12
05-14 11:27:37.165 [DEBUG] [robojudo] ========== robojudo-1.5.0 init done ==========

05-14 11:27:37.168 [INFO] [robojudo.pipeline.base_pipeline] Using device: cpu
05-14 11:27:37.169 [INFO] [robojudo.utils.rotation] base set to pos: [0. 0. 0.], quat: [0. 0. 0. 1.]
05-14 11:27:37.769 [DEBUG] [robojudo.policy.asap_policy] Loading mimic policy '20250109_231507-noDR_rand_history_loco_stand_height_noise-decoupled_locomotion-g1_29dof' from /home/nico/Code/asimovbm/g1_slam/third_party/RoboJuDo/assets/models/g1/asap/dec_loco/20250109_231507-noDR_rand_history_loco_stand_height_noise-decoupled_locomotion-g1_29dof/model_6600.onnx
05-14 11:27:37.784 [DEBUG] [robojudo.policy.base_policy] Initializing history buffer as 4 x 12
05-14 11:27:37.784 [DEBUG] [robojudo.tools.dof] [DoF] override default_pos with [-0.1, 0.0, 0.0, 0.3, -0.2, 0.0, -0.1, 0.0, 0.0, 0.3, -0.2, 0.0, 0.0, 0.0, 0.0, 0.0, 0.0, 0.0, 0.0, 0.0, 0.0, 0.0, 0.0, 0.0, 0.0, 0.0, 0.0, 0.0, 0.0]
05-14 11:27:37.784 [DEBUG] [robojudo.tools.dof] [DoF] override stiffness with [100, 100, 100, 200, 20, 20, 100, 100, 100, 200, 20, 20, 200, 200, 200, 40, 40, 40, 40, 20, 20, 20, 40, 40, 40, 40, 20, 20, 20]
05-14 11:27:37.785 [DEBUG] [robojudo.tools.dof] [DoF] override damping with [2.5, 2.5, 2.5, 5.0, 0.2, 0.1, 2.5, 2.5, 2.5, 5.0, 0.2, 0.1, 6.0, 6.0, 6.0, 2.0, 2.0, 2.0, 2.0, 2.0, 2.0, 2.0, 2.0, 2.0, 2.0, 2.0, 2.0, 2.0, 2.0]
05-14 11:27:37.785 [DEBUG] [robojudo.tools.dof] [DoF] override torque_limits with [88.0, 88.0, 88.0, 139.0, 50.0, 50.0, 88.0, 88.0, 88.0, 139.0, 50.0, 50.0, 200.0, 200.0, 200.0, 40.0, 40.0, 18.0, 18.0, 10.0, 10.0, 10.0, 40.0, 40.0, 18.0, 18.0, 10.0, 10.0, 10.0]
05-14 11:27:37.785 [DEBUG] [robojudo.tools.dof] [DoF] override position_limits with [[-2.5307, 2.8798], [-0.5236, 2.9671], [-2.7576, 2.7576], [-0.087267, 2.8798], [-0.87267, 0.5236], [-0.2618, 0.2618], [-2.5307, 2.8798], [-2.9671, 0.5236], [-2.7576, 2.7576], [-0.087267, 2.8798], [-0.87267, 0.5236], [-0.2618, 0.2618], [-2.618, 2.618], [-0.52, 0.52], [-0.52, 0.52], [-3.0892, 2.6704], [-1.5882, 2.2515], [-2.618, 2.618], [-1.0472, 2.0944], [-1.972222054, 1.972222054], [-1.614429558, 1.614429558], [-1.614429558, 1.614429558], [-3.0892, 2.6704], [-2.2515, 1.5882], [-2.618, 2.618], [-1.0472, 2.0944], [-1.972222054, 1.972222054], [-1.614429558, 1.614429558], [-1.614429558, 1.614429558]]
05-14 11:27:37.802 [INFO] [robojudo.pipeline.rl_pipeline] Pipeline reset
05-14 11:27:37.802 [DEBUG] [robojudo.policy.base_policy] Initializing history buffer as 4 x 12
05-14 11:27:37.802 [INFO] [robojudo.pipeline.rl_pipeline] Pipeline reset
05-14 11:27:37.802 [DEBUG] [robojudo.policy.base_policy] Initializing history buffer as 4 x 12
05-14 11:28:00.777 [DEBUG] [robojudo] ========== robojudo-1.5.0 init done ==========

05-14 11:28:00.780 [INFO] [robojudo.pipeline.base_pipeline] Using device: cpu
05-14 11:28:00.781 [INFO] [robojudo.utils.rotation] base set to pos: [0. 0. 0.], quat: [0. 0. 0. 1.]
05-14 11:28:01.390 [DEBUG] [robojudo.policy.asap_policy] Loading mimic policy '20250109_231507-noDR_rand_history_loco_stand_height_noise-decoupled_locomotion-g1_29dof' from /home/nico/Code/asimovbm/g1_slam/third_party/RoboJuDo/assets/models/g1/asap/dec_loco/20250109_231507-noDR_rand_history_loco_stand_height_noise-decoupled_locomotion-g1_29dof/model_6600.onnx
05-14 11:28:01.404 [DEBUG] [robojudo.policy.base_policy] Initializing history buffer as 4 x 12
05-14 11:28:01.407 [DEBUG] [robojudo.tools.dof] [DoF] override default_pos with [-0.1, 0.0, 0.0, 0.3, -0.2, 0.0, -0.1, 0.0, 0.0, 0.3, -0.2, 0.0, 0.0, 0.0, 0.0, 0.0, 0.0, 0.0, 0.0, 0.0, 0.0, 0.0, 0.0, 0.0, 0.0, 0.0, 0.0, 0.0, 0.0]
05-14 11:28:01.407 [DEBUG] [robojudo.tools.dof] [DoF] override stiffness with [100, 100, 100, 200, 20, 20, 100, 100, 100, 200, 20, 20, 200, 200, 200, 40, 40, 40, 40, 20, 20, 20, 40, 40, 40, 40, 20, 20, 20]
05-14 11:28:01.407 [DEBUG] [robojudo.tools.dof] [DoF] override damping with [2.5, 2.5, 2.5, 5.0, 0.2, 0.1, 2.5, 2.5, 2.5, 5.0, 0.2, 0.1, 6.0, 6.0, 6.0, 2.0, 2.0, 2.0, 2.0, 2.0, 2.0, 2.0, 2.0, 2.0, 2.0, 2.0, 2.0, 2.0, 2.0]
05-14 11:28:01.407 [DEBUG] [robojudo.tools.dof] [DoF] override torque_limits with [88.0, 88.0, 88.0, 139.0, 50.0, 50.0, 88.0, 88.0, 88.0, 139.0, 50.0, 50.0, 200.0, 200.0, 200.0, 40.0, 40.0, 18.0, 18.0, 10.0, 10.0, 10.0, 40.0, 40.0, 18.0, 18.0, 10.0, 10.0, 10.0]
05-14 11:28:01.408 [DEBUG] [robojudo.tools.dof] [DoF] override position_limits with [[-2.5307, 2.8798], [-0.5236, 2.9671], [-2.7576, 2.7576], [-0.087267, 2.8798], [-0.87267, 0.5236], [-0.2618, 0.2618], [-2.5307, 2.8798], [-2.9671, 0.5236], [-2.7576, 2.7576], [-0.087267, 2.8798], [-0.87267, 0.5236], [-0.2618, 0.2618], [-2.618, 2.618], [-0.52, 0.52], [-0.52, 0.52], [-3.0892, 2.6704], [-1.5882, 2.2515], [-2.618, 2.618], [-1.0472, 2.0944], [-1.972222054, 1.972222054], [-1.614429558, 1.614429558], [-1.614429558, 1.614429558], [-3.0892, 2.6704], [-2.2515, 1.5882], [-2.618, 2.618], [-1.0472, 2.0944], [-1.972222054, 1.972222054], [-1.614429558, 1.614429558], [-1.614429558, 1.614429558]]
05-14 11:28:01.424 [INFO] [robojudo.pipeline.rl_pipeline] Pipeline reset
05-14 11:28:01.424 [DEBUG] [robojudo.policy.base_policy] Initializing history buffer as 4 x 12
05-14 11:28:01.425 [INFO] [robojudo.pipeline.rl_pipeline] Pipeline reset
05-14 11:28:01.425 [DEBUG] [robojudo.policy.base_policy] Initializing history buffer as 4 x 12
05-14 11:28:50.077 [DEBUG] [robojudo] ========== robojudo-1.5.0 init done ==========

05-14 11:28:50.080 [INFO] [robojudo.pipeline.base_pipeline] Using device: cpu
05-14 11:28:50.081 [INFO] [robojudo.utils.rotation] base set to pos: [0. 0. 0.], quat: [0. 0. 0. 1.]
05-14 11:28:50.679 [DEBUG] [robojudo.policy.asap_policy] Loading mimic policy '20250109_231507-noDR_rand_history_loco_stand_height_noise-decoupled_locomotion-g1_29dof' from /home/nico/Code/asimovbm/g1_slam/third_party/RoboJuDo/assets/models/g1/asap/dec_loco/20250109_231507-noDR_rand_history_loco_stand_height_noise-decoupled_locomotion-g1_29dof/model_6600.onnx
05-14 11:28:50.694 [DEBUG] [robojudo.policy.base_policy] Initializing history buffer as 4 x 12
05-14 11:28:50.694 [DEBUG] [robojudo.tools.dof] [DoF] override default_pos with [-0.1, 0.0, 0.0, 0.3, -0.2, 0.0, -0.1, 0.0, 0.0, 0.3, -0.2, 0.0, 0.0, 0.0, 0.0, 0.0, 0.0, 0.0, 0.0, 0.0, 0.0, 0.0, 0.0, 0.0, 0.0, 0.0, 0.0, 0.0, 0.0]
05-14 11:28:50.695 [DEBUG] [robojudo.tools.dof] [DoF] override stiffness with [100, 100, 100, 200, 20, 20, 100, 100, 100, 200, 20, 20, 200, 200, 200, 40, 40, 40, 40, 20, 20, 20, 40, 40, 40, 40, 20, 20, 20]
05-14 11:28:50.695 [DEBUG] [robojudo.tools.dof] [DoF] override damping with [2.5, 2.5, 2.5, 5.0, 0.2, 0.1, 2.5, 2.5, 2.5, 5.0, 0.2, 0.1, 6.0, 6.0, 6.0, 2.0, 2.0, 2.0, 2.0, 2.0, 2.0, 2.0, 2.0, 2.0, 2.0, 2.0, 2.0, 2.0, 2.0]
05-14 11:28:50.695 [DEBUG] [robojudo.tools.dof] [DoF] override torque_limits with [88.0, 88.0, 88.0, 139.0, 50.0, 50.0, 88.0, 88.0, 88.0, 139.0, 50.0, 50.0, 200.0, 200.0, 200.0, 40.0, 40.0, 18.0, 18.0, 10.0, 10.0, 10.0, 40.0, 40.0, 18.0, 18.0, 10.0, 10.0, 10.0]
05-14 11:28:50.695 [DEBUG] [robojudo.tools.dof] [DoF] override position_limits with [[-2.5307, 2.8798], [-0.5236, 2.9671], [-2.7576, 2.7576], [-0.087267, 2.8798], [-0.87267, 0.5236], [-0.2618, 0.2618], [-2.5307, 2.8798], [-2.9671, 0.5236], [-2.7576, 2.7576], [-0.087267, 2.8798], [-0.87267, 0.5236], [-0.2618, 0.2618], [-2.618, 2.618], [-0.52, 0.52], [-0.52, 0.52], [-3.0892, 2.6704], [-1.5882, 2.2515], [-2.618, 2.618], [-1.0472, 2.0944], [-1.972222054, 1.972222054], [-1.614429558, 1.614429558], [-1.614429558, 1.614429558], [-3.0892, 2.6704], [-2.2515, 1.5882], [-2.618, 2.618], [-1.0472, 2.0944], [-1.972222054, 1.972222054], [-1.614429558, 1.614429558], [-1.614429558, 1.614429558]]
05-14 11:28:50.712 [INFO] [robojudo.pipeline.rl_pipeline] Pipeline reset
05-14 11:28:50.713 [DEBUG] [robojudo.policy.base_policy] Initializing history buffer as 4 x 12
05-14 11:28:50.713 [INFO] [robojudo.pipeline.rl_pipeline] Pipeline reset
05-14 11:28:50.713 [DEBUG] [robojudo.policy.base_policy] Initializing history buffer as 4 x 12
05-14 11:29:05.157 [DEBUG] [robojudo] ========== robojudo-1.5.0 init done ==========

05-14 11:29:05.159 [INFO] [robojudo.pipeline.base_pipeline] Using device: cpu
05-14 11:29:05.160 [INFO] [robojudo.utils.rotation] base set to pos: [0. 0. 0.], quat: [0. 0. 0. 1.]
05-14 11:29:05.762 [DEBUG] [robojudo.policy.asap_policy] Loading mimic policy '20250109_231507-noDR_rand_history_loco_stand_height_noise-decoupled_locomotion-g1_29dof' from /home/nico/Code/asimovbm/g1_slam/third_party/RoboJuDo/assets/models/g1/asap/dec_loco/20250109_231507-noDR_rand_history_loco_stand_height_noise-decoupled_locomotion-g1_29dof/model_6600.onnx
05-14 11:29:05.777 [DEBUG] [robojudo.policy.base_policy] Initializing history buffer as 4 x 12
05-14 11:29:05.777 [DEBUG] [robojudo.tools.dof] [DoF] override default_pos with [-0.1, 0.0, 0.0, 0.3, -0.2, 0.0, -0.1, 0.0, 0.0, 0.3, -0.2, 0.0, 0.0, 0.0, 0.0, 0.0, 0.0, 0.0, 0.0, 0.0, 0.0, 0.0, 0.0, 0.0, 0.0, 0.0, 0.0, 0.0, 0.0]
05-14 11:29:05.777 [DEBUG] [robojudo.tools.dof] [DoF] override stiffness with [100, 100, 100, 200, 20, 20, 100, 100, 100, 200, 20, 20, 200, 200, 200, 40, 40, 40, 40, 20, 20, 20, 40, 40, 40, 40, 20, 20, 20]
05-14 11:29:05.777 [DEBUG] [robojudo.tools.dof] [DoF] override damping with [2.5, 2.5, 2.5, 5.0, 0.2, 0.1, 2.5, 2.5, 2.5, 5.0, 0.2, 0.1, 6.0, 6.0, 6.0, 2.0, 2.0, 2.0, 2.0, 2.0, 2.0, 2.0, 2.0, 2.0, 2.0, 2.0, 2.0, 2.0, 2.0]
05-14 11:29:05.778 [DEBUG] [robojudo.tools.dof] [DoF] override torque_limits with [88.0, 88.0, 88.0, 139.0, 50.0, 50.0, 88.0, 88.0, 88.0, 139.0, 50.0, 50.0, 200.0, 200.0, 200.0, 40.0, 40.0, 18.0, 18.0, 10.0, 10.0, 10.0, 40.0, 40.0, 18.0, 18.0, 10.0, 10.0, 10.0]
05-14 11:29:05.778 [DEBUG] [robojudo.tools.dof] [DoF] override position_limits with [[-2.5307, 2.8798], [-0.5236, 2.9671], [-2.7576, 2.7576], [-0.087267, 2.8798], [-0.87267, 0.5236], [-0.2618, 0.2618], [-2.5307, 2.8798], [-2.9671, 0.5236], [-2.7576, 2.7576], [-0.087267, 2.8798], [-0.87267, 0.5236], [-0.2618, 0.2618], [-2.618, 2.618], [-0.52, 0.52], [-0.52, 0.52], [-3.0892, 2.6704], [-1.5882, 2.2515], [-2.618, 2.618], [-1.0472, 2.0944], [-1.972222054, 1.972222054], [-1.614429558, 1.614429558], [-1.614429558, 1.614429558], [-3.0892, 2.6704], [-2.2515, 1.5882], [-2.618, 2.618], [-1.0472, 2.0944], [-1.972222054, 1.972222054], [-1.614429558, 1.614429558], [-1.614429558, 1.614429558]]
05-14 11:29:05.791 [INFO] [robojudo.pipeline.rl_pipeline] Pipeline reset
05-14 11:29:05.794 [DEBUG] [robojudo.policy.base_policy] Initializing history buffer as 4 x 12
05-14 11:29:05.795 [INFO] [robojudo.pipeline.rl_pipeline] Pipeline reset
05-14 11:29:05.795 [DEBUG] [robojudo.policy.base_policy] Initializing history buffer as 4 x 12
05-14 11:29:22.771 [DEBUG] [robojudo] ========== robojudo-1.5.0 init done ==========

05-14 11:29:22.774 [INFO] [robojudo.pipeline.base_pipeline] Using device: cpu
05-14 11:29:22.775 [INFO] [robojudo.utils.rotation] base set to pos: [0. 0. 0.], quat: [0. 0. 0. 1.]
05-14 11:29:23.391 [DEBUG] [robojudo.policy.asap_policy] Loading mimic policy '20250109_231507-noDR_rand_history_loco_stand_height_noise-decoupled_locomotion-g1_29dof' from /home/nico/Code/asimovbm/g1_slam/third_party/RoboJuDo/assets/models/g1/asap/dec_loco/20250109_231507-noDR_rand_history_loco_stand_height_noise-decoupled_locomotion-g1_29dof/model_6600.onnx
05-14 11:29:23.406 [DEBUG] [robojudo.policy.base_policy] Initializing history buffer as 4 x 12
05-14 11:29:23.407 [DEBUG] [robojudo.tools.dof] [DoF] override default_pos with [-0.1, 0.0, 0.0, 0.3, -0.2, 0.0, -0.1, 0.0, 0.0, 0.3, -0.2, 0.0, 0.0, 0.0, 0.0, 0.0, 0.0, 0.0, 0.0, 0.0, 0.0, 0.0, 0.0, 0.0, 0.0, 0.0, 0.0, 0.0, 0.0]
05-14 11:29:23.407 [DEBUG] [robojudo.tools.dof] [DoF] override stiffness with [100, 100, 100, 200, 20, 20, 100, 100, 100, 200, 20, 20, 200, 200, 200, 40, 40, 40, 40, 20, 20, 20, 40, 40, 40, 40, 20, 20, 20]
05-14 11:29:23.407 [DEBUG] [robojudo.tools.dof] [DoF] override damping with [2.5, 2.5, 2.5, 5.0, 0.2, 0.1, 2.5, 2.5, 2.5, 5.0, 0.2, 0.1, 6.0, 6.0, 6.0, 2.0, 2.0, 2.0, 2.0, 2.0, 2.0, 2.0, 2.0, 2.0, 2.0, 2.0, 2.0, 2.0, 2.0]
05-14 11:29:23.408 [DEBUG] [robojudo.tools.dof] [DoF] override torque_limits with [88.0, 88.0, 88.0, 139.0, 50.0, 50.0, 88.0, 88.0, 88.0, 139.0, 50.0, 50.0, 200.0, 200.0, 200.0, 40.0, 40.0, 18.0, 18.0, 10.0, 10.0, 10.0, 40.0, 40.0, 18.0, 18.0, 10.0, 10.0, 10.0]
05-14 11:29:23.411 [DEBUG] [robojudo.tools.dof] [DoF] override position_limits with [[-2.5307, 2.8798], [-0.5236, 2.9671], [-2.7576, 2.7576], [-0.087267, 2.8798], [-0.87267, 0.5236], [-0.2618, 0.2618], [-2.5307, 2.8798], [-2.9671, 0.5236], [-2.7576, 2.7576], [-0.087267, 2.8798], [-0.87267, 0.5236], [-0.2618, 0.2618], [-2.618, 2.618], [-0.52, 0.52], [-0.52, 0.52], [-3.0892, 2.6704], [-1.5882, 2.2515], [-2.618, 2.618], [-1.0472, 2.0944], [-1.972222054, 1.972222054], [-1.614429558, 1.614429558], [-1.614429558, 1.614429558], [-3.0892, 2.6704], [-2.2515, 1.5882], [-2.618, 2.618], [-1.0472, 2.0944], [-1.972222054, 1.972222054], [-1.614429558, 1.614429558], [-1.614429558, 1.614429558]]
05-14 11:29:23.421 [INFO] [robojudo.pipeline.rl_pipeline] Pipeline reset
05-14 11:29:23.422 [DEBUG] [robojudo.policy.base_policy] Initializing history buffer as 4 x 12
05-14 11:29:23.422 [INFO] [robojudo.pipeline.rl_pipeline] Pipeline reset
05-14 11:29:23.422 [DEBUG] [robojudo.policy.base_policy] Initializing history buffer as 4 x 12
05-14 11:29:55.367 [DEBUG] [robojudo] ========== robojudo-1.5.0 init done ==========

05-14 11:29:55.370 [INFO] [robojudo.pipeline.base_pipeline] Using device: cpu
05-14 11:29:55.371 [INFO] [robojudo.utils.rotation] base set to pos: [0. 0. 0.], quat: [0. 0. 0. 1.]
05-14 11:29:55.979 [DEBUG] [robojudo.policy.asap_policy] Loading mimic policy '20250109_231507-noDR_rand_history_loco_stand_height_noise-decoupled_locomotion-g1_29dof' from /home/nico/Code/asimovbm/g1_slam/third_party/RoboJuDo/assets/models/g1/asap/dec_loco/20250109_231507-noDR_rand_history_loco_stand_height_noise-decoupled_locomotion-g1_29dof/model_6600.onnx
05-14 11:29:55.988 [DEBUG] [robojudo.policy.base_policy] Initializing history buffer as 4 x 12
05-14 11:29:55.989 [DEBUG] [robojudo.tools.dof] [DoF] override default_pos with [-0.1, 0.0, 0.0, 0.3, -0.2, 0.0, -0.1, 0.0, 0.0, 0.3, -0.2, 0.0, 0.0, 0.0, 0.0, 0.0, 0.0, 0.0, 0.0, 0.0, 0.0, 0.0, 0.0, 0.0, 0.0, 0.0, 0.0, 0.0, 0.0]
05-14 11:29:55.989 [DEBUG] [robojudo.tools.dof] [DoF] override stiffness with [100, 100, 100, 200, 20, 20, 100, 100, 100, 200, 20, 20, 200, 200, 200, 40, 40, 40, 40, 20, 20, 20, 40, 40, 40, 40, 20, 20, 20]
05-14 11:29:55.990 [DEBUG] [robojudo.tools.dof] [DoF] override damping with [2.5, 2.5, 2.5, 5.0, 0.2, 0.1, 2.5, 2.5, 2.5, 5.0, 0.2, 0.1, 6.0, 6.0, 6.0, 2.0, 2.0, 2.0, 2.0, 2.0, 2.0, 2.0, 2.0, 2.0, 2.0, 2.0, 2.0, 2.0, 2.0]
05-14 11:29:55.990 [DEBUG] [robojudo.tools.dof] [DoF] override torque_limits with [88.0, 88.0, 88.0, 139.0, 50.0, 50.0, 88.0, 88.0, 88.0, 139.0, 50.0, 50.0, 200.0, 200.0, 200.0, 40.0, 40.0, 18.0, 18.0, 10.0, 10.0, 10.0, 40.0, 40.0, 18.0, 18.0, 10.0, 10.0, 10.0]
05-14 11:29:55.990 [DEBUG] [robojudo.tools.dof] [DoF] override position_limits with [[-2.5307, 2.8798], [-0.5236, 2.9671], [-2.7576, 2.7576], [-0.087267, 2.8798], [-0.87267, 0.5236], [-0.2618, 0.2618], [-2.5307, 2.8798], [-2.9671, 0.5236], [-2.7576, 2.7576], [-0.087267, 2.8798], [-0.87267, 0.5236], [-0.2618, 0.2618], [-2.618, 2.618], [-0.52, 0.52], [-0.52, 0.52], [-3.0892, 2.6704], [-1.5882, 2.2515], [-2.618, 2.618], [-1.0472, 2.0944], [-1.972222054, 1.972222054], [-1.614429558, 1.614429558], [-1.614429558, 1.614429558], [-3.0892, 2.6704], [-2.2515, 1.5882], [-2.618, 2.618], [-1.0472, 2.0944], [-1.972222054, 1.972222054], [-1.614429558, 1.614429558], [-1.614429558, 1.614429558]]
05-14 11:29:55.998 [INFO] [robojudo.pipeline.rl_pipeline] Pipeline reset
05-14 11:29:55.998 [DEBUG] [robojudo.policy.base_policy] Initializing history buffer as 4 x 12
05-14 11:29:55.998 [INFO] [robojudo.pipeline.rl_pipeline] Pipeline reset
05-14 11:29:55.998 [DEBUG] [robojudo.policy.base_policy] Initializing history buffer as 4 x 12
05-14 11:30:10.971 [DEBUG] [robojudo] ========== robojudo-1.5.0 init done ==========

05-14 11:30:10.974 [INFO] [robojudo.pipeline.base_pipeline] Using device: cpu
05-14 11:30:10.975 [INFO] [robojudo.utils.rotation] base set to pos: [0. 0. 0.], quat: [0. 0. 0. 1.]
05-14 11:30:11.597 [DEBUG] [robojudo.policy.asap_policy] Loading mimic policy '20250109_231507-noDR_rand_history_loco_stand_height_noise-decoupled_locomotion-g1_29dof' from /home/nico/Code/asimovbm/g1_slam/third_party/RoboJuDo/assets/models/g1/asap/dec_loco/20250109_231507-noDR_rand_history_loco_stand_height_noise-decoupled_locomotion-g1_29dof/model_6600.onnx
05-14 11:30:11.612 [DEBUG] [robojudo.policy.base_policy] Initializing history buffer as 4 x 12
05-14 11:30:11.615 [DEBUG] [robojudo.tools.dof] [DoF] override default_pos with [-0.1, 0.0, 0.0, 0.3, -0.2, 0.0, -0.1, 0.0, 0.0, 0.3, -0.2, 0.0, 0.0, 0.0, 0.0, 0.0, 0.0, 0.0, 0.0, 0.0, 0.0, 0.0, 0.0, 0.0, 0.0, 0.0, 0.0, 0.0, 0.0]
05-14 11:30:11.615 [DEBUG] [robojudo.tools.dof] [DoF] override stiffness with [100, 100, 100, 200, 20, 20, 100, 100, 100, 200, 20, 20, 200, 200, 200, 40, 40, 40, 40, 20, 20, 20, 40, 40, 40, 40, 20, 20, 20]
05-14 11:30:11.615 [DEBUG] [robojudo.tools.dof] [DoF] override damping with [2.5, 2.5, 2.5, 5.0, 0.2, 0.1, 2.5, 2.5, 2.5, 5.0, 0.2, 0.1, 6.0, 6.0, 6.0, 2.0, 2.0, 2.0, 2.0, 2.0, 2.0, 2.0, 2.0, 2.0, 2.0, 2.0, 2.0, 2.0, 2.0]
05-14 11:30:11.615 [DEBUG] [robojudo.tools.dof] [DoF] override torque_limits with [88.0, 88.0, 88.0, 139.0, 50.0, 50.0, 88.0, 88.0, 88.0, 139.0, 50.0, 50.0, 200.0, 200.0, 200.0, 40.0, 40.0, 18.0, 18.0, 10.0, 10.0, 10.0, 40.0, 40.0, 18.0, 18.0, 10.0, 10.0, 10.0]
05-14 11:30:11.615 [DEBUG] [robojudo.tools.dof] [DoF] override position_limits with [[-2.5307, 2.8798], [-0.5236, 2.9671], [-2.7576, 2.7576], [-0.087267, 2.8798], [-0.87267, 0.5236], [-0.2618, 0.2618], [-2.5307, 2.8798], [-2.9671, 0.5236], [-2.7576, 2.7576], [-0.087267, 2.8798], [-0.87267, 0.5236], [-0.2618, 0.2618], [-2.618, 2.618], [-0.52, 0.52], [-0.52, 0.52], [-3.0892, 2.6704], [-1.5882, 2.2515], [-2.618, 2.618], [-1.0472, 2.0944], [-1.972222054, 1.972222054], [-1.614429558, 1.614429558], [-1.614429558, 1.614429558], [-3.0892, 2.6704], [-2.2515, 1.5882], [-2.618, 2.618], [-1.0472, 2.0944], [-1.972222054, 1.972222054], [-1.614429558, 1.614429558], [-1.614429558, 1.614429558]]
05-14 11:30:11.631 [INFO] [robojudo.pipeline.rl_pipeline] Pipeline reset
05-14 11:30:11.632 [DEBUG] [robojudo.policy.base_policy] Initializing history buffer as 4 x 12
05-14 11:30:11.633 [INFO] [robojudo.pipeline.rl_pipeline] Pipeline reset
05-14 11:30:11.633 [DEBUG] [robojudo.policy.base_policy] Initializing history buffer as 4 x 12
05-14 11:30:28.440 [DEBUG] [robojudo] ========== robojudo-1.5.0 init done ==========

05-14 11:30:28.443 [INFO] [robojudo.pipeline.base_pipeline] Using device: cpu
05-14 11:30:28.444 [INFO] [robojudo.utils.rotation] base set to pos: [0. 0. 0.], quat: [0. 0. 0. 1.]
05-14 11:30:29.060 [DEBUG] [robojudo.policy.asap_policy] Loading mimic policy '20250109_231507-noDR_rand_history_loco_stand_height_noise-decoupled_locomotion-g1_29dof' from /home/nico/Code/asimovbm/g1_slam/third_party/RoboJuDo/assets/models/g1/asap/dec_loco/20250109_231507-noDR_rand_history_loco_stand_height_noise-decoupled_locomotion-g1_29dof/model_6600.onnx
05-14 11:30:29.074 [DEBUG] [robojudo.policy.base_policy] Initializing history buffer as 4 x 12
05-14 11:30:29.075 [DEBUG] [robojudo.tools.dof] [DoF] override default_pos with [-0.1, 0.0, 0.0, 0.3, -0.2, 0.0, -0.1, 0.0, 0.0, 0.3, -0.2, 0.0, 0.0, 0.0, 0.0, 0.0, 0.0, 0.0, 0.0, 0.0, 0.0, 0.0, 0.0, 0.0, 0.0, 0.0, 0.0, 0.0, 0.0]
05-14 11:30:29.075 [DEBUG] [robojudo.tools.dof] [DoF] override stiffness with [100, 100, 100, 200, 20, 20, 100, 100, 100, 200, 20, 20, 200, 200, 200, 40, 40, 40, 40, 20, 20, 20, 40, 40, 40, 40, 20, 20, 20]
05-14 11:30:29.075 [DEBUG] [robojudo.tools.dof] [DoF] override damping with [2.5, 2.5, 2.5, 5.0, 0.2, 0.1, 2.5, 2.5, 2.5, 5.0, 0.2, 0.1, 6.0, 6.0, 6.0, 2.0, 2.0, 2.0, 2.0, 2.0, 2.0, 2.0, 2.0, 2.0, 2.0, 2.0, 2.0, 2.0, 2.0]
05-14 11:30:29.076 [DEBUG] [robojudo.tools.dof] [DoF] override torque_limits with [88.0, 88.0, 88.0, 139.0, 50.0, 50.0, 88.0, 88.0, 88.0, 139.0, 50.0, 50.0, 200.0, 200.0, 200.0, 40.0, 40.0, 18.0, 18.0, 10.0, 10.0, 10.0, 40.0, 40.0, 18.0, 18.0, 10.0, 10.0, 10.0]
05-14 11:30:29.076 [DEBUG] [robojudo.tools.dof] [DoF] override position_limits with [[-2.5307, 2.8798], [-0.5236, 2.9671], [-2.7576, 2.7576], [-0.087267, 2.8798], [-0.87267, 0.5236], [-0.2618, 0.2618], [-2.5307, 2.8798], [-2.9671, 0.5236], [-2.7576, 2.7576], [-0.087267, 2.8798], [-0.87267, 0.5236], [-0.2618, 0.2618], [-2.618, 2.618], [-0.52, 0.52], [-0.52, 0.52], [-3.0892, 2.6704], [-1.5882, 2.2515], [-2.618, 2.618], [-1.0472, 2.0944], [-1.972222054, 1.972222054], [-1.614429558, 1.614429558], [-1.614429558, 1.614429558], [-3.0892, 2.6704], [-2.2515, 1.5882], [-2.618, 2.618], [-1.0472, 2.0944], [-1.972222054, 1.972222054], [-1.614429558, 1.614429558], [-1.614429558, 1.614429558]]
05-14 11:30:29.092 [INFO] [robojudo.pipeline.rl_pipeline] Pipeline reset
05-14 11:30:29.093 [DEBUG] [robojudo.policy.base_policy] Initializing history buffer as 4 x 12
05-14 11:30:29.093 [INFO] [robojudo.pipeline.rl_pipeline] Pipeline reset
05-14 11:30:29.093 [DEBUG] [robojudo.policy.base_policy] Initializing history buffer as 4 x 12
05-14 11:31:03.173 [DEBUG] [robojudo] ========== robojudo-1.5.0 init done ==========

05-14 11:31:03.176 [INFO] [robojudo.pipeline.base_pipeline] Using device: cpu
05-14 11:31:03.177 [INFO] [robojudo.utils.rotation] base set to pos: [0. 0. 0.], quat: [0. 0. 0. 1.]
05-14 11:31:03.791 [DEBUG] [robojudo.policy.asap_policy] Loading mimic policy '20250109_231507-noDR_rand_history_loco_stand_height_noise-decoupled_locomotion-g1_29dof' from /home/nico/Code/asimovbm/g1_slam/third_party/RoboJuDo/assets/models/g1/asap/dec_loco/20250109_231507-noDR_rand_history_loco_stand_height_noise-decoupled_locomotion-g1_29dof/model_6600.onnx
05-14 11:31:03.808 [DEBUG] [robojudo.policy.base_policy] Initializing history buffer as 4 x 12
05-14 11:31:03.809 [DEBUG] [robojudo.tools.dof] [DoF] override default_pos with [-0.1, 0.0, 0.0, 0.3, -0.2, 0.0, -0.1, 0.0, 0.0, 0.3, -0.2, 0.0, 0.0, 0.0, 0.0, 0.0, 0.0, 0.0, 0.0, 0.0, 0.0, 0.0, 0.0, 0.0, 0.0, 0.0, 0.0, 0.0, 0.0]
05-14 11:31:03.809 [DEBUG] [robojudo.tools.dof] [DoF] override stiffness with [100, 100, 100, 200, 20, 20, 100, 100, 100, 200, 20, 20, 200, 200, 200, 40, 40, 40, 40, 20, 20, 20, 40, 40, 40, 40, 20, 20, 20]
05-14 11:31:03.809 [DEBUG] [robojudo.tools.dof] [DoF] override damping with [2.5, 2.5, 2.5, 5.0, 0.2, 0.1, 2.5, 2.5, 2.5, 5.0, 0.2, 0.1, 6.0, 6.0, 6.0, 2.0, 2.0, 2.0, 2.0, 2.0, 2.0, 2.0, 2.0, 2.0, 2.0, 2.0, 2.0, 2.0, 2.0]
05-14 11:31:03.809 [DEBUG] [robojudo.tools.dof] [DoF] override torque_limits with [88.0, 88.0, 88.0, 139.0, 50.0, 50.0, 88.0, 88.0, 88.0, 139.0, 50.0, 50.0, 200.0, 200.0, 200.0, 40.0, 40.0, 18.0, 18.0, 10.0, 10.0, 10.0, 40.0, 40.0, 18.0, 18.0, 10.0, 10.0, 10.0]
05-14 11:31:03.809 [DEBUG] [robojudo.tools.dof] [DoF] override position_limits with [[-2.5307, 2.8798], [-0.5236, 2.9671], [-2.7576, 2.7576], [-0.087267, 2.8798], [-0.87267, 0.5236], [-0.2618, 0.2618], [-2.5307, 2.8798], [-2.9671, 0.5236], [-2.7576, 2.7576], [-0.087267, 2.8798], [-0.87267, 0.5236], [-0.2618, 0.2618], [-2.618, 2.618], [-0.52, 0.52], [-0.52, 0.52], [-3.0892, 2.6704], [-1.5882, 2.2515], [-2.618, 2.618], [-1.0472, 2.0944], [-1.972222054, 1.972222054], [-1.614429558, 1.614429558], [-1.614429558, 1.614429558], [-3.0892, 2.6704], [-2.2515, 1.5882], [-2.618, 2.618], [-1.0472, 2.0944], [-1.972222054, 1.972222054], [-1.614429558, 1.614429558], [-1.614429558, 1.614429558]]
05-14 11:31:03.821 [INFO] [robojudo.pipeline.rl_pipeline] Pipeline reset
05-14 11:31:03.822 [DEBUG] [robojudo.policy.base_policy] Initializing history buffer as 4 x 12
05-14 11:31:03.822 [INFO] [robojudo.pipeline.rl_pipeline] Pipeline reset
05-14 11:31:03.822 [DEBUG] [robojudo.policy.base_policy] Initializing history buffer as 4 x 12
05-14 11:31:19.768 [DEBUG] [robojudo] ========== robojudo-1.5.0 init done ==========

05-14 11:31:19.771 [INFO] [robojudo.pipeline.base_pipeline] Using device: cpu
05-14 11:31:19.772 [INFO] [robojudo.utils.rotation] base set to pos: [0. 0. 0.], quat: [0. 0. 0. 1.]
05-14 11:31:20.389 [DEBUG] [robojudo.policy.asap_policy] Loading mimic policy '20250109_231507-noDR_rand_history_loco_stand_height_noise-decoupled_locomotion-g1_29dof' from /home/nico/Code/asimovbm/g1_slam/third_party/RoboJuDo/assets/models/g1/asap/dec_loco/20250109_231507-noDR_rand_history_loco_stand_height_noise-decoupled_locomotion-g1_29dof/model_6600.onnx
05-14 11:31:20.400 [DEBUG] [robojudo.policy.base_policy] Initializing history buffer as 4 x 12
05-14 11:31:20.401 [DEBUG] [robojudo.tools.dof] [DoF] override default_pos with [-0.1, 0.0, 0.0, 0.3, -0.2, 0.0, -0.1, 0.0, 0.0, 0.3, -0.2, 0.0, 0.0, 0.0, 0.0, 0.0, 0.0, 0.0, 0.0, 0.0, 0.0, 0.0, 0.0, 0.0, 0.0, 0.0, 0.0, 0.0, 0.0]
05-14 11:31:20.401 [DEBUG] [robojudo.tools.dof] [DoF] override stiffness with [100, 100, 100, 200, 20, 20, 100, 100, 100, 200, 20, 20, 200, 200, 200, 40, 40, 40, 40, 20, 20, 20, 40, 40, 40, 40, 20, 20, 20]
05-14 11:31:20.402 [DEBUG] [robojudo.tools.dof] [DoF] override damping with [2.5, 2.5, 2.5, 5.0, 0.2, 0.1, 2.5, 2.5, 2.5, 5.0, 0.2, 0.1, 6.0, 6.0, 6.0, 2.0, 2.0, 2.0, 2.0, 2.0, 2.0, 2.0, 2.0, 2.0, 2.0, 2.0, 2.0, 2.0, 2.0]
05-14 11:31:20.402 [DEBUG] [robojudo.tools.dof] [DoF] override torque_limits with [88.0, 88.0, 88.0, 139.0, 50.0, 50.0, 88.0, 88.0, 88.0, 139.0, 50.0, 50.0, 200.0, 200.0, 200.0, 40.0, 40.0, 18.0, 18.0, 10.0, 10.0, 10.0, 40.0, 40.0, 18.0, 18.0, 10.0, 10.0, 10.0]
05-14 11:31:20.403 [DEBUG] [robojudo.tools.dof] [DoF] override position_limits with [[-2.5307, 2.8798], [-0.5236, 2.9671], [-2.7576, 2.7576], [-0.087267, 2.8798], [-0.87267, 0.5236], [-0.2618, 0.2618], [-2.5307, 2.8798], [-2.9671, 0.5236], [-2.7576, 2.7576], [-0.087267, 2.8798], [-0.87267, 0.5236], [-0.2618, 0.2618], [-2.618, 2.618], [-0.52, 0.52], [-0.52, 0.52], [-3.0892, 2.6704], [-1.5882, 2.2515], [-2.618, 2.618], [-1.0472, 2.0944], [-1.972222054, 1.972222054], [-1.614429558, 1.614429558], [-1.614429558, 1.614429558], [-3.0892, 2.6704], [-2.2515, 1.5882], [-2.618, 2.618], [-1.0472, 2.0944], [-1.972222054, 1.972222054], [-1.614429558, 1.614429558], [-1.614429558, 1.614429558]]
05-14 11:31:20.411 [INFO] [robojudo.pipeline.rl_pipeline] Pipeline reset
05-14 11:31:20.411 [DEBUG] [robojudo.policy.base_policy] Initializing history buffer as 4 x 12
05-14 11:31:20.411 [INFO] [robojudo.pipeline.rl_pipeline] Pipeline reset
05-14 11:31:20.411 [DEBUG] [robojudo.policy.base_policy] Initializing history buffer as 4 x 12
05-14 11:31:37.801 [DEBUG] [robojudo] ========== robojudo-1.5.0 init done ==========

05-14 11:31:37.805 [INFO] [robojudo.pipeline.base_pipeline] Using device: cpu
05-14 11:31:37.806 [INFO] [robojudo.utils.rotation] base set to pos: [0. 0. 0.], quat: [0. 0. 0. 1.]
05-14 11:31:38.421 [DEBUG] [robojudo.policy.asap_policy] Loading mimic policy '20250109_231507-noDR_rand_history_loco_stand_height_noise-decoupled_locomotion-g1_29dof' from /home/nico/Code/asimovbm/g1_slam/third_party/RoboJuDo/assets/models/g1/asap/dec_loco/20250109_231507-noDR_rand_history_loco_stand_height_noise-decoupled_locomotion-g1_29dof/model_6600.onnx
05-14 11:31:38.430 [DEBUG] [robojudo.policy.base_policy] Initializing history buffer as 4 x 12
05-14 11:31:38.430 [DEBUG] [robojudo.tools.dof] [DoF] override default_pos with [-0.1, 0.0, 0.0, 0.3, -0.2, 0.0, -0.1, 0.0, 0.0, 0.3, -0.2, 0.0, 0.0, 0.0, 0.0, 0.0, 0.0, 0.0, 0.0, 0.0, 0.0, 0.0, 0.0, 0.0, 0.0, 0.0, 0.0, 0.0, 0.0]
05-14 11:31:38.431 [DEBUG] [robojudo.tools.dof] [DoF] override stiffness with [100, 100, 100, 200, 20, 20, 100, 100, 100, 200, 20, 20, 200, 200, 200, 40, 40, 40, 40, 20, 20, 20, 40, 40, 40, 40, 20, 20, 20]
05-14 11:31:38.431 [DEBUG] [robojudo.tools.dof] [DoF] override damping with [2.5, 2.5, 2.5, 5.0, 0.2, 0.1, 2.5, 2.5, 2.5, 5.0, 0.2, 0.1, 6.0, 6.0, 6.0, 2.0, 2.0, 2.0, 2.0, 2.0, 2.0, 2.0, 2.0, 2.0, 2.0, 2.0, 2.0, 2.0, 2.0]
05-14 11:31:38.431 [DEBUG] [robojudo.tools.dof] [DoF] override torque_limits with [88.0, 88.0, 88.0, 139.0, 50.0, 50.0, 88.0, 88.0, 88.0, 139.0, 50.0, 50.0, 200.0, 200.0, 200.0, 40.0, 40.0, 18.0, 18.0, 10.0, 10.0, 10.0, 40.0, 40.0, 18.0, 18.0, 10.0, 10.0, 10.0]
05-14 11:31:38.432 [DEBUG] [robojudo.tools.dof] [DoF] override position_limits with [[-2.5307, 2.8798], [-0.5236, 2.9671], [-2.7576, 2.7576], [-0.087267, 2.8798], [-0.87267, 0.5236], [-0.2618, 0.2618], [-2.5307, 2.8798], [-2.9671, 0.5236], [-2.7576, 2.7576], [-0.087267, 2.8798], [-0.87267, 0.5236], [-0.2618, 0.2618], [-2.618, 2.618], [-0.52, 0.52], [-0.52, 0.52], [-3.0892, 2.6704], [-1.5882, 2.2515], [-2.618, 2.618], [-1.0472, 2.0944], [-1.972222054, 1.972222054], [-1.614429558, 1.614429558], [-1.614429558, 1.614429558], [-3.0892, 2.6704], [-2.2515, 1.5882], [-2.618, 2.618], [-1.0472, 2.0944], [-1.972222054, 1.972222054], [-1.614429558, 1.614429558], [-1.614429558, 1.614429558]]
05-14 11:31:38.440 [INFO] [robojudo.pipeline.rl_pipeline] Pipeline reset
05-14 11:31:38.440 [DEBUG] [robojudo.policy.base_policy] Initializing history buffer as 4 x 12
05-14 11:31:38.441 [INFO] [robojudo.pipeline.rl_pipeline] Pipeline reset
05-14 11:31:38.441 [DEBUG] [robojudo.policy.base_policy] Initializing history buffer as 4 x 12
